{
    "providers": [
        {
			"type": "bitmap",
			"file": "hud:effects.png",
			"ascent": -43,
			"height": 21,
			"chars": [
				"\uF001\uF002\uF003\uF004\uF005\uF006\uF007\uF008",
				"\uF011\uF012\uF013\uF014\uF015\uF016\uF017\uF018",
				"\uF021\uF022\uF023\uF024\uF025\uF026\uF027\uF028",
				"\uF031\uF032\uF033\uF034\uF035\uF036\uF037\uF038",
				"\uF041\uF042\uF043\uF044\uF045\uF046\uF047\uF048",
				"\uF051\uF052\uF053\uF054\uF055\uF056\uF057\uF058"
			]
		},{
			"type": "bitmap",
			"file": "minecraft:misc/effects_old.png",
			"ascent": -43,
			"height": 21,
			"chars": [
				"\uF081\uF082\uF083",
				"\uF091\uF092\uF093"
			]
		},
        {
            "type": "bitmap",
            "file": "space:font/space_nosplit.png",
            "ascent": -32768,
            "height": -6,
            "chars": [
                ","
            ]
        },
        {
            "type": "bitmap",
            "file": "minecraft:font/actionbar.png",
            "ascent": 11,
            "height": 15,
            "chars": [
                "\uF100"
            ]
        },
        {
            "type": "bitmap",
            "file": "minecraft:font/action_mp.png",
            "ascent": 11,
            "height": 15,
            "chars": [
                "\uF101"
            ]
        },
        {
            "type": "bitmap",
            "file": "minecraft:font/action_ch.png",
            "ascent": 11,
            "height": 15,
            "chars": [
                "\uF102"
            ]
        },
        {
            "type": "bitmap",
            "file": "minecraft:font/action_wl.png",
            "ascent": 11,
            "height": 15,
            "chars": [
                "\uF103"
            ]
        },
        {
            "type": "bitmap",
            "file": "minecraft:font/action_ml.png",
            "ascent": 11,
            "height": 15,
            "chars": [
                "\uF104"
            ]
        },
        {
            "type": "bitmap",
            "file": "minecraft:font/action_mp_j.png",
            "ascent": 11,
            "height": 15,
            "chars": [
                "\uF111"
            ]
        },
        {
            "type": "bitmap",
            "file": "minecraft:font/action_ch_j.png",
            "ascent": 11,
            "height": 15,
            "chars": [
                "\uF112"
            ]
        },
        {
            "type": "bitmap",
            "file": "minecraft:font/action_wl_j.png",
            "ascent": 11,
            "height": 15,
            "chars": [
                "\uF113"
            ]
        },
        {
            "type": "bitmap",
            "file": "minecraft:font/action_ml_j.png",
            "ascent": 11,
            "height": 15,
            "chars": [
                "\uF114"
            ]
        },
        {
            "type": "bitmap",
            "file": "minecraft:font/action_mp_e.png",
            "ascent": 11,
            "height": 15,
            "chars": [
                "\uF121"
            ]
        },
        {
            "type": "bitmap",
            "file": "minecraft:font/action_ch_e.png",
            "ascent": 11,
            "height": 15,
            "chars": [
                "\uF122"
            ]
        },
        {
            "type": "bitmap",
            "file": "minecraft:font/action_wl_e.png",
            "ascent": 11,
            "height": 15,
            "chars": [
                "\uF123"
            ]
        },
        {
            "type": "bitmap",
            "file": "minecraft:font/action_ml_e.png",
            "ascent": 11,
            "height": 15,
            "chars": [
                "\uF124"
            ]
        },
        {
            "type": "bitmap",
            "file": "minecraft:font/red_l0.png",
            "ascent": 1024,
            "height": 2048,
            "chars": [
                "\uEfa0"
            ]
        },
        {
            "type": "bitmap",
            "file": "minecraft:font/red_l1.png",
            "ascent": 1024,
            "height": 2048,
            "chars": [
                "\uEfa1"
            ]
        },
        {
            "type": "bitmap",
            "file": "minecraft:font/red_l2.png",
            "ascent": 1024,
            "height": 2048,
            "chars": [
                "\uEfa2"
            ]
        },
        {
            "type": "bitmap",
            "file": "minecraft:font/red_l3.png",
            "ascent": 1024,
            "height": 2048,
            "chars": [
                "\uEfa3"
            ]
        },
        {
            "type": "bitmap",
            "file": "minecraft:font/red_l4.png",
            "ascent": 1024,
            "height": 2048,
            "chars": [
                "\uEfa4"
            ]
        },
        {
            "type": "bitmap",
            "file": "minecraft:font/red_l5.png",
            "ascent": 1024,
            "height": 2048,
            "chars": [
                "\uEfa5"
            ]
        },
        {
            "type": "bitmap",
            "file": "minecraft:font/red_l6.png",
            "ascent": 1024,
            "height": 2048,
            "chars": [
                "\uEfa6"
            ]
        },
        {
            "type": "bitmap",
            "file": "minecraft:font/red_l7.png",
            "ascent": 1024,
            "height": 2048,
            "chars": [
                "\uEfa7"
            ]
        },
        {
            "type": "bitmap",
            "file": "minecraft:font/red_l8.png",
            "ascent": 1024,
            "height": 2048,
            "chars": [
                "\uEfa8"
            ]
        },
        {
            "type": "bitmap",
            "file": "minecraft:font/red_l9.png",
            "ascent": 1024,
            "height": 2048,
            "chars": [
                "\uEfa9"
            ]
        },
        {
            "type": "bitmap",
            "file": "minecraft:font/red_l10.png",
            "ascent": 1024,
            "height": 2048,
            "chars": [
                "\uEfaa"
            ]
        },
        {
            "type": "bitmap",
            "file": "minecraft:font/red_r0.png",
            "ascent": 1024,
            "height": 2048,
            "chars": [
                "\uEfb0"
            ]
        },
        {
            "type": "bitmap",
            "file": "minecraft:font/red_r1.png",
            "ascent": 1024,
            "height": 2048,
            "chars": [
                "\uEfb1"
            ]
        },
        {
            "type": "bitmap",
            "file": "minecraft:font/red_r2.png",
            "ascent": 1024,
            "height": 2048,
            "chars": [
                "\uEfb2"
            ]
        },
        {
            "type": "bitmap",
            "file": "minecraft:font/red_r3.png",
            "ascent": 1024,
            "height": 2048,
            "chars": [
                "\uEfb3"
            ]
        },
        {
            "type": "bitmap",
            "file": "minecraft:font/red_r4.png",
            "ascent": 1024,
            "height": 2048,
            "chars": [
                "\uEfb4"
            ]
        },
        {
            "type": "bitmap",
            "file": "minecraft:font/red_r5.png",
            "ascent": 1024,
            "height": 2048,
            "chars": [
                "\uEfb5"
            ]
        },
        {
            "type": "bitmap",
            "file": "minecraft:font/red_r6.png",
            "ascent": 1024,
            "height": 2048,
            "chars": [
                "\uEfb6"
            ]
        },
        {
            "type": "bitmap",
            "file": "minecraft:font/red_r7.png",
            "ascent": 1024,
            "height": 2048,
            "chars": [
                "\uEfb7"
            ]
        },
        {
            "type": "bitmap",
            "file": "minecraft:font/red_r8.png",
            "ascent": 1024,
            "height": 2048,
            "chars": [
                "\uEfb8"
            ]
        },
        {
            "type": "bitmap",
            "file": "minecraft:font/red_r9.png",
            "ascent": 1024,
            "height": 2048,
            "chars": [
                "\uEfb9"
            ]
        },
        {
            "type": "bitmap",
            "file": "minecraft:font/red_r10.png",
            "ascent": 1024,
            "height": 2048,
            "chars": [
                "\uEfba"
            ]
        },
        {
            "type": "bitmap",
            "file": "space:font/space_split.png",
            "ascent": -32768,
            "height": -3,
            "chars": [
                "\uF801"
            ]
        },
        {
            "type": "bitmap",
            "file": "space:font/space_split.png",
            "ascent": -32768,
            "height": -4,
            "chars": [
                "\uF802"
            ]
        },
        {
            "type": "bitmap",
            "file": "space:font/space_split.png",
            "ascent": -32768,
            "height": -5,
            "chars": [
                "\uF803"
            ]
        },
        {
            "type": "bitmap",
            "file": "space:font/space_split.png",
            "ascent": -32768,
            "height": -6,
            "chars": [
                "\uF804"
            ]
        },
        {
            "type": "bitmap",
            "file": "space:font/space_split.png",
            "ascent": -32768,
            "height": -7,
            "chars": [
                "\uF805"
            ]
        },
        {
            "type": "bitmap",
            "file": "space:font/space_split.png",
            "ascent": -32768,
            "height": -8,
            "chars": [
                "\uF806"
            ]
        },
        {
            "type": "bitmap",
            "file": "space:font/space_split.png",
            "ascent": -32768,
            "height": -9,
            "chars": [
                "\uF807"
            ]
        },
        {
            "type": "bitmap",
            "file": "space:font/space_split.png",
            "ascent": -32768,
            "height": -10,
            "chars": [
                "\uF808"
            ]
        },
        {
            "type": "bitmap",
            "file": "space:font/space_split.png",
            "ascent": -32768,
            "height": -18,
            "chars": [
                "\uF809"
            ]
        },
        {
            "type": "bitmap",
            "file": "space:font/space_split.png",
            "ascent": -32768,
            "height": -34,
            "chars": [
                "\uF80A"
            ]
        },
        {
            "type": "bitmap",
            "file": "space:font/space_split.png",
            "ascent": -32768,
            "height": -66,
            "chars": [
                "\uF80B"
            ]
        },
        {
            "type": "bitmap",
            "file": "space:font/space_split.png",
            "ascent": -32768,
            "height": -130,
            "chars": [
                "\uF80C"
            ]
        },
        {
            "type": "bitmap",
            "file": "space:font/space_split.png",
            "ascent": -32768,
            "height": -258,
            "chars": [
                "\uF80D"
            ]
        },
        {
            "type": "bitmap",
            "file": "space:font/space_split.png",
            "ascent": -32768,
            "height": -514,
            "chars": [
                "\uF80E"
            ]
        },
        {
            "type": "bitmap",
            "file": "space:font/space_split.png",
            "ascent": -32768,
            "height": -1026,
            "chars": [
                "\uF80F"
            ]
        },
        {
            "type": "bitmap",
            "file": "space:font/space_split.png",
            "ascent": -65536,
            "height": -32770,
            "chars": [
                "\uF800"
            ]
        },
        {
            "type": "bitmap",
            "file": "space:font/space_split.png",
            "ascent": -32768,
            "height": 0,
            "chars": [
                "\uF821"
            ]
        },
        {
            "type": "bitmap",
            "file": "space:font/space_split.png",
            "ascent": -32768,
            "height": 1,
            "chars": [
                "\uF822"
            ]
        },
        {
            "type": "bitmap",
            "file": "space:font/space_split.png",
            "ascent": -32768,
            "height": 2,
            "chars": [
                "\uF823"
            ]
        },
        {
            "type": "bitmap",
            "file": "space:font/space_split.png",
            "ascent": -32768,
            "height": 3,
            "chars": [
                "\uF824"
            ]
        },
        {
            "type": "bitmap",
            "file": "space:font/space_split.png",
            "ascent": -32768,
            "height": 4,
            "chars": [
                "\uF825"
            ]
        },
        {
            "type": "bitmap",
            "file": "space:font/space_split.png",
            "ascent": -32768,
            "height": 5,
            "chars": [
                "\uF826"
            ]
        },
        {
            "type": "bitmap",
            "file": "space:font/space_split.png",
            "ascent": -32768,
            "height": 6,
            "chars": [
                "\uF827"
            ]
        },
        {
            "type": "bitmap",
            "file": "space:font/space_split.png",
            "ascent": -32768,
            "height": 7,
            "chars": [
                "\uF828"
            ]
        },
        {
            "type": "bitmap",
            "file": "space:font/space_split.png",
            "ascent": -32768,
            "height": 15,
            "chars": [
                "\uF829"
            ]
        },
        {
            "type": "bitmap",
            "file": "space:font/space_split.png",
            "ascent": -32768,
            "height": 31,
            "chars": [
                "\uF82A"
            ]
        },
        {
            "type": "bitmap",
            "file": "space:font/space_split.png",
            "ascent": -32768,
            "height": 63,
            "chars": [
                "\uF82B"
            ]
        },
        {
            "type": "bitmap",
            "file": "space:font/space_split.png",
            "ascent": -32768,
            "height": 127,
            "chars": [
                "\uF82C"
            ]
        },
        {
            "type": "bitmap",
            "file": "space:font/space_split.png",
            "ascent": -32768,
            "height": 255,
            "chars": [
                "\uF82D"
            ]
        },
        {
            "type": "bitmap",
            "file": "space:font/space_split.png",
            "ascent": -32768,
            "height": 511,
            "chars": [
                "\uF82E"
            ]
        },
        {
            "type": "bitmap",
            "file": "space:font/space_split.png",
            "ascent": -32768,
            "height": 1023,
            "chars": [
                "\uF82F"
            ]
        },
        {
            "type": "bitmap",
            "file": "space:font/space_split.png",
            "ascent": -65536,
            "height": 32767,
            "chars": [
                "\uF820"
            ]
        },
        {
            "type": "bitmap",
            "file": "space:font/space_nosplit.png",
            "ascent": -32768,
            "height": -3,
            "chars": [
                "\uF811"
            ]
        },
        {
            "type": "bitmap",
            "file": "space:font/space_nosplit.png",
            "ascent": -32768,
            "height": -4,
            "chars": [
                "\uF812"
            ]
        },
        {
            "type": "bitmap",
            "file": "space:font/space_nosplit.png",
            "ascent": -32768,
            "height": -5,
            "chars": [
                "\uF813"
            ]
        },
        {
            "type": "bitmap",
            "file": "space:font/space_nosplit.png",
            "ascent": -32768,
            "height": -6,
            "chars": [
                "\uF814"
            ]
        },
        {
            "type": "bitmap",
            "file": "space:font/space_nosplit.png",
            "ascent": -32768,
            "height": -7,
            "chars": [
                "\uF815"
            ]
        },
        {
            "type": "bitmap",
            "file": "space:font/space_nosplit.png",
            "ascent": -32768,
            "height": -8,
            "chars": [
                "\uF816"
            ]
        },
        {
            "type": "bitmap",
            "file": "space:font/space_nosplit.png",
            "ascent": -32768,
            "height": -9,
            "chars": [
                "\uF817"
            ]
        },
        {
            "type": "bitmap",
            "file": "space:font/space_nosplit.png",
            "ascent": -32768,
            "height": -10,
            "chars": [
                "\uF818"
            ]
        },
        {
            "type": "bitmap",
            "file": "space:font/space_nosplit.png",
            "ascent": -32768,
            "height": -18,
            "chars": [
                "\uF819"
            ]
        },
        {
            "type": "bitmap",
            "file": "space:font/space_nosplit.png",
            "ascent": -32768,
            "height": -34,
            "chars": [
                "\uF81A"
            ]
        },
        {
            "type": "bitmap",
            "file": "space:font/space_nosplit.png",
            "ascent": -32768,
            "height": -66,
            "chars": [
                "\uF81B"
            ]
        },
        {
            "type": "bitmap",
            "file": "space:font/space_nosplit.png",
            "ascent": -32768,
            "height": -130,
            "chars": [
                "\uF81C"
            ]
        },
        {
            "type": "bitmap",
            "file": "space:font/space_nosplit.png",
            "ascent": -32768,
            "height": -258,
            "chars": [
                "\uF81D"
            ]
        },
        {
            "type": "bitmap",
            "file": "space:font/space_nosplit.png",
            "ascent": -32768,
            "height": -514,
            "chars": [
                "\uF81E"
            ]
        },
        {
            "type": "bitmap",
            "file": "space:font/space_nosplit.png",
            "ascent": -32768,
            "height": -1026,
            "chars": [
                "\uF81F"
            ]
        },
        {
            "type": "bitmap",
            "file": "space:font/space_nosplit.png",
            "ascent": -65536,
            "height": -32770,
            "chars": [
                "\uF810"
            ]
        },
        {
            "type": "bitmap",
            "file": "space:font/space_nosplit.png",
            "ascent": -32768,
            "height": 0,
            "chars": [
                "\uF831"
            ]
        },
        {
            "type": "bitmap",
            "file": "space:font/space_nosplit.png",
            "ascent": -32768,
            "height": 1,
            "chars": [
                "\uF832"
            ]
        },
        {
            "type": "bitmap",
            "file": "space:font/space_nosplit.png",
            "ascent": -32768,
            "height": 2,
            "chars": [
                "\uF833"
            ]
        },
        {
            "type": "bitmap",
            "file": "space:font/space_nosplit.png",
            "ascent": -32768,
            "height": 3,
            "chars": [
                "\uF834"
            ]
        },
        {
            "type": "bitmap",
            "file": "space:font/space_nosplit.png",
            "ascent": -32768,
            "height": 4,
            "chars": [
                "\uF835"
            ]
        },
        {
            "type": "bitmap",
            "file": "space:font/space_nosplit.png",
            "ascent": -32768,
            "height": 5,
            "chars": [
                "\uF836"
            ]
        },
        {
            "type": "bitmap",
            "file": "space:font/space_nosplit.png",
            "ascent": -32768,
            "height": 6,
            "chars": [
                "\uF837"
            ]
        },
        {
            "type": "bitmap",
            "file": "space:font/space_nosplit.png",
            "ascent": -32768,
            "height": 7,
            "chars": [
                "\uF838"
            ]
        },
        {
            "type": "bitmap",
            "file": "space:font/space_nosplit.png",
            "ascent": -32768,
            "height": 15,
            "chars": [
                "\uF839"
            ]
        },
        {
            "type": "bitmap",
            "file": "space:font/space_nosplit.png",
            "ascent": -32768,
            "height": 31,
            "chars": [
                "\uF83A"
            ]
        },
        {
            "type": "bitmap",
            "file": "space:font/space_nosplit.png",
            "ascent": -32768,
            "height": 63,
            "chars": [
                "\uF83B"
            ]
        },
        {
            "type": "bitmap",
            "file": "space:font/space_nosplit.png",
            "ascent": -32768,
            "height": 127,
            "chars": [
                "\uF83C"
            ]
        },
        {
            "type": "bitmap",
            "file": "space:font/space_nosplit.png",
            "ascent": -32768,
            "height": 255,
            "chars": [
                "\uF83D"
            ]
        },
        {
            "type": "bitmap",
            "file": "space:font/space_nosplit.png",
            "ascent": -32768,
            "height": 511,
            "chars": [
                "\uF83E"
            ]
        },
        {
            "type": "bitmap",
            "file": "space:font/space_nosplit.png",
            "ascent": -32768,
            "height": 1023,
            "chars": [
                "\uF83F"
            ]
        },
        {
            "type": "bitmap",
            "file": "space:font/space_nosplit.png",
            "ascent": -65536,
            "height": 32767,
            "chars": [
                "\uF830"
            ]
        }
    ]
}