{
	"providers": [
		{"type": "bitmap","file": "space:font/space_nosplit.png","ascent": -32768,"height": -7,"chars": ["0"]},
		{"type": "bitmap","file": "space:font/space_nosplit.png","ascent": -32768,"height": -7,"chars": ["1"]},
		{"type": "bitmap","file": "space:font/space_nosplit.png","ascent": -32768,"height": -7,"chars": ["2"]},
		{"type": "bitmap","file": "space:font/space_nosplit.png","ascent": -32768,"height": -7,"chars": ["3"]},
		{"type": "bitmap","file": "space:font/space_nosplit.png","ascent": -32768,"height": -7,"chars": ["4"]},
		{"type": "bitmap","file": "space:font/space_nosplit.png","ascent": -32768,"height": -7,"chars": ["5"]},
		{"type": "bitmap","file": "space:font/space_nosplit.png","ascent": -32768,"height": -7,"chars": ["6"]},
		{"type": "bitmap","file": "space:font/space_nosplit.png","ascent": -32768,"height": -7,"chars": ["7"]},
		{"type": "bitmap","file": "space:font/space_nosplit.png","ascent": -32768,"height": -7,"chars": ["8"]},
		{"type": "bitmap","file": "space:font/space_nosplit.png","ascent": -32768,"height": -7,"chars": ["9"]},
		{"type": "bitmap","file": "space:font/space_nosplit.png","ascent": -32768,"height": -7,"chars": ["/"]},
		{"type": "bitmap","file": "space:font/space_nosplit.png","ascent": -32768,"height": -7,"chars": ["-"]},
		{"type": "bitmap","file": "space:font/space_nosplit.png","ascent": -32768,"height": -4,"chars": ["."]},
		{"type": "bitmap","file": "space:font/space_nosplit.png","ascent": -32768,"height": -7,"chars": ["s"]}
	]
}