{
    "criteria": {
        "break_fur_normal": {
            "trigger": "player_hurt_entity",
            "conditions": {
                "entity": [
                    {
                        "condition": "entity_properties",
                        "entity": "this",
                        "predicate": {
                            "type": "interaction",
                            "nbt": "{Tags:[\"nw_fur\"]}"
                        }
                    }
                ]
            }
        }
    },
    "rewards": {
        "function": "nw:player_break"
    }
}