{
    "type": "generic",
    "pools": [
        {
            "rolls": 2,
            "entries": [
                {
                    "type": "loot_table",
                    "name": "minecraft:chests/desert_pyramid",
                    "weight":10
                },
                {
                    "type": "loot_table",
                    "name": "minecraft:chests/end_city_treasure",
                    "weight":10
                },
                {
                    "type": "loot_table",
                    "name": "minecraft:chests/bastion_hoglin_stable",
                    "weight":10
                }
            ]
        }
    ]
}