{"type": "minecraft:crafting_shaped", "category": "building", "show_notification": true, "key": {"#": {"tag": "wool"}, "$": {"item": "dark_oak_slab"}}, "pattern": ["#  ", "###", "$$$"], "result": {"count": 1, "id": "minecraft:firework_star", "components": {"minecraft:item_name": "\"\u6df1\u8272\u6a61\u6728\u5750\u57ab\u9760\u80cc\u6905\"", "minecraft:custom_model_data": 15045, "minecraft:custom_data": "{nw_fur: 1b, nw_fur_id_buildin: 511}", "minecraft:firework_explosion": {"shape": "small_ball", "colors": [16777215]}, "minecraft:hide_additional_tooltip": {}, "minecraft:food": {"saturation": 0.0, "nutrition": 0, "can_always_eat": true, "eat_seconds": 1000000.0}}}, "group": "nw:bench_middle_cushion"}