{"type": "minecraft:crafting_shaped", "category": "building", "show_notification": true, "key": {"#": {"item": "stripped_oak_log"}, "$": {"item": "oak_fence"}, "%": {"item": "lead"}}, "pattern": ["$  ", "$#$", "$% "], "result": {"count": 1, "id": "minecraft:firework_star", "components": {"minecraft:item_name": "\"\ud83d\udee0 \u7cfb\u7ef3\u53bb\u76ae\u6a61\u6728\u539f\u6728\u5355\u6805\u680f\"", "minecraft:custom_model_data": 10055, "minecraft:custom_data": "{nw_fur: 1b, nw_fur_id_buildin: 55}", "minecraft:firework_explosion": {"shape": "small_ball", "colors": [16777215]}, "minecraft:hide_additional_tooltip": {}, "minecraft:food": {"saturation": 0.0, "nutrition": 0, "can_always_eat": true, "eat_seconds": 1000000.0}}}, "group": "nw:roped_fence_stripped_log"}