{"type": "minecraft:crafting_shaped", "category": "building", "show_notification": true, "key": {"#": {"item": "mangrove_log"}, "$": {"item": "mangrove_leaves"}}, "pattern": ["$$$", "$#$", "#  "], "result": {"count": 1, "id": "minecraft:firework_star", "components": {"minecraft:item_name": "\"\u7ea2\u6811\u6728\u5c0f\u6811\"", "minecraft:custom_model_data": 16082, "minecraft:custom_data": "{nw_fur: 1b, nw_fur_id_buildin: 629}", "minecraft:firework_explosion": {"shape": "small_ball", "colors": [16777215]}, "minecraft:hide_additional_tooltip": {}, "minecraft:food": {"saturation": 0.0, "nutrition": 0, "can_always_eat": true, "eat_seconds": 1000000.0}}}, "group": "nw:small_tree"}