{"type": "minecraft:crafting_shaped", "category": "building", "show_notification": true, "key": {"#": {"tag": "wool"}, "$": {"item": "birch_planks"}, "%": {"item": "stick"}}, "pattern": ["# #", "$%$", "% %"], "result": {"count": 1, "id": "minecraft:firework_star", "components": {"minecraft:item_name": "\"\u767d\u6866\u6728\u8f6f\u57ab\u53cc\u6276\u624b\"", "minecraft:custom_model_data": 12076, "minecraft:custom_data": "{nw_fur: 1b, nw_fur_id_buildin: 296}", "minecraft:firework_explosion": {"shape": "small_ball", "colors": [16777215]}, "minecraft:hide_additional_tooltip": {}, "minecraft:food": {"saturation": 0.0, "nutrition": 0, "can_always_eat": true, "eat_seconds": 1000000.0}}}, "group": "nw:handrail_double_cushion"}