{"type": "minecraft:crafting_shaped", "category": "building", "show_notification": true, "key": {"#": {"item": "stripped_spruce_log"}, "$": {"item": "podzol"}}, "pattern": ["# #", "#$#", "###"], "result": {"count": 1, "id": "minecraft:firework_star", "components": {"minecraft:item_name": "\"\u4e91\u6749\u6728\u6728\u8d28\u82b1\u76c6\"", "minecraft:custom_model_data": 11081, "minecraft:custom_data": "{nw_fur: 1b, nw_fur_id_buildin: 218}", "minecraft:firework_explosion": {"shape": "small_ball", "colors": [16777215]}, "minecraft:hide_additional_tooltip": {}, "minecraft:food": {"saturation": 0.0, "nutrition": 0, "can_always_eat": true, "eat_seconds": 1000000.0}}}, "group": "nw:wooden_pot"}