{"type": "minecraft:crafting_shaped", "category": "building", "show_notification": true, "key": {"#": {"item": "acacia_log"}, "$": {"item": "lead"}}, "pattern": ["$  ", "#  ", "###"], "result": {"count": 1, "id": "minecraft:firework_star", "components": {"minecraft:item_name": "\"\u6346\u624e\u7684\u91d1\u5408\u6b22\u6728\u539f\u6728\u5806\"", "minecraft:custom_model_data": 14040, "minecraft:custom_data": "{nw_fur: 1b, nw_fur_id_buildin: 424}", "minecraft:firework_explosion": {"shape": "small_ball", "colors": [16777215]}, "minecraft:hide_additional_tooltip": {}, "minecraft:food": {"saturation": 0.0, "nutrition": 0, "can_always_eat": true, "eat_seconds": 1000000.0}}}, "group": "nw:roped_pile_log"}