{"type": "minecraft:crafting_shaped", "category": "building", "show_notification": true, "key": {"#": {"item": "beetroot_soup"}, "$": {"item": "bowl"}}, "pattern": ["#  ", "$  "], "result": {"count": 1, "id": "minecraft:firework_star", "components": {"minecraft:item_name": "\"\u4e00\u7897\u751c\u83dc\u6c64\"", "minecraft:custom_model_data": 10118, "minecraft:custom_data": "{nw_fur: 1b, nw_fur_id_buildin: 115}", "minecraft:firework_explosion": {"shape": "small_ball", "colors": [16777215]}, "minecraft:hide_additional_tooltip": {}, "minecraft:food": {"saturation": 0.0, "nutrition": 0, "can_always_eat": true, "eat_seconds": 1000000.0}}}, "group": "nw:bowled_dishes"}