{"type": "minecraft:crafting_shaped", "category": "building", "show_notification": true, "key": {"#": {"item": "cherry_log"}}, "pattern": ["# #", "#  ", "# #"], "result": {"count": 1, "id": "minecraft:firework_star", "components": {"minecraft:item_name": "\"\ud83d\udee0 \u6a31\u82b1\u6728\u539f\u6728\u652f\u6491\"", "minecraft:custom_model_data": 17030, "minecraft:custom_data": "{nw_fur: 1b, nw_fur_id_buildin: 660}", "minecraft:firework_explosion": {"shape": "small_ball", "colors": [16777215]}, "minecraft:hide_additional_tooltip": {}, "minecraft:food": {"saturation": 0.0, "nutrition": 0, "can_always_eat": true, "eat_seconds": 1000000.0}}}, "group": "nw:pillar_log"}