{"type": "minecraft:crafting_shaped", "category": "building", "show_notification": true, "key": {"#": {"tag": "wool"}, "$": {"item": "oak_slab"}, "%": {"item": "stick"}}, "pattern": ["###", "$$$", "%$%"], "result": {"count": 1, "id": "minecraft:firework_star", "components": {"minecraft:item_name": "\"\u6a61\u6728\u886c\u5e03\u652f\u67b6\"", "minecraft:custom_model_data": 10021, "minecraft:custom_data": "{nw_fur: 1b, nw_fur_id_buildin: 21}", "minecraft:firework_explosion": {"shape": "small_ball", "colors": [16777215]}, "minecraft:hide_additional_tooltip": {}, "minecraft:food": {"saturation": 0.0, "nutrition": 0, "can_always_eat": true, "eat_seconds": 1000000.0}}}, "group": "nw:wall_shelf_cloth"}