{"type": "minecraft:crafting_shaped", "category": "building", "show_notification": true, "key": {"#": {"item": "stripped_birch_log"}, "$": {"item": "birch_planks"}, "%": {"item": "stick"}}, "pattern": ["#  ", "###", "$%$"], "result": {"count": 1, "id": "minecraft:firework_star", "components": {"minecraft:item_name": "\"\u53bb\u76ae\u767d\u6866\u6728\u539f\u6728\u6905\"", "minecraft:custom_model_data": 12002, "minecraft:custom_data": "{nw_fur: 1b, nw_fur_id_buildin: 222}", "minecraft:firework_explosion": {"shape": "small_ball", "colors": [16777215]}, "minecraft:hide_additional_tooltip": {}, "minecraft:food": {"saturation": 0.0, "nutrition": 0, "can_always_eat": true, "eat_seconds": 1000000.0}}}, "group": "nw:chair_stripped_log"}