{"type": "minecraft:crafting_shaped", "category": "building", "show_notification": true, "key": {"#": {"item": "stripped_spruce_wood"}, "$": {"item": "spruce_planks"}, "%": {"item": "spruce_slab"}}, "pattern": ["## ", "###", "$%%"], "result": {"count": 1, "id": "minecraft:firework_star", "components": {"minecraft:item_name": "\"\ud83d\udee0 \u4e91\u6749\u6728\u957f\u6905\u5de6\u6276\u624b\"", "minecraft:custom_model_data": 11043, "minecraft:custom_data": "{nw_fur: 1b, nw_fur_id_buildin: 181}", "minecraft:firework_explosion": {"shape": "small_ball", "colors": [16777215]}, "minecraft:hide_additional_tooltip": {}, "minecraft:food": {"saturation": 0.0, "nutrition": 0, "can_always_eat": true, "eat_seconds": 1000000.0}}}, "group": "nw:bench_left"}