{"type": "minecraft:crafting_shaped", "category": "building", "show_notification": true, "key": {"#": {"item": "cauldron"}, "$": {"item": "iron_bars"}}, "pattern": ["#  ", "$$$"], "result": {"count": 1, "id": "minecraft:firework_star", "components": {"minecraft:item_name": "\"\u67b6\u8d77\u7684\u5e73\u5e95\u9505\"", "minecraft:custom_model_data": 10126, "minecraft:custom_data": "{nw_fur: 1b, nw_fur_id_buildin: 123}", "minecraft:firework_explosion": {"shape": "small_ball", "colors": [16777215]}, "minecraft:hide_additional_tooltip": {}, "minecraft:food": {"saturation": 0.0, "nutrition": 0, "can_always_eat": true, "eat_seconds": 1000000.0}}}, "group": "nw:pan_set"}