{"type": "minecraft:crafting_shaped", "category": "building", "show_notification": true, "key": {"#": {"item": "stripped_dark_oak_wood"}, "$": {"item": "dark_oak_slab"}, "%": {"item": "stick"}}, "pattern": ["###", "$%$"], "result": {"count": 1, "id": "minecraft:firework_star", "components": {"minecraft:item_name": "\"\u53bb\u76ae\u6df1\u8272\u6a61\u6728\u51f3\"", "minecraft:custom_model_data": 15012, "minecraft:custom_data": "{nw_fur: 1b, nw_fur_id_buildin: 478}", "minecraft:firework_explosion": {"shape": "small_ball", "colors": [16777215]}, "minecraft:hide_additional_tooltip": {}, "minecraft:food": {"saturation": 0.0, "nutrition": 0, "can_always_eat": true, "eat_seconds": 1000000.0}}}, "group": "nw:stool_stripped"}