{
    "scheme": "1.3",
    "name": "other/传送门机械臂 2.0",
    "texture": [ 64, 32 ],
    "providesObj": true,
    "providesMtl": true,
    "limbs": {
        "vox_3": {
            "size": [ 4, 4, 4 ],
            "texture": [ 0, 0 ],
            "anchor": [ 0.5, 0.5, 0.5 ],
            "origin": [ 0.0, 0.0, 0.0 ],
            "specular": 0,
            "parent": "vox_2"
        },
        "vox_2": {
            "size": [ 4, 4, 4 ],
            "texture": [ 0, 0 ],
            "anchor": [ 0.5, 0.5, 0.5 ],
            "origin": [ 3.0, 15.5, 0.0 ],
            "specular": 0,
            "parent": "vox_1"
        },
        "vox_1": {
            "size": [ 4, 4, 4 ],
            "texture": [ 0, 0 ],
            "anchor": [ 0.5, 0.5, 0.5 ],
            "origin": [ 0.0, 0.0, 0.0 ],
            "specular": 0,
            "parent": "anchor"
        },
        "vox_7": {
            "size": [ 4, 4, 4 ],
            "texture": [ 0, 0 ],
            "anchor": [ 0.5, 0.5, 0.5 ],
            "origin": [ 14.0, -1.0, 0.0 ],
            "specular": 0,
            "parent": "vox_6"
        },
        "vox_6": {
            "size": [ 4, 4, 4 ],
            "texture": [ 0, 0 ],
            "anchor": [ 0.5, 0.5, 0.5 ],
            "origin": [ -2.0, -8.0, 0.0 ],
            "specular": 0,
            "parent": "vox_5"
        },
        "vox_5": {
            "size": [ 4, 4, 4 ],
            "texture": [ 0, 0 ],
            "anchor": [ 0.5, 0.5, 0.5 ],
            "origin": [ 0.0, 0.0, 0.0 ],
            "specular": 0,
            "parent": "vox_4"
        },
        "vox_4": {
            "size": [ 4, 4, 4 ],
            "texture": [ 0, 0 ],
            "anchor": [ 0.5, 0.5, 0.5 ],
            "origin": [ -9.0, 0.0, 0.0 ],
            "specular": 0,
            "parent": "vox_3"
        },
        "vox_9": {
            "size": [ 4, 4, 4 ],
            "texture": [ 0, 0 ],
            "anchor": [ 0.5, 0.5, 0.5 ],
            "origin": [ 0.0, 0.0, 0.0 ],
            "specular": 0,
            "parent": "vox_8"
        },
        "vox_8": {
            "size": [ 4, 4, 4 ],
            "texture": [ 0, 0 ],
            "anchor": [ 0.5, 0.5, 0.5 ],
            "origin": [ 0.0, 0.0, 0.0 ],
            "specular": 0,
            "parent": "vox_7"
        },
        "vox_10": {
            "size": [ 4, 4, 4 ],
            "texture": [ 0, 0 ],
            "anchor": [ 0.5, 0.5, 0.5 ],
            "origin": [ -21.0, -6.0, 0.0 ],
            "specular": 0,
            "parent": "vox_9"
        },
        "vox_11": {
            "size": [ 4, 4, 4 ],
            "texture": [ 0, 0 ],
            "anchor": [ 0.5, 0.5, 0.5 ],
            "origin": [ 17.0, 0.0, 0.0 ],
            "specular": 0,
            "parent": "vox_10"
        },
        "vox_12": {
            "size": [ 4, 4, 4 ],
            "texture": [ 0, 0 ],
            "anchor": [ 0.5, 0.5, 0.5 ],
            "origin": [ 0.0, 0.0, 0.0 ],
            "specular": 0,
            "parent": "vox_11"
        },
        "vox_13": {
            "size": [ 4, 4, 4 ],
            "texture": [ 0, 0 ],
            "anchor": [ 0.5, 0.5, 0.5 ],
            "origin": [ 0.0, 0.0, 0.0 ],
            "specular": -1,
            "parent": "vox_10"
        },
        "anchor": {
            "size": [ 4, 4, 4 ],
            "texture": [ 0, 0 ],
            "anchor": [ 0.5, 0.5, 0.5 ],
            "origin": [ 0.0, 0.0, 0.0 ],
            "specular": 0,
            "opacity": 0.0
        }
    },
    "poses": {
        "standing": {
            "size": [ 1.0, 1.0, 1.0 ],
            "limbs": {
                "vox_3": {
                    "translate": [ 9.0, -20.0, 0.0 ]
                },
                "vox_1": {
                    "translate": [ 0.0, 13.8, -6.75 ],
                    "rotate": [ 0.0, -90.0, 0.0 ],
                    "scale": [ 0.25, 0.25, 0.25 ]
                },
                "vox_7": {
                    "translate": [ 0.0, 16.0, 0.0 ]
                },
                "vox_6": {
                    "translate": [ 15.0, 0.0, 0.0 ]
                },
                "vox_5": {
                    "translate": [ 13.0, 0.0, -0.0 ]
                },
                "vox_4": {
                    "translate": [ 8.0, -2.0, 0.0 ]
                },
                "vox_9": {
                    "translate": [ -3.0, 0.0, -0.0 ]
                },
                "vox_8": {
                    "translate": [ -15.0, 2.0, -0.0 ]
                },
                "vox_10": {
                    "translate": [ -20.0, 0.0, 0.0 ]
                },
                "vox_11": {
                    "translate": [ 37.0, 10.0, 0.0 ]
                },
                "vox_12": {
                    "translate": [ -17.0, 0.0, 0.0 ]
                },
                "vox_13": {
                    "translate": [ 44.3, 7.0, 0.0 ]
                }
            }
        }
    }
}