{"stats":{"minecraft:custom":{"minecraft:interact_with_smithing_table":14,"minecraft:interact_with_anvil":15,"minecraft:mob_kills":8,"minecraft:interact_with_crafting_table":2,"minecraft:open_barrel":3,"minecraft:open_shulker_box":12,"minecraft:leave_game":5,"minecraft:time_since_death":145372,"minecraft:climb_one_cm":1460,"minecraft:sprint_one_cm":109923,"minecraft:walk_one_cm":968700,"minecraft:drop":10,"minecraft:play_time":743369,"minecraft:deaths":4,"minecraft:sneak_time":7066,"minecraft:jump":2020,"minecraft:interact_with_blast_furnace":2,"minecraft:walk_on_water_one_cm":3092,"minecraft:total_world_time":743369,"minecraft:interact_with_loom":3,"minecraft:interact_with_stonecutter":1,"minecraft:time_since_rest":145404,"minecraft:damage_taken":1144,"minecraft:trigger_trapped_chest":3,"minecraft:damage_dealt":4807,"minecraft:interact_with_beacon":20,"minecraft:fly_one_cm":2551737,"minecraft:player_kills":1,"minecraft:open_chest":60,"minecraft:crouch_one_cm":6902,"minecraft:interact_with_smoker":1,"minecraft:fall_one_cm":961,"minecraft:inspect_dispenser":11},"minecraft:killed_by":{"minecraft:warden":1},"minecraft:picked_up":{"minecraft:wheat":93,"minecraft:redstone_block":5,"minecraft:flint_and_steel":1,"minecraft:armor_stand":1,"minecraft:spruce_planks":3,"minecraft:chest":1,"minecraft:spruce_trapdoor":1,"minecraft:raw_iron":7,"minecraft:stone":1,"minecraft:pointed_dripstone":3,"minecraft:redstone":1,"minecraft:deepslate_bricks":1,"minecraft:glow_berries":2,"minecraft:snowball":86,"minecraft:white_wool":1,"minecraft:cobblestone":179,"minecraft:pink_petals":190,"minecraft:leather":4,"minecraft:filled_map":1,"minecraft:gunpowder":2,"minecraft:dirt":148,"minecraft:lantern":1,"minecraft:wheat_seeds":7,"minecraft:sweet_berries":2,"minecraft:dripstone_block":6,"minecraft:sea_lantern":1,"minecraft:spruce_door":1,"minecraft:bone_meal":2},"minecraft:dropped":{"minecraft:netherite_axe":3,"minecraft:barrier":1,"minecraft:lantern":1,"minecraft:white_wool":1,"minecraft:flint_and_steel":1,"minecraft:deepslate_bricks":1,"minecraft:sea_lantern":1,"minecraft:spruce_trapdoor":1},"minecraft:used":{"minecraft:moss_block":48,"minecraft:nether_brick_fence":13,"minecraft:trident":7,"minecraft:netherite_sword":47,"minecraft:polished_blackstone_brick_slab":2,"minecraft:iron_bars":19,"minecraft:enchanting_table":22,"minecraft:iron_shovel":251,"minecraft:flint_and_steel":20,"minecraft:armor_stand":17,"minecraft:spruce_slab":47,"minecraft:dispenser":8,"minecraft:redstone":35,"minecraft:ladder":7,"minecraft:oak_sign":8,"minecraft:spruce_planks":423,"minecraft:decorated_pot":12,"minecraft:chest":43,"minecraft:stone":76,"minecraft:sculk":24,"minecraft:player_head":2,"minecraft:farmland":5,"minecraft:netherrack":4,"minecraft:sculk_sensor":9,"minecraft:spruce_leaves":34,"minecraft:dirt":3,"minecraft:soul_sand":11,"minecraft:anvil":9,"minecraft:wheat":30,"minecraft:nether_quartz_ore":3,"minecraft:nether_bricks":8,"minecraft:spruce_stairs":69,"minecraft:stone_stairs":78,"minecraft:deepslate_brick_slab":16,"minecraft:salmon_bucket":1,"minecraft:spruce_fence":271,"minecraft:weeping_vines":2,"minecraft:stripped_spruce_log":48,"minecraft:big_dripleaf":1,"minecraft:warden_spawn_egg":3,"minecraft:jungle_sapling":1,"minecraft:glass":40,"minecraft:sea_lantern":21,"minecraft:bricks":20,"minecraft:villager_spawn_egg":3,"minecraft:lantern":90,"minecraft:spruce_wood":3,"minecraft:grass_block":51,"minecraft:iron_axe":23,"minecraft:cherry_leaves":2,"minecraft:iron_boots":1,"minecraft:stone_brick_stairs":41,"minecraft:barrel":3,"minecraft:stone_bricks":65,"minecraft:tall_grass":49,"minecraft:sweet_berries":141,"minecraft:oak_sapling":1,"minecraft:deepslate_tile_stairs":99,"minecraft:podzol":46,"minecraft:skeleton_skull":7,"minecraft:trapped_chest":8,"minecraft:red_dye":1,"minecraft:observer":2,"minecraft:pointed_dripstone":21,"minecraft:wheat_seeds":10,"minecraft:short_grass":59,"minecraft:water_bucket":156,"minecraft:mossy_stone_bricks":6,"minecraft:diorite":2,"minecraft:end_rod":4,"minecraft:torchflower":10,"minecraft:dirt_path":2,"minecraft:spruce_door":6,"minecraft:snow_block":20,"minecraft:acacia_trapdoor":54,"minecraft:lime_wool":23,"minecraft:ender_pearl":1,"minecraft:mossy_stone_brick_stairs":5,"minecraft:redstone_block":25,"minecraft:spruce_sign":6,"minecraft:cobblestone_slab":5,"minecraft:beacon":5,"minecraft:stonecutter":11,"minecraft:glow_ink_sac":3,"minecraft:spruce_fence_gate":3,"minecraft:leather_boots":1,"minecraft:deepslate_bricks":496,"minecraft:cracked_stone_bricks":5,"minecraft:oak_leaves":4,"minecraft:white_wool":114,"minecraft:glow_item_frame":4,"minecraft:glow_berries":3,"minecraft:rail":6,"minecraft:tnt":12,"minecraft:crafting_table":3,"minecraft:loom":3,"minecraft:green_dye":2,"minecraft:blast_furnace":4,"minecraft:sculk_shrieker":5,"minecraft:crossbow":4,"minecraft:campfire":140,"minecraft:mule_spawn_egg":4,"minecraft:dripstone_block":15,"minecraft:stone_brick_wall":12,"minecraft:lingering_potion":1,"minecraft:black_bed":1,"minecraft:smoker":4,"minecraft:spruce_log":129,"minecraft:deepslate_tile_wall":110,"minecraft:creeper_spawn_egg":2,"minecraft:oak_log":25,"minecraft:piston":15,"minecraft:netherite_block":438,"minecraft:lever":2,"minecraft:cornflower":3,"minecraft:oxeye_daisy":2,"minecraft:barrier":35,"minecraft:verdant_froglight":4,"minecraft:netherite_axe":9,"minecraft:stone_slab":3,"minecraft:spruce_trapdoor":95,"minecraft:spruce_sapling":87,"minecraft:soul_lantern":5,"minecraft:golden_helmet":1,"minecraft:pink_petals":1,"minecraft:nether_wart_block":2,"minecraft:grindstone":1,"minecraft:smithing_table":5,"minecraft:andesite":2,"minecraft:bucket":5,"minecraft:chain":29,"minecraft:goat_spawn_egg":1,"minecraft:bone_meal":863,"minecraft:sculk_catalyst":64,"minecraft:candle":19,"minecraft:splash_potion":2,"minecraft:cobweb":8},"minecraft:crafted":{"minecraft:leather_leggings":2,"minecraft:leather_boots":2,"minecraft:golden_chestplate":2,"minecraft:iron_boots":1,"minecraft:golden_helmet":2,"minecraft:golden_boots":2,"minecraft:iron_helmet":2,"minecraft:leather_helmet":1,"minecraft:iron_chestplate":2,"minecraft:golden_leggings":2,"minecraft:leather_chestplate":2,"minecraft:iron_leggings":1},"minecraft:killed":{"minecraft:mule":4,"minecraft:creeper":2,"minecraft:goat":1,"minecraft:player":1,"minecraft:villager":1}},"DataVersion":3700}