{"stats":{"minecraft:used":{"minecraft:nether_brick_fence":1,"minecraft:enchanting_table":1,"minecraft:chiseled_deepslate":8,"minecraft:melon":30,"minecraft:redstone_ore":5,"minecraft:spruce_slab":1,"minecraft:redstone":4,"minecraft:carrot_on_a_stick":289,"minecraft:ladder":29,"minecraft:poppy":13,"minecraft:oak_sign":4,"minecraft:mycelium":1,"minecraft:silverfish_spawn_egg":4,"minecraft:spruce_planks":4,"minecraft:decorated_pot":16,"minecraft:chest":5,"minecraft:stone":342,"minecraft:debug_stick":426,"minecraft:bell":5,"minecraft:farmland":184,"minecraft:bee_spawn_egg":1,"minecraft:iron_chestplate":1,"minecraft:torch":1,"minecraft:dirt":60,"minecraft:anvil":1,"minecraft:ancient_debris":1,"minecraft:white_carpet":52,"minecraft:raw_iron_block":11,"minecraft:beehive":2,"minecraft:carrot":1,"minecraft:azure_bluet":1,"minecraft:stone_stairs":1,"minecraft:deepslate_brick_slab":12,"minecraft:light_gray_glazed_terracotta":12,"minecraft:bee_nest":1,"minecraft:spruce_fence":1,"minecraft:obsidian":3,"minecraft:stripped_spruce_log":1,"minecraft:fern":4,"minecraft:small_dripleaf":2,"minecraft:glass":2,"minecraft:andesite_wall":17,"minecraft:packed_ice":19,"minecraft:iron_hoe":1,"minecraft:stone_brick_slab":14,"minecraft:bricks":2,"minecraft:light_gray_stained_glass":12,"minecraft:grass_block":576,"minecraft:muddy_mangrove_roots":2,"minecraft:iron_block":1,"minecraft:blue_orchid":2,"minecraft:rooted_dirt":2,"minecraft:quartz_block":13,"minecraft:iron_helmet":1,"minecraft:raw_gold_block":17,"minecraft:stone_brick_stairs":312,"minecraft:stone_bricks":516,"minecraft:item_frame":20,"minecraft:light_gray_wool":1,"minecraft:golden_carrot":1,"minecraft:birch_trapdoor":52,"minecraft:red_carpet":4,"minecraft:bow":2,"minecraft:snow":38,"minecraft:gray_glazed_terracotta":48,"minecraft:scaffolding":1,"minecraft:oak_sapling":8,"minecraft:deepslate_tile_stairs":2,"minecraft:furnace":2,"minecraft:podzol":153,"minecraft:infested_cobblestone":25,"minecraft:enchanted_golden_apple":2,"minecraft:powder_snow_bucket":71,"minecraft:large_fern":1,"minecraft:pointed_dripstone":48,"minecraft:short_grass":4,"minecraft:wheat_seeds":14,"minecraft:emerald_ore":1,"minecraft:water_bucket":14,"minecraft:damaged_anvil":19,"minecraft:end_rod":3,"minecraft:torchflower":7,"minecraft:light_blue_glazed_terracotta":3,"minecraft:cobblestone_stairs":8,"minecraft:lodestone":2,"minecraft:snow_block":2,"minecraft:polished_andesite":92,"minecraft:prismarine":2,"minecraft:oak_planks":3,"minecraft:sandstone":1,"minecraft:black_shulker_box":2,"minecraft:redstone_block":1,"minecraft:composter":5,"minecraft:beacon":3,"minecraft:clay":6,"minecraft:calibrated_sculk_sensor":1,"minecraft:deepslate_bricks":147,"minecraft:oak_leaves":29,"minecraft:white_wool":142,"minecraft:vine":70,"minecraft:crafting_table":9,"minecraft:red_bed":1,"minecraft:blast_furnace":3,"minecraft:sculk_shrieker":1,"minecraft:campfire":3,"minecraft:stone_brick_wall":101,"minecraft:lingering_potion":2,"minecraft:dripstone_block":52,"minecraft:piglin_head":15,"minecraft:smoker":2,"minecraft:deepslate_brick_stairs":116,"minecraft:lightning_rod":3,"minecraft:birch_fence":8,"minecraft:deepslate_tiles":9,"minecraft:oak_log":18,"minecraft:amethyst_cluster":5,"minecraft:flower_pot":5,"minecraft:wooden_hoe":81,"minecraft:red_sandstone":1,"minecraft:netherite_block":1,"minecraft:lever":1,"minecraft:apple":14,"minecraft:light":27,"minecraft:raw_gold":1,"minecraft:gray_shulker_box":9,"minecraft:birch_slab":8,"minecraft:command_block":10,"minecraft:map":18,"minecraft:barrier":9,"minecraft:oak_button":17,"minecraft:verdant_froglight":3,"minecraft:stone_slab":1,"minecraft:spruce_trapdoor":9,"minecraft:deepslate":8,"minecraft:gravel":3,"minecraft:flowering_azalea_leaves":3,"minecraft:polished_andesite_slab":41,"minecraft:yellow_wool":38,"minecraft:soul_lantern":1,"minecraft:pink_petals":2,"minecraft:chiseled_stone_bricks":17,"minecraft:cobblestone":160,"minecraft:azalea_leaves":10,"minecraft:end_crystal":3,"minecraft:stripped_oak_wood":44,"minecraft:andesite":1,"minecraft:chain":1,"minecraft:repeating_command_block":3,"minecraft:sea_pickle":4,"minecraft:jack_o_lantern":9,"minecraft:gray_stained_glass":1,"minecraft:coarse_dirt":38,"minecraft:moss_carpet":27,"minecraft:writable_book":26,"minecraft:jukebox":7,"minecraft:cobweb":5,"minecraft:azalea":2,"minecraft:moss_block":163},"minecraft:custom":{"minecraft:interact_with_smithing_table":1,"minecraft:interact_with_anvil":5,"minecraft:interact_with_crafting_table":68,"minecraft:open_barrel":3,"minecraft:open_shulker_box":168,"minecraft:bell_ring":2,"minecraft:leave_game":10,"minecraft:time_since_death":580953,"minecraft:climb_one_cm":9504,"minecraft:damage_resisted":1350,"minecraft:sprint_one_cm":949309,"minecraft:walk_one_cm":1001030,"minecraft:drop":519,"minecraft:play_time":3973220,"minecraft:deaths":69,"minecraft:sneak_time":46860,"minecraft:walk_under_water_one_cm":5710,"minecraft:jump":7384,"minecraft:interact_with_blast_furnace":32,"minecraft:walk_on_water_one_cm":12575,"minecraft:total_world_time":3973220,"minecraft:interact_with_furnace":3,"minecraft:interact_with_grindstone":1,"minecraft:interact_with_stonecutter":2,"minecraft:time_since_rest":580953,"minecraft:damage_taken":14973,"minecraft:damage_absorbed":160,"minecraft:trigger_trapped_chest":3,"minecraft:damage_dealt":741,"minecraft:swim_one_cm":8939,"minecraft:fly_one_cm":9784837,"minecraft:player_kills":3,"minecraft:open_chest":82,"minecraft:crouch_one_cm":77336,"minecraft:interact_with_smoker":3,"minecraft:fall_one_cm":83361,"minecraft:inspect_dispenser":5},"minecraft:mined":{"minecraft:oak_sapling":62,"minecraft:podzol":1,"minecraft:short_grass":3,"minecraft:tall_grass":4,"minecraft:oak_planks":3,"minecraft:wheat":1,"minecraft:torchflower":4},"minecraft:picked_up":{"minecraft:charcoal":3,"minecraft:lingering_potion":1,"minecraft:crafting_table":2,"minecraft:iron_chestplate":1,"minecraft:bee_nest":1,"minecraft:wheat":629,"minecraft:azure_bluet":1,"minecraft:redstone_block":1,"minecraft:splash_potion":3,"minecraft:ladder":10,"minecraft:anvil":1,"minecraft:stone_brick_stairs":2,"minecraft:moss_carpet":1,"minecraft:raw_copper":8,"minecraft:iron_axe":4,"minecraft:item_frame":16,"minecraft:armor_stand":2,"minecraft:white_carpet":14,"minecraft:blue_orchid":1,"minecraft:oak_sign":1,"minecraft:spruce_planks":2,"minecraft:iron_pickaxe":1,"minecraft:spruce_slab":1,"minecraft:chest":1,"minecraft:golden_helmet":1,"minecraft:stick":115,"minecraft:raw_iron":59,"minecraft:stone":6,"minecraft:raw_gold_block":1,"minecraft:copper_ingot":11,"minecraft:torch":55,"minecraft:amethyst_cluster":1,"minecraft:spruce_fence":1,"minecraft:pointed_dripstone":121,"minecraft:carrot":2,"minecraft:end_crystal":1,"minecraft:gray_shulker_box":2,"minecraft:command_block":2,"minecraft:decorated_pot":7,"minecraft:beetroot_seeds":63,"minecraft:deepslate_bricks":1,"minecraft:iron_block":60,"minecraft:totem_of_undying":1,"minecraft:deepslate_brick_stairs":3,"minecraft:obsidian":1,"minecraft:cobblestone":35,"minecraft:pink_petals":6,"minecraft:barrier":2,"minecraft:leather_chestplate":1,"minecraft:birch_slab":1,"minecraft:water_bucket":1,"minecraft:leather":8,"minecraft:carrot_on_a_stick":18,"minecraft:beacon":1,"minecraft:filled_map":7,"minecraft:torchflower":4,"minecraft:oak_log":75,"minecraft:dirt":39,"minecraft:lantern":5,"minecraft:piglin_head":1,"minecraft:podzol":1,"minecraft:red_carpet":2,"minecraft:apple":110,"minecraft:stone_bricks":4,"minecraft:wheat_seeds":362,"minecraft:light_gray_glazed_terracotta":1,"minecraft:raw_gold":1,"minecraft:bell":1,"minecraft:spruce_wood":2,"minecraft:iron_ingot":158,"minecraft:netherite_axe":3,"minecraft:moss_block":1,"minecraft:oak_planks":300,"minecraft:debug_stick":1,"minecraft:sweet_berries":8,"minecraft:gray_glazed_terracotta":2,"minecraft:chiseled_stone_bricks":1,"minecraft:stone_brick_slab":1,"minecraft:light_blue_glazed_terracotta":1,"minecraft:gray_stained_glass":1,"minecraft:melon":1,"minecraft:grass_block":16,"minecraft:iron_hoe":37,"minecraft:pumpkin_seeds":1,"minecraft:writable_book":1,"minecraft:short_grass":1,"minecraft:cherry_sapling":1,"minecraft:oak_button":44,"minecraft:oak_sapling":3,"minecraft:melon_seeds":1,"minecraft:coal":12},"minecraft:crafted":{"minecraft:oak_planks":304,"minecraft:quartz":1,"minecraft:decorated_pot":1,"minecraft:copper_block":1,"minecraft:copper_ingot":18,"minecraft:knowledge_book":395,"minecraft:air":0,"minecraft:charcoal":9,"minecraft:stick":4,"minecraft:flint":3,"minecraft:gunpowder":4},"minecraft:killed":{"minecraft:player":3},"minecraft:killed_by":{"minecraft:player":7},"minecraft:dropped":{"minecraft:water_bucket":1,"minecraft:torchflower":5,"minecraft:iron_ingot":52,"minecraft:moss_block":2,"minecraft:short_grass":3,"minecraft:wheat_seeds":217,"minecraft:oak_log":95,"minecraft:dripstone_block":2,"minecraft:decorated_pot":4,"minecraft:barrier":4,"minecraft:cobblestone":12,"minecraft:knowledge_book":1,"minecraft:apple":2,"minecraft:copper_ingot":1,"minecraft:birch_slab":1,"minecraft:carrot_on_a_stick":19,"minecraft:grass_block":25,"minecraft:raw_gold_block":1,"minecraft:stick":115,"minecraft:end_rod":1,"minecraft:melon":2,"minecraft:red_bed":1,"minecraft:bee_spawn_egg":1,"minecraft:deepslate_brick_stairs":9,"minecraft:torch":55,"minecraft:black_stained_glass_pane":110,"minecraft:light_gray_stained_glass":1,"minecraft:writable_book":1,"minecraft:iron_axe":4,"minecraft:iron_pickaxe":1,"minecraft:white_wool":1,"minecraft:end_crystal":1,"minecraft:stone_brick_slab":1,"minecraft:armor_stand":2,"minecraft:compass":2,"minecraft:moss_carpet":1,"minecraft:light_blue_glazed_terracotta":1,"minecraft:coarse_dirt":5,"minecraft:gray_glazed_terracotta":1,"minecraft:yellow_wool":1,"minecraft:obsidian":1,"minecraft:cherry_sapling":17,"minecraft:white_carpet":11,"minecraft:deepslate_brick_slab":1,"minecraft:iron_hoe":37,"minecraft:stone_stairs":1,"minecraft:debug_stick":2,"minecraft:spruce_fence":1,"minecraft:pumpkin_seeds":1,"minecraft:carrot":2,"minecraft:chiseled_deepslate":1,"minecraft:deepslate_bricks":2,"minecraft:filled_map":8,"minecraft:stone":19,"minecraft:flower_pot":1,"minecraft:allium":1,"minecraft:birch_trapdoor":1,"minecraft:spruce_planks":1,"minecraft:charcoal":9,"minecraft:beetroot_seeds":103,"minecraft:quartz_block":1,"minecraft:ladder":1,"minecraft:oak_sapling":24,"minecraft:bee_nest":1,"minecraft:stone_bricks":6,"minecraft:beacon":1,"minecraft:gray_shulker_box":1,"minecraft:blue_orchid":2,"minecraft:bell":1,"minecraft:scaffolding":1,"minecraft:stone_brick_stairs":2,"minecraft:quartz":12,"minecraft:brick":3,"minecraft:amethyst_cluster":1}},"DataVersion":3700}