{"stats":{"minecraft:used":{"minecraft:moss_block":34,"minecraft:water_bucket":4,"minecraft:netherite_sword":2,"minecraft:jack_o_lantern":1,"minecraft:writable_book":4,"minecraft:torchflower":3,"minecraft:melon":3,"minecraft:carrot_on_a_stick":992,"minecraft:spruce_planks":1,"minecraft:stone":20,"minecraft:player_head":5,"minecraft:deepslate_bricks":1,"minecraft:deepslate_brick_slab":4,"minecraft:netherite_block":3,"minecraft:apple":7,"minecraft:command_block":4,"minecraft:spruce_wood":5,"minecraft:grass_block":83,"minecraft:bread":2,"minecraft:barrier":75,"minecraft:birch_sapling":28,"minecraft:pink_petals":1,"minecraft:wooden_sword":8,"minecraft:cobblestone":4,"minecraft:snow":17,"minecraft:deepslate_tile_stairs":10,"minecraft:podzol":16,"minecraft:powder_snow_bucket":16,"minecraft:bone_meal":115},"minecraft:custom":{"minecraft:interact_with_smithing_table":3,"minecraft:mob_kills":1,"minecraft:interact_with_crafting_table":24,"minecraft:open_shulker_box":72,"minecraft:leave_game":6,"minecraft:time_since_death":67608,"minecraft:damage_resisted":11957,"minecraft:climb_one_cm":760,"minecraft:time_since_rest":67615,"minecraft:sprint_one_cm":527104,"minecraft:damage_taken":4215,"minecraft:walk_one_cm":311031,"minecraft:drop":145,"minecraft:damage_dealt":2286,"minecraft:interact_with_beacon":1,"minecraft:swim_one_cm":515,"minecraft:talked_to_villager":6,"minecraft:fly_one_cm":3948446,"minecraft:player_kills":9,"minecraft:open_chest":11,"minecraft:crouch_one_cm":10488,"minecraft:play_time":1952570,"minecraft:deaths":20,"minecraft:sneak_time":7602,"minecraft:walk_under_water_one_cm":1431,"minecraft:jump":3365,"minecraft:interact_with_blast_furnace":19,"minecraft:walk_on_water_one_cm":1477,"minecraft:total_world_time":1952570,"minecraft:fall_one_cm":52914,"minecraft:inspect_dispenser":1},"minecraft:picked_up":{"minecraft:lingering_potion":1,"minecraft:barrier":2,"minecraft:iron_chestplate":2,"minecraft:leather_chestplate":1,"minecraft:wheat":1259,"minecraft:splash_potion":4,"minecraft:anvil":1,"minecraft:water_bucket":1,"minecraft:leather_leggings":1,"minecraft:copper_block":256,"minecraft:golden_leggings":2,"minecraft:carrot_on_a_stick":9,"minecraft:torchflower":1,"minecraft:enchanted_book":1,"minecraft:oak_log":499,"minecraft:golden_boots":2,"minecraft:gunpowder":204,"minecraft:sculk_vein":1,"minecraft:lantern":1,"minecraft:raw_copper":6,"minecraft:iron_axe":2,"minecraft:iron_leggings":1,"minecraft:leather_boots":1,"minecraft:podzol":1,"minecraft:oak_sign":2,"minecraft:apple":438,"minecraft:wheat_seeds":300,"minecraft:netherite_sword":1,"minecraft:spruce_wood":1,"minecraft:iron_ingot":27,"minecraft:iron_nugget":132,"minecraft:iron_pickaxe":2,"minecraft:chest":2,"minecraft:oak_planks":194,"minecraft:iron_boots":2,"minecraft:sculk_catalyst":1,"minecraft:golden_helmet":2,"minecraft:stick":28,"minecraft:raw_iron":42,"minecraft:copper_ingot":226,"minecraft:dandelion":2,"minecraft:quartz":4,"minecraft:farmland":1,"minecraft:stone_button":185,"minecraft:skull_pottery_sherd":1,"minecraft:warden_spawn_egg":1,"minecraft:trident":1,"minecraft:grass_block":1,"minecraft:golden_chestplate":2,"minecraft:leather_helmet":1,"minecraft:arrow":32,"minecraft:sculk_sensor":1,"minecraft:command_block":1,"minecraft:beetroot_seeds":44,"minecraft:iron_helmet":2,"minecraft:crossbow":1,"minecraft:iron_block":248,"minecraft:bread":1,"minecraft:coal":173,"minecraft:white_wool":1,"minecraft:cobblestone":16},"minecraft:crafted":{"minecraft:wooden_sword":1,"minecraft:oak_planks":24,"minecraft:iron_nugget":81,"minecraft:quartz":1,"minecraft:knowledge_book":75,"minecraft:bread":17,"minecraft:air":0,"minecraft:charcoal":8,"minecraft:stick":12,"minecraft:flint":2,"minecraft:gunpowder":193,"minecraft:iron_ingot":9,"minecraft:copper_block":1},"minecraft:killed":{"minecraft:player":9,"minecraft:villager":1},"minecraft:killed_by":{"minecraft:player":4},"minecraft:dropped":{"minecraft:wheat_seeds":70,"minecraft:oak_log":195,"minecraft:oak_planks":8,"minecraft:apple":72,"minecraft:carrot_on_a_stick":2,"minecraft:grass_block":2,"minecraft:coal":2,"minecraft:stick":3,"minecraft:flint":6,"minecraft:gunpowder":33,"minecraft:stone_button":62,"minecraft:charcoal":9,"minecraft:beetroot_seeds":45,"minecraft:oak_sapling":1,"minecraft:iron_pickaxe":2,"minecraft:quartz":20,"minecraft:armor_stand":1}},"DataVersion":3700}