{"stats":{"minecraft:used":{"minecraft:gray_shulker_box":1,"minecraft:carrot_on_a_stick":961,"minecraft:chest":11,"minecraft:leather_chestplate":1,"minecraft:blast_furnace":3,"minecraft:smoker":5},"minecraft:custom":{"minecraft:time_since_rest":74262,"minecraft:interact_with_smithing_table":1,"minecraft:sprint_one_cm":160317,"minecraft:damage_taken":4267,"minecraft:walk_one_cm":144515,"minecraft:drop":30,"minecraft:damage_dealt":1233,"minecraft:interact_with_crafting_table":2,"minecraft:fly_one_cm":648308,"minecraft:player_kills":5,"minecraft:open_chest":10,"minecraft:crouch_one_cm":914,"minecraft:play_time":681912,"minecraft:open_shulker_box":19,"minecraft:deaths":25,"minecraft:sneak_time":1773,"minecraft:walk_under_water_one_cm":43,"minecraft:jump":1136,"minecraft:interact_with_blast_furnace":20,"minecraft:leave_game":3,"minecraft:walk_on_water_one_cm":303,"minecraft:time_since_death":74261,"minecraft:total_world_time":681912,"minecraft:climb_one_cm":962,"minecraft:interact_with_smoker":7,"minecraft:damage_resisted":1188,"minecraft:fall_one_cm":34694},"minecraft:mined":{"minecraft:short_grass":1},"minecraft:picked_up":{"minecraft:stick":315,"minecraft:wheat":63,"minecraft:carrot_on_a_stick":52,"minecraft:oak_log":455,"minecraft:gray_shulker_box":10,"minecraft:apple":280,"minecraft:wheat_seeds":47,"minecraft:iron_ingot":195,"minecraft:ender_pearl":2},"minecraft:crafted":{"minecraft:quartz":1,"minecraft:knowledge_book":11,"minecraft:air":0},"minecraft:killed":{"minecraft:player":5},"minecraft:killed_by":{"minecraft:player":7},"minecraft:dropped":{"minecraft:wheat_seeds":3,"minecraft:beetroot_seeds":20,"minecraft:carrot_on_a_stick":8}},"DataVersion":3700}