{
    "parent":"carrot",
    "textures":{
        "layer0":"item/carrot_on_a_stick"
    },
    "overrides":[
        {
            "predicate":{
                "custom_model_data":2
            },
            "model":"_xxxj:item/tiehuoqiang"
        },
        {
            "predicate":{
                "custom_model_data":3
            },
            "model":"_xxxj:item/tonghuoqiang"
        },
        {
            "predicate":{
                "custom_model_data":0
            },
            "model":"_xxxj:item/tonghuoqiang"
        }
    ]
}