{	"criteria": {
	"get_oak_log":{
		"trigger": "minecraft:inventory_changed",
		"conditions": {
			"items": [
				{"items": ["minecraft:bread"]
				}
			  ]
		}

	}
},
	"display": {
	  "description": {
		"text": "获得面包,但你次不了\n奖励30s"
	  },
	  "icon": {
		"item": "minecraft:bread"
	  },
	  "show_toast": true,
	  "announce_to_chat":false,
	  "title": {
		"text": "无从下咽"
	  },
	  "frame": "task"
	},
	"requirements": [
		[
			"get_oak_log"
		]
	],
	"rewards": {
		"function":"minecraft:advan/10"
	},
	"parent":"minecraft:amo/5desvib"
  }