{	"criteria": {
	"get_oak_log":{
		"trigger": "minecraft:impossible",
		"conditions": {
		}

	}
},
	"display": {
	  "description": {
		"text": "进行全民公决\n奖励4min"
	  },
	  "icon": {
		"item": "minecraft:writable_book"
	  },
	  "show_toast": true,
	  "announce_to_chat":false,
	  "title": {
		"text": "民煮"
	  },
	  "frame": "challenge"
	},
	"requirements": [
		[
			"get_oak_log"
		]
	],
	"rewards": {
		"function":"minecraft:advan/12"
	},
	"parent":"minecraft:amo/root"
  }