{	"criteria": {
	"get_oak_log":{
		"trigger": "minecraft:inventory_changed",
		"conditions": {
			"items": [
				{"items": ["minecraft:oak_log","minecraft:spruce_log"]
				}
			  ]
		}

	}
},
	"display": {
	  "description": {
		"text": "获得原木\n奖励45s"
	  },
	  "icon": {
		"item": "minecraft:oak_log"
	  },
	  "show_toast": true,
	  "announce_to_chat":false,
	  "title": {
		"text": "木已成骤"
	  },
	  "frame": "task"
	},
	"requirements": [
		[
			"get_oak_log"
		]
	],
	"rewards": {
		"function":"minecraft:advan/1"
	},
	"parent":"minecraft:amo/root"
  }