{	"criteria": {
	"get_all_stoneTools":{
		"trigger": "minecraft:inventory_changed",
		"conditions": {
			"items": [
				{
				  "items":["minecraft:stone_sword"]
				},
				{
				"items":["minecraft:stone_axe"]
				},
				{
					"items":["minecraft:stone_pickaxe"]
				},
				{
					"items":["minecraft:stone_shovel"]
				},
				{
					"items":["minecraft:stone_hoe"]
				}
			  ]
		}

	}
},
	"display": {
		"title": {
			"text": "一孪基石"
		},
	  "description": {
		"text": "获取全套石具\n奖励2min"
	  },
	  "icon": {
		"item": "minecraft:stone_pickaxe"
	  },
	  "show_toast": true,
	  "announce_to_chat":false,
	  "frame": "task"
	},
	"requirements": [
		[
			"get_all_stoneTools"
		]
	],
	"rewards": {
		"function":"minecraft:advan/2"
	},
	"parent":"minecraft:amo/1getwoo"
  }