{	"criteria": {
	"get_64_cobblestone":{
		"trigger": "minecraft:inventory_changed",
		"conditions": {
			"items": [
				{
				  "items": ["minecraft:cobblestone"],
                  "count": 64
				}
			  ]
		}

	}
},
	"display": {
	  "description": {
		"text": "获得一组圆石\n奖励2min30s"
	  },
	  "icon": {
		"item": "minecraft:cobblestone"
	  },
	  "show_toast": true,
	  "announce_to_chat":false,
	  "title": {
		"text": "刷石机sama"
	  },
	  "frame": "task"
	},
	"requirements": [
		[
			"get_64_cobblestone"
		]
	],
	"rewards": {
		"function":"minecraft:advan/3"
	},
	"parent":"minecraft:amo/2stotoo"
  }