{	"criteria": {
	"trade_with_dirtVillager":{
		"trigger": "minecraft:villager_trade",
		"conditions": {
			"villager":{

			}
		}

	}
},
	"display": {
		"title": {
			"text": "文艺复兴"
		},
	  "description": {
		"text": "与傻子村民进行泥土商店交易，奖励1min"
	  },
	  "icon": {
		"item": "minecraft:dirt"
	  },
	  "show_toast": true,
	  "announce_to_chat":false,
	  "frame": "task"
	},
	"requirements": [
		[
			"trade_with_dirtVillager"
		]
	],
	"rewards": {
		"function":"minecraft:advan/4"
	},
	"parent":"minecraft:amo/2stotoo"
  }