{	"criteria": {
	"get_3bed":{
		"trigger": "minecraft:inventory_changed",
		"conditions": {
			"items":[
				{
					"items":["minecraft:red_bed","minecraft:blue_bed","minecraft:cyan_bed","minecraft:gray_bed","minecraft:lime_bed","minecraft:pink_bed","minecraft:black_bed","minecraft:brown_bed","minecraft:green_bed","minecraft:white_bed","minecraft:orange_bed","minecraft:purple_bed"],
				"count": 1}
		]
			}
		}

	},
	"display": {
		"title": {
			"text": "与民同勒"
		},
	  "description": {
		"text": "获得村民的床，奖励30s"
	  },
	  "icon": {
		"item": "minecraft:red_bed"
	  },
	  "show_toast": true,
	  "announce_to_chat":false,
	  "frame": "goal"
	},
	"rewards": {
		"function":"minecraft:advan/5"
	},
	"parent":"minecraft:amo/root",
	"requirements": [["get_3bed"]]
  }