{	"criteria": {
	"sky_and_ground":{
		"trigger": "fall_from_height",
		"conditions": {
			  "distance": {
				"y": {
				  "min": 15.8
				}
			  },
			  "player": [
				{
				  "condition": "minecraft:entity_properties",
				  "entity": "this",
				  "predicate": {
					"location": {
					  "position": {
						"y": {
						  "max": 80.5
						}
					  }
					}
				  }
				}
			  ],
			  "start_position": {
				"position": {
				  "y": {
					"min": 95.8
				  }
				}
			  }
			}
		}
		},
	"display": {
		"title": {
			"text": "上天入地"
		},
	  "description": {
		"text": "从顶端落至底端，奖励1min"
	  },
	  "icon": {
		"item": "minecraft:leather_boots"
	  },
	  "show_toast": true,
	  "announce_to_chat":false,
	  "frame": "goal"
	},
	"rewards": {
		"function":"minecraft:advan/6"
	},
	"parent":"minecraft:amo/5desvib",
	"requirements": [["sky_and_ground"]]
  }