{	"criteria": {
	"get_hoe":{
		"trigger": "minecraft:inventory_changed",
		"conditions": {
			"items": [
				{"items": ["minecraft:diamond_hoe"]
				}
			  ]
		}

	}
},
	"display": {
	  "description": {
		"text": "合成钻石锄头\n奖励3min"
	  },
	  "icon": {
		"item": "minecraft:diamond_hoe"
	  },
	  "show_toast": true,
	  "announce_to_chat":false,
	  "title": {
		"text": "要到病锄"
	  },
	  "frame": "goal"
	},
	"requirements": [
		[
			"get_hoe"
		]
	],
	"rewards": {
		"function":"minecraft:advan/7"
	},
	"parent":"minecraft:amo/root"
  }