  {	"criteria": {
	"summoned_golem":{
		"trigger": "minecraft:summoned_entity",
        "conditions": {
              "entity": [
                {
                  "condition": "minecraft:entity_properties",
                  "entity": "this",
                  "predicate": {
                    "type": "minecraft:snow_golem"
                  }
                }
              ]
            }
          }
},
	"display": {
	  "description": {
		"text": "生成雪傀儡\n奖励1min30s"
	  },
	  "icon": {
		"item": "minecraft:snow_block"
	  },
	  "show_toast": true,
	  "announce_to_chat":false,
	  "title": {
		"text": "雪忠送叹"
	  },
	  "frame": "task"
	},
	"requirements": [
		[
			"summoned_golem"
		]
	],
	"rewards": {
		"function":"minecraft:advan/9"
	},
	"parent":"minecraft:amo/7diahoe"
  }