{
    "display": {
        "icon": {
            "item": "minecraft:command_block"
        },
        "title": {"text":"countdown","bold": true,"color": "light_gray"},
        "description": {"text":"by zzwxck&phantom\n游玩愉快~","color":"green"},
        "frame": "task",
        "announce_to_chat": false,
        "background": "minecraft:textures/block/snow.png",
        "show_toast": true,
        "hidden": false
    },
    "criteria": {
        "always": {
        "trigger": "impossible",
        "conditions": {}
    }
    }
}