{
	"format_version": "1.8.0",
	"animations": {
		"fly": {
			"loop": true,
			"animation_length": 0.28,
			"bones": {
				"fanLeaves1": {
					"rotation": {
						"0.0": [0, 0, 0],
						"0.28": [0, 360, 0]
					}
				},
				"fanLeaves2": {
					"rotation": {
						"0.0": [0, 0, 0],
						"0.28": [0, -360, 0]
					}
				},
				"fanLeaves3": {
					"rotation": {
						"0.0": [0, 0, 0],
						"0.28": [0, -360, 0]
					}
				},
				"fanLeaves4": {
					"rotation": {
						"0.0": [0, 0, 0],
						"0.28": [0, 360, 0]
					}
				}
			}
		}
	}
}