{
	"format_version": "1.12.0",
	"minecraft:geometry": [
		{
			"description": {
				"identifier": "geometry.unknown",
				"texture_width": 64,
				"texture_height": 64,
				"visible_bounds_width": 3,
				"visible_bounds_height": 2.5,
				"visible_bounds_offset": [0, 0.75, 0]
			},
			"bones": [
				{
					"name": "anthor",
					"pivot": [0, 0, 0],
					"cubes": [
						{
							"origin": [-2, 2.4, -2.5],
							"size": [4, 0.6, 6.3],
							"uv": {
								"north": {"uv": [4, 13], "uv_size": [4, 2]},
								"east": {"uv": [12, 5], "uv_size": [6, 2]},
								"south": {"uv": [8, 13], "uv_size": [4, 2]},
								"west": {"uv": [12, 7], "uv_size": [6, 2]},
								"up": {"uv": [0, 7], "uv_size": [4, 6]},
								"down": {"uv": [4, 13], "uv_size": [4, -6]}
							}
						},
						{
							"origin": [-2.75, 3.7, -3],
							"size": [5.75, 0.6, 7.2],
							"uv": {
								"north": {"uv": [22, 11], "uv_size": [6, 1]},
								"east": {"uv": [18, 7], "uv_size": [7, 1]},
								"south": {"uv": [22, 13], "uv_size": [6, 1]},
								"west": {"uv": [18, 8], "uv_size": [7, 1]},
								"up": {"uv": [0, 0], "uv_size": [6, 7]},
								"down": {"uv": [6, 7], "uv_size": [6, -7]}
							}
						},
						{
							"origin": [-2.75, 2.7, -3],
							"size": [5.75, 0.6, 7.2],
							"uv": {
								"north": {"uv": [22, 11], "uv_size": [6, 1]},
								"east": {"uv": [18, 7], "uv_size": [7, 1]},
								"south": {"uv": [22, 13], "uv_size": [6, 1]},
								"west": {"uv": [18, 8], "uv_size": [7, 1]},
								"up": {"uv": [0, 0], "uv_size": [6, 7]},
								"down": {"uv": [6, 7], "uv_size": [6, -7]}
							}
						},
						{
							"origin": [-2, 2.5, -4.5],
							"size": [0.5, 1.9, 2],
							"uv": {
								"north": {"uv": [32, 27], "uv_size": [1, 2]},
								"east": {"uv": [5, 23], "uv_size": [2, 2]},
								"south": {"uv": [32, 29], "uv_size": [1, 2]},
								"west": {"uv": [10, 23], "uv_size": [2, 2]},
								"up": {"uv": [32, 31], "uv_size": [1, 2]},
								"down": {"uv": [33, 2], "uv_size": [1, -2]}
							}
						},
						{
							"origin": [-2, 2.9, -3],
							"size": [4, 1.1, 5.3],
							"uv": {
								"north": {"uv": [23, 4], "uv_size": [4, 1]},
								"east": {"uv": [22, 14], "uv_size": [5, 1]},
								"south": {"uv": [23, 17], "uv_size": [4, 1]},
								"west": {"uv": [0, 23], "uv_size": [5, 1]},
								"up": {"uv": [8, 7], "uv_size": [4, 5]},
								"down": {"uv": [12, 5], "uv_size": [4, -5]}
							}
						},
						{
							"origin": [-2.1, 2.9, -5],
							"size": [0.7, 1.1, 0.5],
							"uv": {
								"north": {"uv": [3, 42], "uv_size": [1, 1]},
								"east": {"uv": [42, 3], "uv_size": [1, 1]},
								"south": {"uv": [4, 42], "uv_size": [1, 1]},
								"west": {"uv": [42, 4], "uv_size": [1, 1]},
								"up": {"uv": [5, 42], "uv_size": [1, 1]},
								"down": {"uv": [42, 6], "uv_size": [1, -1]}
							}
						},
						{
							"origin": [-2.1, 3.86925, -4.39134],
							"size": [0.7, 0.5, 0.707],
							"pivot": [-1.75, 3.45004, -4.25],
							"rotation": [45, 0, 0],
							"uv": {
								"north": {"uv": [6, 42], "uv_size": [1, 1]},
								"east": {"uv": [42, 6], "uv_size": [1, 1]},
								"south": {"uv": [7, 42], "uv_size": [1, 1]},
								"west": {"uv": [42, 7], "uv_size": [1, 1]},
								"up": {"uv": [8, 42], "uv_size": [1, 1]},
								"down": {"uv": [42, 9], "uv_size": [1, -1]}
							}
						},
						{
							"origin": [-2.1, 2.53077, -4.39139],
							"size": [0.7, 0.5, 0.707],
							"pivot": [-1.75, 3.45004, -4.25],
							"rotation": [-45, 0, 0],
							"uv": {
								"north": {"uv": [9, 42], "uv_size": [1, 1]},
								"east": {"uv": [42, 9], "uv_size": [1, 1]},
								"south": {"uv": [10, 42], "uv_size": [1, 1]},
								"west": {"uv": [42, 10], "uv_size": [1, 1]},
								"up": {"uv": [11, 42], "uv_size": [1, 1]},
								"down": {"uv": [42, 12], "uv_size": [1, -1]}
							}
						},
						{
							"origin": [1.5, 2.5, -4.5],
							"size": [0.5, 1.9, 2],
							"uv": {
								"north": {"uv": [15, 33], "uv_size": [1, 2]},
								"east": {"uv": [12, 23], "uv_size": [2, 2]},
								"south": {"uv": [33, 16], "uv_size": [1, 2]},
								"west": {"uv": [16, 23], "uv_size": [2, 2]},
								"up": {"uv": [33, 18], "uv_size": [1, 2]},
								"down": {"uv": [33, 22], "uv_size": [1, -2]}
							}
						},
						{
							"origin": [1.4, 2.9, -5],
							"size": [0.7, 1.1, 0.5],
							"uv": {
								"north": {"uv": [18, 42], "uv_size": [1, 1]},
								"east": {"uv": [42, 18], "uv_size": [1, 1]},
								"south": {"uv": [19, 42], "uv_size": [1, 1]},
								"west": {"uv": [42, 19], "uv_size": [1, 1]},
								"up": {"uv": [20, 42], "uv_size": [1, 1]},
								"down": {"uv": [42, 21], "uv_size": [1, -1]}
							}
						},
						{
							"origin": [1.4, 2.53077, -4.39139],
							"size": [0.7, 0.5, 0.707],
							"pivot": [1.75, 3.45004, -4.25],
							"rotation": [-45, 0, 0],
							"uv": {
								"north": {"uv": [15, 42], "uv_size": [1, 1]},
								"east": {"uv": [42, 15], "uv_size": [1, 1]},
								"south": {"uv": [16, 42], "uv_size": [1, 1]},
								"west": {"uv": [42, 16], "uv_size": [1, 1]},
								"up": {"uv": [17, 42], "uv_size": [1, 1]},
								"down": {"uv": [42, 18], "uv_size": [1, -1]}
							}
						},
						{
							"origin": [1.4, 3.86925, -4.39134],
							"size": [0.7, 0.5, 0.707],
							"pivot": [1.75, 3.45004, -4.25],
							"rotation": [45, 0, 0],
							"uv": {
								"north": {"uv": [12, 42], "uv_size": [1, 1]},
								"east": {"uv": [42, 12], "uv_size": [1, 1]},
								"south": {"uv": [13, 42], "uv_size": [1, 1]},
								"west": {"uv": [42, 13], "uv_size": [1, 1]},
								"up": {"uv": [14, 42], "uv_size": [1, 1]},
								"down": {"uv": [42, 15], "uv_size": [1, -1]}
							}
						},
						{
							"origin": [1.475, 2.3, -0.5],
							"size": [1.6, 2.4, 3],
							"uv": {
								"north": {"uv": [14, 22], "uv_size": [2, 2]},
								"east": {"uv": [17, 18], "uv_size": [3, 2]},
								"south": {"uv": [18, 22], "uv_size": [2, 2]},
								"west": {"uv": [4, 19], "uv_size": [3, 2]},
								"up": {"uv": [7, 19], "uv_size": [2, 3]},
								"down": {"uv": [9, 22], "uv_size": [2, -3]}
							}
						},
						{
							"origin": [-2.8, 2.3, -0.5],
							"size": [1.6, 2.4, 3],
							"uv": {
								"north": {"uv": [23, 0], "uv_size": [2, 2]},
								"east": {"uv": [11, 19], "uv_size": [3, 2]},
								"south": {"uv": [23, 2], "uv_size": [2, 2]},
								"west": {"uv": [19, 13], "uv_size": [3, 2]},
								"up": {"uv": [14, 19], "uv_size": [2, 3]},
								"down": {"uv": [16, 23], "uv_size": [2, -3]}
							}
						},
						{
							"origin": [-3, 2.5, 3.2],
							"size": [6, 0.5, 0.6],
							"uv": {
								"north": {"uv": [11, 18], "uv_size": [6, 1]},
								"east": {"uv": [18, 17], "uv_size": [1, 1]},
								"south": {"uv": [18, 12], "uv_size": [6, 1]},
								"west": {"uv": [16, 19], "uv_size": [1, 1]},
								"up": {"uv": [18, 15], "uv_size": [6, 1]},
								"down": {"uv": [18, 17], "uv_size": [6, -1]}
							}
						},
						{
							"origin": [2, 2.5, -3.8],
							"size": [1, 0.5, 0.6],
							"uv": {
								"north": {"uv": [19, 17], "uv_size": [1, 1]},
								"east": {"uv": [20, 19], "uv_size": [1, 1]},
								"south": {"uv": [10, 22], "uv_size": [1, 1]},
								"west": {"uv": [20, 22], "uv_size": [1, 1]},
								"up": {"uv": [3, 24], "uv_size": [1, 1]},
								"down": {"uv": [4, 25], "uv_size": [1, -1]}
							}
						},
						{
							"origin": [-3, 2.5, -3.8],
							"size": [1, 0.5, 0.6],
							"uv": {
								"north": {"uv": [33, 28], "uv_size": [1, 1]},
								"east": {"uv": [29, 33], "uv_size": [1, 1]},
								"south": {"uv": [33, 29], "uv_size": [1, 1]},
								"west": {"uv": [30, 33], "uv_size": [1, 1]},
								"up": {"uv": [33, 30], "uv_size": [1, 1]},
								"down": {"uv": [31, 34], "uv_size": [1, -1]}
							}
						},
						{
							"origin": [-5.42616, 2.58414, -3.8],
							"size": [2.7, 0.6, 0.6],
							"pivot": [-2.72616, 2.88414, -3.5],
							"rotation": [0, 0, -70],
							"uv": {
								"north": {"uv": [23, 18], "uv_size": [3, 1]},
								"east": {"uv": [26, 18], "uv_size": [1, 1]},
								"south": {"uv": [20, 23], "uv_size": [3, 1]},
								"west": {"uv": [26, 23], "uv_size": [1, 1]},
								"up": {"uv": [23, 23], "uv_size": [3, 1]},
								"down": {"uv": [0, 25], "uv_size": [3, -1]}
							}
						},
						{
							"origin": [-5.42616, 2.58414, 3.2],
							"size": [2.7, 0.6, 0.6],
							"pivot": [-2.72616, 2.88414, -3.5],
							"rotation": [0, 0, -70],
							"uv": {
								"north": {"uv": [7, 24], "uv_size": [3, 1]},
								"east": {"uv": [27, 4], "uv_size": [1, 1]},
								"south": {"uv": [24, 12], "uv_size": [3, 1]},
								"west": {"uv": [27, 10], "uv_size": [1, 1]},
								"up": {"uv": [24, 15], "uv_size": [3, 1]},
								"down": {"uv": [24, 17], "uv_size": [3, -1]}
							}
						},
						{
							"origin": [2.72616, 2.58414, 3.2],
							"size": [2.7, 0.6, 0.6],
							"pivot": [2.72616, 2.88414, -3.5],
							"rotation": [0, 0, 70],
							"uv": {
								"north": {"uv": [24, 21], "uv_size": [3, 1]},
								"east": {"uv": [33, 23], "uv_size": [1, 1]},
								"south": {"uv": [24, 22], "uv_size": [3, 1]},
								"west": {"uv": [33, 24], "uv_size": [1, 1]},
								"up": {"uv": [24, 24], "uv_size": [3, 1]},
								"down": {"uv": [0, 26], "uv_size": [3, -1]}
							}
						},
						{
							"origin": [2.72616, 2.58414, -3.8],
							"size": [2.7, 0.6, 0.6],
							"pivot": [2.72616, 2.88414, -3.5],
							"rotation": [0, 0, 70],
							"uv": {
								"north": {"uv": [18, 24], "uv_size": [3, 1]},
								"east": {"uv": [27, 12], "uv_size": [1, 1]},
								"south": {"uv": [24, 19], "uv_size": [3, 1]},
								"west": {"uv": [33, 22], "uv_size": [1, 1]},
								"up": {"uv": [24, 20], "uv_size": [3, 1]},
								"down": {"uv": [21, 25], "uv_size": [3, -1]}
							}
						},
						{
							"origin": [-4.125, 0.025, -5],
							"size": [1, 0.5, 10],
							"uv": {
								"north": {"uv": [25, 10], "uv_size": [1, 1]},
								"east": {"uv": [8, 12], "uv_size": [10, 1]},
								"south": {"uv": [26, 10], "uv_size": [1, 1]},
								"west": {"uv": [12, 9], "uv_size": [10, 1]},
								"up": {"uv": [0, 13], "uv_size": [1, 10]},
								"down": {"uv": [1, 23], "uv_size": [1, -10]}
							}
						},
						{
							"origin": [3.125, 0.025, -5],
							"size": [1, 0.5, 10],
							"uv": {
								"north": {"uv": [33, 27], "uv_size": [1, 1]},
								"east": {"uv": [12, 10], "uv_size": [10, 1]},
								"south": {"uv": [28, 33], "uv_size": [1, 1]},
								"west": {"uv": [12, 11], "uv_size": [10, 1]},
								"up": {"uv": [2, 13], "uv_size": [1, 10]},
								"down": {"uv": [3, 23], "uv_size": [1, -10]}
							}
						}
					]
				},
				{
					"name": "bone3",
					"parent": "anthor",
					"pivot": [0, 0, 0],
					"cubes": [
						{
							"origin": [-2, 3.4, -2.5],
							"size": [4, 1.1, 6.3],
							"uv": {
								"north": {"uv": [4, 13], "uv_size": [4, 2]},
								"east": {"uv": [12, 5], "uv_size": [6, 2]},
								"south": {"uv": [8, 13], "uv_size": [4, 2]},
								"west": {"uv": [12, 7], "uv_size": [6, 2]},
								"up": {"uv": [0, 7], "uv_size": [4, 6]},
								"down": {"uv": [4, 13], "uv_size": [4, -6]}
							}
						}
					]
				},
				{
					"name": "cam",
					"parent": "anthor",
					"pivot": [0, 3.45, -3.95],
					"cubes": [
						{
							"origin": [-1.5, 2.6, -4.35],
							"size": [3, 1.7, 0.7038],
							"uv": {
								"north": {"uv": [20, 17], "uv_size": [3, 2]},
								"east": {"uv": [33, 2], "uv_size": [1, 2]},
								"south": {"uv": [18, 20], "uv_size": [3, 2]},
								"west": {"uv": [33, 4], "uv_size": [1, 2]},
								"up": {"uv": [25, 0], "uv_size": [3, 1]},
								"down": {"uv": [25, 2], "uv_size": [3, -1]}
							}
						},
						{
							"origin": [-1.5, 2.6, -4.35],
							"size": [3, 1.7, 0.7038],
							"pivot": [0, 3.45, -4],
							"rotation": [90, 0, 0],
							"uv": {
								"north": {"uv": [4, 21], "uv_size": [3, 2]},
								"east": {"uv": [33, 6], "uv_size": [1, 2]},
								"south": {"uv": [11, 21], "uv_size": [3, 2]},
								"west": {"uv": [33, 8], "uv_size": [1, 2]},
								"up": {"uv": [25, 2], "uv_size": [3, 1]},
								"down": {"uv": [3, 26], "uv_size": [3, -1]}
							}
						},
						{
							"origin": [-1.5, 2.6, -4.35],
							"size": [3, 1.7, 0.7038],
							"pivot": [0, 3.45, -4],
							"rotation": [135, 0, 0],
							"uv": {
								"north": {"uv": [7, 22], "uv_size": [3, 2]},
								"east": {"uv": [14, 33], "uv_size": [1, 2]},
								"south": {"uv": [22, 9], "uv_size": [3, 2]},
								"west": {"uv": [33, 14], "uv_size": [1, 2]},
								"up": {"uv": [6, 25], "uv_size": [3, 1]},
								"down": {"uv": [25, 7], "uv_size": [3, -1]}
							}
						},
						{
							"origin": [-1.5, 2.6, -4.35],
							"size": [3, 1.7, 0.7038],
							"pivot": [0, 3.45, -4],
							"rotation": [45, 0, 0],
							"uv": {
								"north": {"uv": [21, 19], "uv_size": [3, 2]},
								"east": {"uv": [33, 10], "uv_size": [1, 2]},
								"south": {"uv": [21, 21], "uv_size": [3, 2]},
								"west": {"uv": [33, 12], "uv_size": [1, 2]},
								"up": {"uv": [25, 3], "uv_size": [3, 1]},
								"down": {"uv": [25, 6], "uv_size": [3, -1]}
							}
						}
					]
				},
				{
					"name": "bone",
					"parent": "cam",
					"pivot": [0, 3.4, -5],
					"cubes": [
						{
							"origin": [-0.2468, 3.2, -5.5],
							"size": [0.4968, 0.2, 0.8],
							"uv": {
								"north": {"uv": [33, 31], "uv_size": [1, 1]},
								"east": {"uv": [32, 33], "uv_size": [1, 1]},
								"south": {"uv": [33, 32], "uv_size": [1, 1]},
								"west": {"uv": [33, 33], "uv_size": [1, 1]},
								"up": {"uv": [34, 0], "uv_size": [1, 1]},
								"down": {"uv": [34, 2], "uv_size": [1, -1]}
							}
						},
						{
							"origin": [-0.2468, 3.2, -5.5],
							"size": [0.4968, 0.2, 0.8],
							"pivot": [0.0016, 2.8, -5.1],
							"rotation": [0, 0, -90],
							"uv": {
								"north": {"uv": [34, 2], "uv_size": [1, 1]},
								"east": {"uv": [34, 3], "uv_size": [1, 1]},
								"south": {"uv": [34, 4], "uv_size": [1, 1]},
								"west": {"uv": [34, 5], "uv_size": [1, 1]},
								"up": {"uv": [34, 6], "uv_size": [1, 1]},
								"down": {"uv": [34, 8], "uv_size": [1, -1]}
							}
						},
						{
							"origin": [-0.2468, 3.2, -5.5],
							"size": [0.4968, 0.2, 0.8],
							"pivot": [0.0016, 2.8, -5.1],
							"rotation": [0, 0, -45],
							"uv": {
								"north": {"uv": [34, 11], "uv_size": [1, 1]},
								"east": {"uv": [12, 34], "uv_size": [1, 1]},
								"south": {"uv": [34, 12], "uv_size": [1, 1]},
								"west": {"uv": [13, 34], "uv_size": [1, 1]},
								"up": {"uv": [34, 13], "uv_size": [1, 1]},
								"down": {"uv": [34, 15], "uv_size": [1, -1]}
							}
						},
						{
							"origin": [-0.2468, 3.2, -5.5],
							"size": [0.4968, 0.2, 0.8],
							"pivot": [0.0016, 2.8, -5.1],
							"rotation": [0, 0, 45],
							"uv": {
								"north": {"uv": [34, 8], "uv_size": [1, 1]},
								"east": {"uv": [9, 34], "uv_size": [1, 1]},
								"south": {"uv": [34, 9], "uv_size": [1, 1]},
								"west": {"uv": [10, 34], "uv_size": [1, 1]},
								"up": {"uv": [34, 10], "uv_size": [1, 1]},
								"down": {"uv": [11, 35], "uv_size": [1, -1]}
							}
						},
						{
							"origin": [-0.2468, 2.2, -5.5],
							"size": [0.4968, 0.2, 0.8],
							"pivot": [0.0016, 2.8, -5.1],
							"rotation": [0, 0, -90],
							"uv": {
								"north": {"uv": [34, 24], "uv_size": [1, 1]},
								"east": {"uv": [25, 34], "uv_size": [1, 1]},
								"south": {"uv": [34, 25], "uv_size": [1, 1]},
								"west": {"uv": [26, 34], "uv_size": [1, 1]},
								"up": {"uv": [34, 26], "uv_size": [1, 1]},
								"down": {"uv": [34, 28], "uv_size": [1, -1]}
							}
						},
						{
							"origin": [-0.2468, 2.2, -5.5],
							"size": [0.4968, 0.2, 0.8],
							"pivot": [0.0016, 2.8, -5.1],
							"rotation": [0, 0, 45],
							"uv": {
								"north": {"uv": [34, 21], "uv_size": [1, 1]},
								"east": {"uv": [22, 34], "uv_size": [1, 1]},
								"south": {"uv": [34, 22], "uv_size": [1, 1]},
								"west": {"uv": [23, 34], "uv_size": [1, 1]},
								"up": {"uv": [34, 23], "uv_size": [1, 1]},
								"down": {"uv": [24, 35], "uv_size": [1, -1]}
							}
						},
						{
							"origin": [-0.2468, 2.2, -5.5],
							"size": [0.4968, 0.2, 0.8],
							"uv": {
								"north": {"uv": [34, 18], "uv_size": [1, 1]},
								"east": {"uv": [19, 34], "uv_size": [1, 1]},
								"south": {"uv": [34, 19], "uv_size": [1, 1]},
								"west": {"uv": [20, 34], "uv_size": [1, 1]},
								"up": {"uv": [34, 20], "uv_size": [1, 1]},
								"down": {"uv": [21, 35], "uv_size": [1, -1]}
							}
						},
						{
							"origin": [-0.2468, 2.2, -5.5],
							"size": [0.4968, 0.2, 0.8],
							"pivot": [0.0016, 2.8, -5.1],
							"rotation": [0, 0, -45],
							"uv": {
								"north": {"uv": [34, 15], "uv_size": [1, 1]},
								"east": {"uv": [16, 34], "uv_size": [1, 1]},
								"south": {"uv": [34, 16], "uv_size": [1, 1]},
								"west": {"uv": [17, 34], "uv_size": [1, 1]},
								"up": {"uv": [34, 17], "uv_size": [1, 1]},
								"down": {"uv": [18, 35], "uv_size": [1, -1]}
							}
						}
					]
				},
				{
					"name": "bone2",
					"parent": "cam",
					"pivot": [0, 3.4, -4.2],
					"rotation": [20, 0, 0],
					"cubes": [
						{
							"origin": [-0.2468, 3.44337, -5.08024],
							"size": [0.4968, 0.2, 1.2],
							"uv": {
								"north": {"uv": [28, 34], "uv_size": [1, 1]},
								"east": {"uv": [34, 28], "uv_size": [1, 1]},
								"south": {"uv": [29, 34], "uv_size": [1, 1]},
								"west": {"uv": [34, 29], "uv_size": [1, 1]},
								"up": {"uv": [30, 34], "uv_size": [1, 1]},
								"down": {"uv": [34, 31], "uv_size": [1, -1]}
							}
						},
						{
							"origin": [-0.2468, 3.44337, -5.00524],
							"size": [0.4968, 0.2, 1.125],
							"pivot": [0.0016, 3.04337, -4.68024],
							"rotation": [0, 0, -90],
							"uv": {
								"north": {"uv": [31, 34], "uv_size": [1, 1]},
								"east": {"uv": [34, 31], "uv_size": [1, 1]},
								"south": {"uv": [32, 34], "uv_size": [1, 1]},
								"west": {"uv": [34, 32], "uv_size": [1, 1]},
								"up": {"uv": [33, 34], "uv_size": [1, 1]},
								"down": {"uv": [34, 34], "uv_size": [1, -1]}
							}
						},
						{
							"origin": [-0.2468, 3.44337, -5.08024],
							"size": [0.4968, 0.2, 1.2],
							"pivot": [0.0016, 3.04337, -4.68024],
							"rotation": [0, 0, -45],
							"uv": {
								"north": {"uv": [34, 34], "uv_size": [1, 1]},
								"east": {"uv": [0, 35], "uv_size": [1, 1]},
								"south": {"uv": [35, 0], "uv_size": [1, 1]},
								"west": {"uv": [1, 35], "uv_size": [1, 1]},
								"up": {"uv": [35, 1], "uv_size": [1, 1]},
								"down": {"uv": [2, 36], "uv_size": [1, -1]}
							}
						},
						{
							"origin": [-0.2468, 3.44337, -5.08024],
							"size": [0.4968, 0.2, 1.2],
							"pivot": [0.0016, 3.04337, -4.68024],
							"rotation": [0, 0, 45],
							"uv": {
								"north": {"uv": [35, 2], "uv_size": [1, 1]},
								"east": {"uv": [3, 35], "uv_size": [1, 1]},
								"south": {"uv": [35, 3], "uv_size": [1, 1]},
								"west": {"uv": [4, 35], "uv_size": [1, 1]},
								"up": {"uv": [35, 4], "uv_size": [1, 1]},
								"down": {"uv": [5, 36], "uv_size": [1, -1]}
							}
						},
						{
							"origin": [-0.2468, 2.44337, -5.00524],
							"size": [0.4968, 0.2, 1.125],
							"pivot": [0.0016, 3.04337, -4.68024],
							"rotation": [0, 0, -90],
							"uv": {
								"north": {"uv": [35, 5], "uv_size": [1, 1]},
								"east": {"uv": [6, 35], "uv_size": [1, 1]},
								"south": {"uv": [35, 6], "uv_size": [1, 1]},
								"west": {"uv": [7, 35], "uv_size": [1, 1]},
								"up": {"uv": [35, 7], "uv_size": [1, 1]},
								"down": {"uv": [8, 36], "uv_size": [1, -1]}
							}
						},
						{
							"origin": [-0.2468, 2.44337, -5.08024],
							"size": [0.4968, 0.2, 1.2],
							"pivot": [0.0016, 3.04337, -4.68024],
							"rotation": [0, 0, 45],
							"uv": {
								"north": {"uv": [35, 8], "uv_size": [1, 1]},
								"east": {"uv": [9, 35], "uv_size": [1, 1]},
								"south": {"uv": [35, 9], "uv_size": [1, 1]},
								"west": {"uv": [10, 35], "uv_size": [1, 1]},
								"up": {"uv": [35, 10], "uv_size": [1, 1]},
								"down": {"uv": [11, 36], "uv_size": [1, -1]}
							}
						},
						{
							"origin": [-0.2468, 2.74337, -5.08024],
							"size": [0.4968, 0.6, 1.2],
							"uv": {
								"north": {"uv": [35, 11], "uv_size": [1, 1]},
								"east": {"uv": [12, 35], "uv_size": [1, 1]},
								"south": {"uv": [35, 12], "uv_size": [1, 1]},
								"west": {"uv": [13, 35], "uv_size": [1, 1]},
								"up": {"uv": [35, 13], "uv_size": [1, 1]},
								"down": {"uv": [14, 36], "uv_size": [1, -1]}
							}
						},
						{
							"origin": [-0.2468, 2.44337, -5.08024],
							"size": [0.4968, 0.2, 1.2],
							"pivot": [0.0016, 3.04337, -4.68024],
							"rotation": [0, 0, -45],
							"uv": {
								"north": {"uv": [35, 14], "uv_size": [1, 1]},
								"east": {"uv": [15, 35], "uv_size": [1, 1]},
								"south": {"uv": [35, 15], "uv_size": [1, 1]},
								"west": {"uv": [16, 35], "uv_size": [1, 1]},
								"up": {"uv": [35, 16], "uv_size": [1, 1]},
								"down": {"uv": [17, 36], "uv_size": [1, -1]}
							}
						}
					]
				},
				{
					"name": "light",
					"parent": "cam",
					"pivot": [0, 3.45, -3.95],
					"rotation": [0, -20, 0],
					"cubes": [
						{
							"origin": [-0.5, 2.65, -15.35],
							"size": [1, 0.3, 9.9],
							"uv": {
								"north": {"uv": [63, 0], "uv_size": [1, 0.3]},
								"east": {"uv": [53, 0], "uv_size": [11, 0]},
								"south": {"uv": [63, 0], "uv_size": [1, 0.3]},
								"west": {"uv": [53, 0], "uv_size": [11, 0.3]},
								"up": {"uv": [64, 11], "uv_size": [-1, -11]},
								"down": {"uv": [64, 11], "uv_size": [-1, -11]}
							}
						},
						{
							"origin": [-0.5, 2.65, -15.35],
							"size": [1, 0.3, 9.9],
							"pivot": [0, 2.8, -5.35],
							"rotation": [0, 5, 0],
							"uv": {
								"north": {"uv": [63, 0], "uv_size": [1, 0.3]},
								"east": {"uv": [53, 0], "uv_size": [11, 0]},
								"south": {"uv": [63, 0], "uv_size": [1, 0.3]},
								"west": {"uv": [53, 0], "uv_size": [11, 0.3]},
								"up": {"uv": [64, 11], "uv_size": [-1, -11]},
								"down": {"uv": [64, 11], "uv_size": [-1, -11]}
							}
						},
						{
							"origin": [-0.5, 2.65, -15.35],
							"size": [1, 0.3, 9.9],
							"pivot": [0, 2.8, -5.35],
							"rotation": [0, -5, 0],
							"uv": {
								"north": {"uv": [63, 0], "uv_size": [1, 0.3]},
								"east": {"uv": [53, 0], "uv_size": [11, 0]},
								"south": {"uv": [63, 0], "uv_size": [1, 0.3]},
								"west": {"uv": [53, 0], "uv_size": [11, 0.3]},
								"up": {"uv": [64, 11], "uv_size": [-1, -11]},
								"down": {"uv": [64, 11], "uv_size": [-1, -11]}
							}
						},
						{
							"origin": [-0.5, 2.65, -15.35],
							"size": [1, 0.3, 9.9],
							"pivot": [0, 2.8, -5.35],
							"rotation": [0, 10, 0],
							"uv": {
								"north": {"uv": [63, 0], "uv_size": [1, 0.3]},
								"east": {"uv": [53, 0], "uv_size": [11, 0]},
								"south": {"uv": [63, 0], "uv_size": [1, 0.3]},
								"west": {"uv": [53, 0], "uv_size": [11, 0.3]},
								"up": {"uv": [64, 11], "uv_size": [-1, -11]},
								"down": {"uv": [64, 11], "uv_size": [-1, -11]}
							}
						},
						{
							"origin": [-0.5, 2.65, -15.35],
							"size": [1, 0.3, 9.9],
							"pivot": [0, 2.8, -5.35],
							"rotation": [0, 15, 0],
							"uv": {
								"north": {"uv": [63, 0], "uv_size": [1, 0.3]},
								"east": {"uv": [53, 0], "uv_size": [11, 0]},
								"south": {"uv": [63, 0], "uv_size": [1, 0.3]},
								"west": {"uv": [53, 0], "uv_size": [11, 0.3]},
								"up": {"uv": [64, 11], "uv_size": [-1, -11]},
								"down": {"uv": [64, 11], "uv_size": [-1, -11]}
							}
						},
						{
							"origin": [-0.5, 2.65, -15.35],
							"size": [1, 0.3, 9.9],
							"pivot": [0, 2.8, -5.35],
							"rotation": [0, 20, 0],
							"uv": {
								"north": {"uv": [63, 0], "uv_size": [1, 0.3]},
								"east": {"uv": [53, 0], "uv_size": [11, 0]},
								"south": {"uv": [63, 0], "uv_size": [1, 0.3]},
								"west": {"uv": [53, 0], "uv_size": [11, 0.3]},
								"up": {"uv": [64, 11], "uv_size": [-1, -11]},
								"down": {"uv": [64, 11], "uv_size": [-1, -11]}
							}
						},
						{
							"origin": [-0.5, 2.65, -15.35],
							"size": [1, 0.3, 9.9],
							"pivot": [0, 2.8, -5.35],
							"rotation": [0, -20, 0],
							"uv": {
								"north": {"uv": [63, 0], "uv_size": [1, 0.3]},
								"east": {"uv": [53, 0], "uv_size": [11, 0]},
								"south": {"uv": [63, 0], "uv_size": [1, 0.3]},
								"west": {"uv": [53, 0], "uv_size": [11, 0.3]},
								"up": {"uv": [64, 11], "uv_size": [-1, -11]},
								"down": {"uv": [64, 11], "uv_size": [-1, -11]}
							}
						},
						{
							"origin": [-0.5, 2.65, -15.35],
							"size": [1, 0.3, 9.9],
							"pivot": [0, 2.8, -5.35],
							"rotation": [0, -15, 0],
							"uv": {
								"north": {"uv": [63, 0], "uv_size": [1, 0.3]},
								"east": {"uv": [53, 0], "uv_size": [11, 0]},
								"south": {"uv": [63, 0], "uv_size": [1, 0.3]},
								"west": {"uv": [53, 0], "uv_size": [11, 0.3]},
								"up": {"uv": [64, 11], "uv_size": [-1, -11]},
								"down": {"uv": [64, 11], "uv_size": [-1, -11]}
							}
						},
						{
							"origin": [-0.5, 2.65, -15.35],
							"size": [1, 0.3, 9.9],
							"pivot": [0, 2.8, -5.35],
							"rotation": [0, -10, 0],
							"uv": {
								"north": {"uv": [63, 0], "uv_size": [1, 0.3]},
								"east": {"uv": [53, 0], "uv_size": [11, 0]},
								"south": {"uv": [63, 0], "uv_size": [1, 0.3]},
								"west": {"uv": [53, 0], "uv_size": [11, 0.3]},
								"up": {"uv": [64, 11], "uv_size": [-1, -11]},
								"down": {"uv": [64, 11], "uv_size": [-1, -11]}
							}
						}
					]
				},
				{
					"name": "light2",
					"parent": "cam",
					"pivot": [0, 3.45, -3.95],
					"rotation": [0, 20, 0],
					"cubes": [
						{
							"origin": [-0.5, 2.65, -15.35],
							"size": [1, 0.3, 9.9],
							"uv": {
								"north": {"uv": [63, 0], "uv_size": [1, 0.3]},
								"east": {"uv": [53, 0], "uv_size": [11, 0]},
								"south": {"uv": [63, 0], "uv_size": [1, 0.3]},
								"west": {"uv": [53, 0], "uv_size": [11, 0.3]},
								"up": {"uv": [64, 11], "uv_size": [-1, -11]},
								"down": {"uv": [64, 11], "uv_size": [-1, -11]}
							}
						},
						{
							"origin": [-0.5, 2.65, -15.35],
							"size": [1, 0.3, 9.9],
							"pivot": [0, 2.8, -5.35],
							"rotation": [0, 5, 0],
							"uv": {
								"north": {"uv": [63, 0], "uv_size": [1, 0.3]},
								"east": {"uv": [53, 0], "uv_size": [11, 0]},
								"south": {"uv": [63, 0], "uv_size": [1, 0.3]},
								"west": {"uv": [53, 0], "uv_size": [11, 0.3]},
								"up": {"uv": [64, 11], "uv_size": [-1, -11]},
								"down": {"uv": [64, 11], "uv_size": [-1, -11]}
							}
						},
						{
							"origin": [-0.5, 2.65, -15.35],
							"size": [1, 0.3, 9.9],
							"pivot": [0, 2.8, -5.35],
							"rotation": [0, -5, 0],
							"uv": {
								"north": {"uv": [63, 0], "uv_size": [1, 0.3]},
								"east": {"uv": [53, 0], "uv_size": [11, 0]},
								"south": {"uv": [63, 0], "uv_size": [1, 0.3]},
								"west": {"uv": [53, 0], "uv_size": [11, 0.3]},
								"up": {"uv": [64, 11], "uv_size": [-1, -11]},
								"down": {"uv": [64, 11], "uv_size": [-1, -11]}
							}
						},
						{
							"origin": [-0.5, 2.65, -15.35],
							"size": [1, 0.3, 9.9],
							"pivot": [0, 2.8, -5.35],
							"rotation": [0, 10, 0],
							"uv": {
								"north": {"uv": [63, 0], "uv_size": [1, 0.3]},
								"east": {"uv": [53, 0], "uv_size": [11, 0]},
								"south": {"uv": [63, 0], "uv_size": [1, 0.3]},
								"west": {"uv": [53, 0], "uv_size": [11, 0.3]},
								"up": {"uv": [64, 11], "uv_size": [-1, -11]},
								"down": {"uv": [64, 11], "uv_size": [-1, -11]}
							}
						},
						{
							"origin": [-0.5, 2.65, -15.35],
							"size": [1, 0.3, 9.9],
							"pivot": [0, 2.8, -5.35],
							"rotation": [0, 15, 0],
							"uv": {
								"north": {"uv": [63, 0], "uv_size": [1, 0.3]},
								"east": {"uv": [53, 0], "uv_size": [11, 0]},
								"south": {"uv": [63, 0], "uv_size": [1, 0.3]},
								"west": {"uv": [53, 0], "uv_size": [11, 0.3]},
								"up": {"uv": [64, 11], "uv_size": [-1, -11]},
								"down": {"uv": [64, 11], "uv_size": [-1, -11]}
							}
						},
						{
							"origin": [-0.5, 2.65, -15.35],
							"size": [1, 0.3, 9.9],
							"pivot": [0, 2.8, -5.35],
							"rotation": [0, 20, 0],
							"uv": {
								"north": {"uv": [63, 0], "uv_size": [1, 0.3]},
								"east": {"uv": [53, 0], "uv_size": [11, 0]},
								"south": {"uv": [63, 0], "uv_size": [1, 0.3]},
								"west": {"uv": [53, 0], "uv_size": [11, 0.3]},
								"up": {"uv": [64, 11], "uv_size": [-1, -11]},
								"down": {"uv": [64, 11], "uv_size": [-1, -11]}
							}
						},
						{
							"origin": [-0.5, 2.65, -15.35],
							"size": [1, 0.3, 9.9],
							"pivot": [0, 2.8, -5.35],
							"rotation": [0, -20, 0],
							"uv": {
								"north": {"uv": [63, 0], "uv_size": [1, 0.3]},
								"east": {"uv": [53, 0], "uv_size": [11, 0]},
								"south": {"uv": [63, 0], "uv_size": [1, 0.3]},
								"west": {"uv": [53, 0], "uv_size": [11, 0.3]},
								"up": {"uv": [64, 11], "uv_size": [-1, -11]},
								"down": {"uv": [64, 11], "uv_size": [-1, -11]}
							}
						},
						{
							"origin": [-0.5, 2.65, -15.35],
							"size": [1, 0.3, 9.9],
							"pivot": [0, 2.8, -5.35],
							"rotation": [0, -15, 0],
							"uv": {
								"north": {"uv": [63, 0], "uv_size": [1, 0.3]},
								"east": {"uv": [53, 0], "uv_size": [11, 0]},
								"south": {"uv": [63, 0], "uv_size": [1, 0.3]},
								"west": {"uv": [53, 0], "uv_size": [11, 0.3]},
								"up": {"uv": [64, 11], "uv_size": [-1, -11]},
								"down": {"uv": [64, 11], "uv_size": [-1, -11]}
							}
						},
						{
							"origin": [-0.5, 2.65, -15.35],
							"size": [1, 0.3, 9.9],
							"pivot": [0, 2.8, -5.35],
							"rotation": [0, -10, 0],
							"uv": {
								"north": {"uv": [63, 0], "uv_size": [1, 0.3]},
								"east": {"uv": [53, 0], "uv_size": [11, 0]},
								"south": {"uv": [63, 0], "uv_size": [1, 0.3]},
								"west": {"uv": [53, 0], "uv_size": [11, 0.3]},
								"up": {"uv": [64, 11], "uv_size": [-1, -11]},
								"down": {"uv": [64, 11], "uv_size": [-1, -11]}
							}
						}
					]
				},
				{
					"name": "fan1",
					"parent": "anthor",
					"pivot": [0, 2, -0.5],
					"cubes": [
						{
							"origin": [-7, 2.5, -1],
							"size": [7, 1, 1],
							"pivot": [0, 2, -0.5],
							"rotation": [-9.85108, -44.13603, 14.00194],
							"uv": {
								"north": {"uv": [12, 13], "uv_size": [7, 1]},
								"east": {"uv": [33, 25], "uv_size": [1, 1]},
								"south": {"uv": [12, 14], "uv_size": [7, 1]},
								"west": {"uv": [33, 26], "uv_size": [1, 1]},
								"up": {"uv": [4, 15], "uv_size": [7, 1]},
								"down": {"uv": [11, 16], "uv_size": [7, -1]}
							}
						},
						{
							"origin": [-4.90987, 3.72449, -5.75987],
							"size": [0.3, 1, 1],
							"pivot": [-4.75987, 4.22449, -5.25987],
							"rotation": [-22.90981, -39.85571, 33.4032],
							"uv": {
								"north": {"uv": [35, 17], "uv_size": [1, 1]},
								"east": {"uv": [18, 35], "uv_size": [1, 1]},
								"south": {"uv": [35, 18], "uv_size": [1, 1]},
								"west": {"uv": [19, 35], "uv_size": [1, 1]},
								"up": {"uv": [35, 19], "uv_size": [1, 1]},
								"down": {"uv": [20, 36], "uv_size": [1, -1]}
							}
						},
						{
							"origin": [-4.98041, 3.79435, -5.83041],
							"size": [0.3, 1, 1],
							"pivot": [-4.83041, 4.29435, -5.33041],
							"rotation": [-35.26439, -30, 54.73561],
							"uv": {
								"north": {"uv": [35, 20], "uv_size": [1, 1]},
								"east": {"uv": [21, 35], "uv_size": [1, 1]},
								"south": {"uv": [35, 21], "uv_size": [1, 1]},
								"west": {"uv": [22, 35], "uv_size": [1, 1]},
								"up": {"uv": [35, 22], "uv_size": [1, 1]},
								"down": {"uv": [23, 36], "uv_size": [1, -1]}
							}
						},
						{
							"origin": [-5.02981, 3.89411, -5.87981],
							"size": [0.3, 1, 1],
							"pivot": [-4.87981, 4.39411, -5.37981],
							"rotation": [-42.18626, -17.38772, 71.7511],
							"uv": {
								"north": {"uv": [35, 23], "uv_size": [1, 1]},
								"east": {"uv": [24, 35], "uv_size": [1, 1]},
								"south": {"uv": [35, 24], "uv_size": [1, 1]},
								"west": {"uv": [25, 35], "uv_size": [1, 1]},
								"up": {"uv": [35, 25], "uv_size": [1, 1]},
								"down": {"uv": [26, 36], "uv_size": [1, -1]}
							}
						},
						{
							"origin": [-5.0521, 4.01176, -5.9021],
							"size": [0.3, 1, 1],
							"pivot": [-4.9021, 4.51176, -5.4021],
							"rotation": [-44.89078, -3.53329, 86.45998],
							"uv": {
								"north": {"uv": [35, 26], "uv_size": [1, 1]},
								"east": {"uv": [27, 35], "uv_size": [1, 1]},
								"south": {"uv": [35, 27], "uv_size": [1, 1]},
								"west": {"uv": [28, 35], "uv_size": [1, 1]},
								"up": {"uv": [35, 28], "uv_size": [1, 1]},
								"down": {"uv": [29, 36], "uv_size": [1, -1]}
							}
						},
						{
							"origin": [-5.06, 4.26761, -5.91],
							"size": [0.3, 1, 1],
							"pivot": [-4.91, 4.76761, -5.41],
							"rotation": [-45, 0, 90],
							"uv": {
								"north": {"uv": [35, 29], "uv_size": [1, 1]},
								"east": {"uv": [30, 35], "uv_size": [1, 1]},
								"south": {"uv": [35, 30], "uv_size": [1, 1]},
								"west": {"uv": [31, 35], "uv_size": [1, 1]},
								"up": {"uv": [35, 31], "uv_size": [1, 1]},
								"down": {"uv": [32, 36], "uv_size": [1, -1]}
							}
						},
						{
							"origin": [-5.05965, 3.76761, -5.93485],
							"size": [0.3, 2.5, 1.035],
							"pivot": [-4.90965, 5.01761, -5.41035],
							"rotation": [-45, 0, 90],
							"uv": {
								"north": {"uv": [10, 25], "uv_size": [1, 3]},
								"east": {"uv": [11, 25], "uv_size": [1, 3]},
								"south": {"uv": [12, 25], "uv_size": [1, 3]},
								"west": {"uv": [13, 25], "uv_size": [1, 3]},
								"up": {"uv": [35, 33], "uv_size": [1, 1]},
								"down": {"uv": [34, 36], "uv_size": [1, -1]}
							}
						},
						{
							"origin": [-5.05965, 3.76761, -5.93485],
							"size": [0.3, 2.5, 1.035],
							"pivot": [-4.90965, 5.01761, -5.41035],
							"rotation": [-135, 0, 90],
							"uv": {
								"north": {"uv": [20, 25], "uv_size": [1, 3]},
								"east": {"uv": [21, 25], "uv_size": [1, 3]},
								"south": {"uv": [22, 25], "uv_size": [1, 3]},
								"west": {"uv": [23, 25], "uv_size": [1, 3]},
								"up": {"uv": [0, 36], "uv_size": [1, 1]},
								"down": {"uv": [36, 1], "uv_size": [1, -1]}
							}
						},
						{
							"origin": [-5.05965, 3.76761, -5.93485],
							"size": [0.3, 2.5, 1.035],
							"pivot": [-4.90965, 5.01761, -5.41035],
							"rotation": [-180, 0, 90],
							"uv": {
								"north": {"uv": [6, 26], "uv_size": [1, 3]},
								"east": {"uv": [7, 26], "uv_size": [1, 3]},
								"south": {"uv": [26, 7], "uv_size": [1, 3]},
								"west": {"uv": [8, 26], "uv_size": [1, 3]},
								"up": {"uv": [3, 36], "uv_size": [1, 1]},
								"down": {"uv": [36, 4], "uv_size": [1, -1]}
							}
						},
						{
							"origin": [-5.05965, 3.76761, -5.93485],
							"size": [0.3, 2.5, 1.035],
							"pivot": [-4.90965, 5.01761, -5.41035],
							"rotation": [-90, 0, 90],
							"uv": {
								"north": {"uv": [24, 25], "uv_size": [1, 3]},
								"east": {"uv": [25, 25], "uv_size": [1, 3]},
								"south": {"uv": [0, 26], "uv_size": [1, 3]},
								"west": {"uv": [1, 26], "uv_size": [1, 3]},
								"up": {"uv": [1, 36], "uv_size": [1, 1]},
								"down": {"uv": [36, 2], "uv_size": [1, -1]}
							}
						}
					]
				},
				{
					"name": "fan_end1",
					"parent": "fan1",
					"pivot": [-4.90965, 5.01761, -5.41035],
					"cubes": [
						{
							"origin": [-5.55965, 4.51761, -5.90985],
							"size": [0.5, 1, 1],
							"pivot": [-4.90965, 5.01761, -5.41035],
							"rotation": [-135, 0, 90],
							"uv": {
								"north": {"uv": [4, 36], "uv_size": [1, 1]},
								"east": {"uv": [36, 4], "uv_size": [1, 1]},
								"south": {"uv": [5, 36], "uv_size": [1, 1]},
								"west": {"uv": [36, 5], "uv_size": [1, 1]},
								"up": {"uv": [6, 36], "uv_size": [1, 1]},
								"down": {"uv": [36, 7], "uv_size": [1, -1]}
							}
						}
					]
				},
				{
					"name": "leave1",
					"parent": "fan_end1",
					"pivot": [-4.90965, 5.01761, -5.41035],
					"cubes": [
						{
							"origin": [-5.35965, 1.66761, -5.80985],
							"size": [0.1, 2.85, 0.8],
							"pivot": [-4.90965, 5.01761, -5.41035],
							"rotation": [-135, 0, 90],
							"uv": {
								"north": {"uv": [26, 25], "uv_size": [1, 3]},
								"east": {"uv": [27, 7], "uv_size": [1, 3]},
								"south": {"uv": [14, 27], "uv_size": [1, 3]},
								"west": {"uv": [27, 14], "uv_size": [1, 3]},
								"up": {"uv": [7, 36], "uv_size": [1, 1]},
								"down": {"uv": [36, 8], "uv_size": [1, -1]}
							}
						},
						{
							"origin": [-4.85965, 2.31761, -6.30985],
							"size": [0.1, 0.1, 0.4],
							"pivot": [-4.40965, 5.01761, -5.91035],
							"rotation": [-135, 0, 90],
							"uv": {
								"north": {"uv": [8, 36], "uv_size": [1, 1]},
								"east": {"uv": [36, 8], "uv_size": [1, 1]},
								"south": {"uv": [9, 36], "uv_size": [1, 1]},
								"west": {"uv": [36, 9], "uv_size": [1, 1]},
								"up": {"uv": [10, 36], "uv_size": [1, 1]},
								"down": {"uv": [36, 11], "uv_size": [1, -1]}
							}
						},
						{
							"origin": [-2.4281, 5.36761, -7.86689],
							"size": [0.1, 0.1, 0.4],
							"pivot": [-2.3781, 5.41761, -7.66689],
							"rotation": [-115, 0, 90],
							"uv": {
								"north": {"uv": [11, 36], "uv_size": [1, 1]},
								"east": {"uv": [36, 11], "uv_size": [1, 1]},
								"south": {"uv": [12, 36], "uv_size": [1, 1]},
								"west": {"uv": [36, 12], "uv_size": [1, 1]},
								"up": {"uv": [13, 36], "uv_size": [1, 1]},
								"down": {"uv": [36, 14], "uv_size": [1, -1]}
							}
						},
						{
							"origin": [-2.42185, 5.3819, -7.9119],
							"size": [0.1, 0.1, 0.4],
							"pivot": [-2.37185, 5.41761, -7.70938],
							"rotation": [-95, 0, 90],
							"uv": {
								"north": {"uv": [14, 36], "uv_size": [1, 1]},
								"east": {"uv": [36, 14], "uv_size": [1, 1]},
								"south": {"uv": [15, 36], "uv_size": [1, 1]},
								"west": {"uv": [36, 15], "uv_size": [1, 1]},
								"up": {"uv": [16, 36], "uv_size": [1, 1]},
								"down": {"uv": [36, 17], "uv_size": [1, -1]}
							}
						},
						{
							"origin": [-2.42185, 5.35332, -7.9119],
							"size": [0.1, 0.1, 0.4],
							"pivot": [-2.37185, 5.41761, -7.70938],
							"rotation": [-75, 0, 90],
							"uv": {
								"north": {"uv": [17, 36], "uv_size": [1, 1]},
								"east": {"uv": [36, 17], "uv_size": [1, 1]},
								"south": {"uv": [18, 36], "uv_size": [1, 1]},
								"west": {"uv": [36, 18], "uv_size": [1, 1]},
								"up": {"uv": [19, 36], "uv_size": [1, 1]},
								"down": {"uv": [36, 20], "uv_size": [1, -1]}
							}
						},
						{
							"origin": [-2.47303, 5.37969, -7.98904],
							"size": [0.1, 0.125, 0.4],
							"pivot": [-2.42303, 5.41761, -7.76904],
							"rotation": [-55, 0, 90],
							"uv": {
								"north": {"uv": [20, 36], "uv_size": [1, 1]},
								"east": {"uv": [36, 20], "uv_size": [1, 1]},
								"south": {"uv": [21, 36], "uv_size": [1, 1]},
								"west": {"uv": [36, 21], "uv_size": [1, 1]},
								"up": {"uv": [22, 36], "uv_size": [1, 1]},
								"down": {"uv": [36, 23], "uv_size": [1, -1]}
							}
						},
						{
							"origin": [-4.85965, 2.06761, -6.00985],
							"size": [0.1, 0.35, 0.5],
							"pivot": [-4.40965, 5.01761, -5.91035],
							"rotation": [-135, 0, 90],
							"uv": {
								"north": {"uv": [23, 36], "uv_size": [1, 1]},
								"east": {"uv": [36, 23], "uv_size": [1, 1]},
								"south": {"uv": [24, 36], "uv_size": [1, 1]},
								"west": {"uv": [36, 24], "uv_size": [1, 1]},
								"up": {"uv": [25, 36], "uv_size": [1, 1]},
								"down": {"uv": [36, 26], "uv_size": [1, -1]}
							}
						}
					]
				},
				{
					"name": "leave2",
					"parent": "fan_end1",
					"pivot": [-4.90965, 5.01761, -5.41035],
					"rotation": [-180, 0, 180],
					"cubes": [
						{
							"origin": [-5.35965, 1.66761, -5.80985],
							"size": [0.1, 2.85, 0.8],
							"pivot": [-4.90965, 5.01761, -5.41035],
							"rotation": [-135, 0, 90],
							"uv": {
								"north": {"uv": [15, 27], "uv_size": [1, 3]},
								"east": {"uv": [27, 17], "uv_size": [1, 3]},
								"south": {"uv": [27, 20], "uv_size": [1, 3]},
								"west": {"uv": [27, 23], "uv_size": [1, 3]},
								"up": {"uv": [26, 36], "uv_size": [1, 1]},
								"down": {"uv": [36, 27], "uv_size": [1, -1]}
							}
						},
						{
							"origin": [-4.85965, 2.31761, -6.30985],
							"size": [0.1, 0.1, 0.4],
							"pivot": [-4.40965, 5.01761, -5.91035],
							"rotation": [-135, 0, 90],
							"uv": {
								"north": {"uv": [27, 36], "uv_size": [1, 1]},
								"east": {"uv": [36, 27], "uv_size": [1, 1]},
								"south": {"uv": [28, 36], "uv_size": [1, 1]},
								"west": {"uv": [36, 28], "uv_size": [1, 1]},
								"up": {"uv": [29, 36], "uv_size": [1, 1]},
								"down": {"uv": [36, 30], "uv_size": [1, -1]}
							}
						},
						{
							"origin": [-2.4281, 5.36761, -7.86689],
							"size": [0.1, 0.1, 0.4],
							"pivot": [-2.3781, 5.41761, -7.66689],
							"rotation": [-115, 0, 90],
							"uv": {
								"north": {"uv": [30, 36], "uv_size": [1, 1]},
								"east": {"uv": [36, 30], "uv_size": [1, 1]},
								"south": {"uv": [31, 36], "uv_size": [1, 1]},
								"west": {"uv": [36, 31], "uv_size": [1, 1]},
								"up": {"uv": [32, 36], "uv_size": [1, 1]},
								"down": {"uv": [36, 33], "uv_size": [1, -1]}
							}
						},
						{
							"origin": [-2.42185, 5.3819, -7.9119],
							"size": [0.1, 0.1, 0.4],
							"pivot": [-2.37185, 5.41761, -7.70938],
							"rotation": [-95, 0, 90],
							"uv": {
								"north": {"uv": [33, 36], "uv_size": [1, 1]},
								"east": {"uv": [36, 33], "uv_size": [1, 1]},
								"south": {"uv": [34, 36], "uv_size": [1, 1]},
								"west": {"uv": [36, 34], "uv_size": [1, 1]},
								"up": {"uv": [35, 36], "uv_size": [1, 1]},
								"down": {"uv": [36, 36], "uv_size": [1, -1]}
							}
						},
						{
							"origin": [-2.42185, 5.35332, -7.9119],
							"size": [0.1, 0.1, 0.4],
							"pivot": [-2.37185, 5.41761, -7.70938],
							"rotation": [-75, 0, 90],
							"uv": {
								"north": {"uv": [36, 36], "uv_size": [1, 1]},
								"east": {"uv": [0, 37], "uv_size": [1, 1]},
								"south": {"uv": [37, 0], "uv_size": [1, 1]},
								"west": {"uv": [1, 37], "uv_size": [1, 1]},
								"up": {"uv": [37, 1], "uv_size": [1, 1]},
								"down": {"uv": [2, 38], "uv_size": [1, -1]}
							}
						},
						{
							"origin": [-2.47303, 5.37969, -7.98904],
							"size": [0.1, 0.125, 0.4],
							"pivot": [-2.42303, 5.41761, -7.76904],
							"rotation": [-55, 0, 90],
							"uv": {
								"north": {"uv": [37, 2], "uv_size": [1, 1]},
								"east": {"uv": [3, 37], "uv_size": [1, 1]},
								"south": {"uv": [37, 3], "uv_size": [1, 1]},
								"west": {"uv": [4, 37], "uv_size": [1, 1]},
								"up": {"uv": [37, 4], "uv_size": [1, 1]},
								"down": {"uv": [5, 38], "uv_size": [1, -1]}
							}
						},
						{
							"origin": [-4.85965, 2.06761, -6.00985],
							"size": [0.1, 0.35, 0.5],
							"pivot": [-4.40965, 5.01761, -5.91035],
							"rotation": [-135, 0, 90],
							"uv": {
								"north": {"uv": [37, 5], "uv_size": [1, 1]},
								"east": {"uv": [6, 37], "uv_size": [1, 1]},
								"south": {"uv": [37, 6], "uv_size": [1, 1]},
								"west": {"uv": [7, 37], "uv_size": [1, 1]},
								"up": {"uv": [37, 7], "uv_size": [1, 1]},
								"down": {"uv": [8, 38], "uv_size": [1, -1]}
							}
						}
					]
				},
				{
					"name": "fan2",
					"parent": "anthor",
					"pivot": [0, 2, -0.5],
					"cubes": [
						{
							"origin": [0, 2.5, -1],
							"size": [7, 1, 1],
							"pivot": [0, 2, -0.5],
							"rotation": [-9.85108, 44.13603, -14.00194],
							"uv": {
								"north": {"uv": [16, 0], "uv_size": [7, 1]},
								"east": {"uv": [12, 38], "uv_size": [1, 1]},
								"south": {"uv": [16, 1], "uv_size": [7, 1]},
								"west": {"uv": [38, 12], "uv_size": [1, 1]},
								"up": {"uv": [16, 2], "uv_size": [7, 1]},
								"down": {"uv": [16, 4], "uv_size": [7, -1]}
							}
						},
						{
							"origin": [4.60987, 3.72449, -5.75987],
							"size": [0.3, 1, 1],
							"pivot": [4.75987, 4.22449, -5.25987],
							"rotation": [-22.90981, 39.85571, -33.4032],
							"uv": {
								"north": {"uv": [13, 38], "uv_size": [1, 1]},
								"east": {"uv": [38, 13], "uv_size": [1, 1]},
								"south": {"uv": [14, 38], "uv_size": [1, 1]},
								"west": {"uv": [38, 14], "uv_size": [1, 1]},
								"up": {"uv": [15, 38], "uv_size": [1, 1]},
								"down": {"uv": [38, 16], "uv_size": [1, -1]}
							}
						},
						{
							"origin": [4.68041, 3.79435, -5.83041],
							"size": [0.3, 1, 1],
							"pivot": [4.83041, 4.29435, -5.33041],
							"rotation": [-35.26439, 30, -54.73561],
							"uv": {
								"north": {"uv": [16, 38], "uv_size": [1, 1]},
								"east": {"uv": [38, 16], "uv_size": [1, 1]},
								"south": {"uv": [17, 38], "uv_size": [1, 1]},
								"west": {"uv": [38, 17], "uv_size": [1, 1]},
								"up": {"uv": [18, 38], "uv_size": [1, 1]},
								"down": {"uv": [38, 19], "uv_size": [1, -1]}
							}
						},
						{
							"origin": [4.72981, 3.89411, -5.87981],
							"size": [0.3, 1, 1],
							"pivot": [4.87981, 4.39411, -5.37981],
							"rotation": [-42.18626, 17.38772, -71.7511],
							"uv": {
								"north": {"uv": [19, 38], "uv_size": [1, 1]},
								"east": {"uv": [38, 19], "uv_size": [1, 1]},
								"south": {"uv": [20, 38], "uv_size": [1, 1]},
								"west": {"uv": [38, 20], "uv_size": [1, 1]},
								"up": {"uv": [21, 38], "uv_size": [1, 1]},
								"down": {"uv": [38, 22], "uv_size": [1, -1]}
							}
						},
						{
							"origin": [4.7521, 4.01176, -5.9021],
							"size": [0.3, 1, 1],
							"pivot": [4.9021, 4.51176, -5.4021],
							"rotation": [-44.89078, 3.53329, -86.45998],
							"uv": {
								"north": {"uv": [22, 38], "uv_size": [1, 1]},
								"east": {"uv": [38, 22], "uv_size": [1, 1]},
								"south": {"uv": [23, 38], "uv_size": [1, 1]},
								"west": {"uv": [38, 23], "uv_size": [1, 1]},
								"up": {"uv": [24, 38], "uv_size": [1, 1]},
								"down": {"uv": [38, 25], "uv_size": [1, -1]}
							}
						},
						{
							"origin": [4.76, 4.26761, -5.91],
							"size": [0.3, 1, 1],
							"pivot": [4.91, 4.76761, -5.41],
							"rotation": [-45, 0, -90],
							"uv": {
								"north": {"uv": [25, 38], "uv_size": [1, 1]},
								"east": {"uv": [38, 25], "uv_size": [1, 1]},
								"south": {"uv": [26, 38], "uv_size": [1, 1]},
								"west": {"uv": [38, 26], "uv_size": [1, 1]},
								"up": {"uv": [27, 38], "uv_size": [1, 1]},
								"down": {"uv": [38, 28], "uv_size": [1, -1]}
							}
						},
						{
							"origin": [4.75965, 3.76761, -5.93485],
							"size": [0.3, 2.5, 1.035],
							"pivot": [4.90965, 5.01761, -5.41035],
							"rotation": [-45, 0, -90],
							"uv": {
								"north": {"uv": [16, 28], "uv_size": [1, 3]},
								"east": {"uv": [17, 28], "uv_size": [1, 3]},
								"south": {"uv": [18, 28], "uv_size": [1, 3]},
								"west": {"uv": [28, 18], "uv_size": [1, 3]},
								"up": {"uv": [29, 38], "uv_size": [1, 1]},
								"down": {"uv": [38, 30], "uv_size": [1, -1]}
							}
						},
						{
							"origin": [4.75965, 3.76761, -5.93485],
							"size": [0.3, 2.5, 1.035],
							"pivot": [4.90965, 5.01761, -5.41035],
							"rotation": [-135, 0, -90],
							"uv": {
								"north": {"uv": [22, 28], "uv_size": [1, 3]},
								"east": {"uv": [23, 28], "uv_size": [1, 3]},
								"south": {"uv": [24, 28], "uv_size": [1, 3]},
								"west": {"uv": [28, 24], "uv_size": [1, 3]},
								"up": {"uv": [31, 38], "uv_size": [1, 1]},
								"down": {"uv": [38, 32], "uv_size": [1, -1]}
							}
						},
						{
							"origin": [4.75965, 3.76761, -5.93485],
							"size": [0.3, 2.5, 1.035],
							"pivot": [4.90965, 5.01761, -5.41035],
							"rotation": [-180, 0, -90],
							"uv": {
								"north": {"uv": [29, 0], "uv_size": [1, 3]},
								"east": {"uv": [1, 29], "uv_size": [1, 3]},
								"south": {"uv": [2, 29], "uv_size": [1, 3]},
								"west": {"uv": [3, 29], "uv_size": [1, 3]},
								"up": {"uv": [33, 38], "uv_size": [1, 1]},
								"down": {"uv": [38, 34], "uv_size": [1, -1]}
							}
						},
						{
							"origin": [4.75965, 3.76761, -5.93485],
							"size": [0.3, 2.5, 1.035],
							"pivot": [4.90965, 5.01761, -5.41035],
							"rotation": [-90, 0, -90],
							"uv": {
								"north": {"uv": [29, 3], "uv_size": [1, 3]},
								"east": {"uv": [4, 29], "uv_size": [1, 3]},
								"south": {"uv": [5, 29], "uv_size": [1, 3]},
								"west": {"uv": [6, 29], "uv_size": [1, 3]},
								"up": {"uv": [34, 38], "uv_size": [1, 1]},
								"down": {"uv": [38, 35], "uv_size": [1, -1]}
							}
						}
					]
				},
				{
					"name": "fan_end2",
					"parent": "fan2",
					"pivot": [4.90965, 5.01761, -5.41035],
					"cubes": [
						{
							"origin": [5.05965, 4.51761, -5.90985],
							"size": [0.5, 1, 1],
							"pivot": [4.90965, 5.01761, -5.41035],
							"rotation": [-135, 0, -90],
							"uv": {
								"north": {"uv": [37, 8], "uv_size": [1, 1]},
								"east": {"uv": [9, 37], "uv_size": [1, 1]},
								"south": {"uv": [37, 9], "uv_size": [1, 1]},
								"west": {"uv": [10, 37], "uv_size": [1, 1]},
								"up": {"uv": [37, 10], "uv_size": [1, 1]},
								"down": {"uv": [11, 38], "uv_size": [1, -1]}
							}
						}
					]
				},
				{
					"name": "leave3",
					"parent": "fan_end2",
					"pivot": [4.90965, 5.01761, -5.41035],
					"cubes": [
						{
							"origin": [5.25965, 1.66761, -5.80985],
							"size": [0.1, 2.85, 0.8],
							"pivot": [4.90965, 5.01761, -5.41035],
							"rotation": [-135, 0, -90],
							"uv": {
								"north": {"uv": [27, 26], "uv_size": [1, 3]},
								"east": {"uv": [28, 0], "uv_size": [1, 3]},
								"south": {"uv": [28, 3], "uv_size": [1, 3]},
								"west": {"uv": [28, 6], "uv_size": [1, 3]},
								"up": {"uv": [37, 11], "uv_size": [1, 1]},
								"down": {"uv": [12, 38], "uv_size": [1, -1]}
							}
						},
						{
							"origin": [4.75965, 2.31761, -6.30985],
							"size": [0.1, 0.1, 0.4],
							"pivot": [4.40965, 5.01761, -5.91035],
							"rotation": [-135, 0, -90],
							"uv": {
								"north": {"uv": [37, 12], "uv_size": [1, 1]},
								"east": {"uv": [13, 37], "uv_size": [1, 1]},
								"south": {"uv": [37, 13], "uv_size": [1, 1]},
								"west": {"uv": [14, 37], "uv_size": [1, 1]},
								"up": {"uv": [37, 14], "uv_size": [1, 1]},
								"down": {"uv": [15, 38], "uv_size": [1, -1]}
							}
						},
						{
							"origin": [2.3281, 5.36761, -7.86689],
							"size": [0.1, 0.1, 0.4],
							"pivot": [2.3781, 5.41761, -7.66689],
							"rotation": [-115, 0, -90],
							"uv": {
								"north": {"uv": [37, 15], "uv_size": [1, 1]},
								"east": {"uv": [16, 37], "uv_size": [1, 1]},
								"south": {"uv": [37, 16], "uv_size": [1, 1]},
								"west": {"uv": [17, 37], "uv_size": [1, 1]},
								"up": {"uv": [37, 17], "uv_size": [1, 1]},
								"down": {"uv": [18, 38], "uv_size": [1, -1]}
							}
						},
						{
							"origin": [2.32185, 5.3819, -7.9119],
							"size": [0.1, 0.1, 0.4],
							"pivot": [2.37185, 5.41761, -7.70938],
							"rotation": [-95, 0, -90],
							"uv": {
								"north": {"uv": [37, 18], "uv_size": [1, 1]},
								"east": {"uv": [19, 37], "uv_size": [1, 1]},
								"south": {"uv": [37, 19], "uv_size": [1, 1]},
								"west": {"uv": [20, 37], "uv_size": [1, 1]},
								"up": {"uv": [37, 20], "uv_size": [1, 1]},
								"down": {"uv": [21, 38], "uv_size": [1, -1]}
							}
						},
						{
							"origin": [2.32185, 5.35332, -7.9119],
							"size": [0.1, 0.1, 0.4],
							"pivot": [2.37185, 5.41761, -7.70938],
							"rotation": [-75, 0, -90],
							"uv": {
								"north": {"uv": [37, 21], "uv_size": [1, 1]},
								"east": {"uv": [22, 37], "uv_size": [1, 1]},
								"south": {"uv": [37, 22], "uv_size": [1, 1]},
								"west": {"uv": [23, 37], "uv_size": [1, 1]},
								"up": {"uv": [37, 23], "uv_size": [1, 1]},
								"down": {"uv": [24, 38], "uv_size": [1, -1]}
							}
						},
						{
							"origin": [2.37303, 5.37969, -7.98904],
							"size": [0.1, 0.125, 0.4],
							"pivot": [2.42303, 5.41761, -7.76904],
							"rotation": [-55, 0, -90],
							"uv": {
								"north": {"uv": [37, 24], "uv_size": [1, 1]},
								"east": {"uv": [25, 37], "uv_size": [1, 1]},
								"south": {"uv": [37, 25], "uv_size": [1, 1]},
								"west": {"uv": [26, 37], "uv_size": [1, 1]},
								"up": {"uv": [37, 26], "uv_size": [1, 1]},
								"down": {"uv": [27, 38], "uv_size": [1, -1]}
							}
						},
						{
							"origin": [4.75965, 2.06761, -6.00985],
							"size": [0.1, 0.35, 0.5],
							"pivot": [4.40965, 5.01761, -5.91035],
							"rotation": [-135, 0, -90],
							"uv": {
								"north": {"uv": [37, 27], "uv_size": [1, 1]},
								"east": {"uv": [28, 37], "uv_size": [1, 1]},
								"south": {"uv": [37, 28], "uv_size": [1, 1]},
								"west": {"uv": [29, 37], "uv_size": [1, 1]},
								"up": {"uv": [37, 29], "uv_size": [1, 1]},
								"down": {"uv": [30, 38], "uv_size": [1, -1]}
							}
						}
					]
				},
				{
					"name": "leave4",
					"parent": "fan_end2",
					"pivot": [4.90965, 5.01761, -5.41035],
					"rotation": [-180, 0, -180],
					"cubes": [
						{
							"origin": [5.25965, 1.66761, -5.80985],
							"size": [0.1, 2.85, 0.8],
							"pivot": [4.90965, 5.01761, -5.41035],
							"rotation": [-135, 0, -90],
							"uv": {
								"north": {"uv": [9, 28], "uv_size": [1, 3]},
								"east": {"uv": [28, 9], "uv_size": [1, 3]},
								"south": {"uv": [10, 28], "uv_size": [1, 3]},
								"west": {"uv": [11, 28], "uv_size": [1, 3]},
								"up": {"uv": [37, 30], "uv_size": [1, 1]},
								"down": {"uv": [31, 38], "uv_size": [1, -1]}
							}
						},
						{
							"origin": [4.75965, 2.31761, -6.30985],
							"size": [0.1, 0.1, 0.4],
							"pivot": [4.40965, 5.01761, -5.91035],
							"rotation": [-135, 0, -90],
							"uv": {
								"north": {"uv": [37, 31], "uv_size": [1, 1]},
								"east": {"uv": [32, 37], "uv_size": [1, 1]},
								"south": {"uv": [37, 32], "uv_size": [1, 1]},
								"west": {"uv": [33, 37], "uv_size": [1, 1]},
								"up": {"uv": [37, 33], "uv_size": [1, 1]},
								"down": {"uv": [34, 38], "uv_size": [1, -1]}
							}
						},
						{
							"origin": [2.3281, 5.36761, -7.86689],
							"size": [0.1, 0.1, 0.4],
							"pivot": [2.3781, 5.41761, -7.66689],
							"rotation": [-115, 0, -90],
							"uv": {
								"north": {"uv": [37, 34], "uv_size": [1, 1]},
								"east": {"uv": [35, 37], "uv_size": [1, 1]},
								"south": {"uv": [37, 35], "uv_size": [1, 1]},
								"west": {"uv": [36, 37], "uv_size": [1, 1]},
								"up": {"uv": [37, 36], "uv_size": [1, 1]},
								"down": {"uv": [37, 38], "uv_size": [1, -1]}
							}
						},
						{
							"origin": [2.32185, 5.3819, -7.9119],
							"size": [0.1, 0.1, 0.4],
							"pivot": [2.37185, 5.41761, -7.70938],
							"rotation": [-95, 0, -90],
							"uv": {
								"north": {"uv": [0, 38], "uv_size": [1, 1]},
								"east": {"uv": [38, 0], "uv_size": [1, 1]},
								"south": {"uv": [1, 38], "uv_size": [1, 1]},
								"west": {"uv": [38, 1], "uv_size": [1, 1]},
								"up": {"uv": [2, 38], "uv_size": [1, 1]},
								"down": {"uv": [38, 3], "uv_size": [1, -1]}
							}
						},
						{
							"origin": [2.32185, 5.35332, -7.9119],
							"size": [0.1, 0.1, 0.4],
							"pivot": [2.37185, 5.41761, -7.70938],
							"rotation": [-75, 0, -90],
							"uv": {
								"north": {"uv": [3, 38], "uv_size": [1, 1]},
								"east": {"uv": [38, 3], "uv_size": [1, 1]},
								"south": {"uv": [4, 38], "uv_size": [1, 1]},
								"west": {"uv": [38, 4], "uv_size": [1, 1]},
								"up": {"uv": [5, 38], "uv_size": [1, 1]},
								"down": {"uv": [38, 6], "uv_size": [1, -1]}
							}
						},
						{
							"origin": [2.37303, 5.37969, -7.98904],
							"size": [0.1, 0.125, 0.4],
							"pivot": [2.42303, 5.41761, -7.76904],
							"rotation": [-55, 0, -90],
							"uv": {
								"north": {"uv": [6, 38], "uv_size": [1, 1]},
								"east": {"uv": [38, 6], "uv_size": [1, 1]},
								"south": {"uv": [7, 38], "uv_size": [1, 1]},
								"west": {"uv": [38, 7], "uv_size": [1, 1]},
								"up": {"uv": [8, 38], "uv_size": [1, 1]},
								"down": {"uv": [38, 9], "uv_size": [1, -1]}
							}
						},
						{
							"origin": [4.75965, 2.06761, -6.00985],
							"size": [0.1, 0.35, 0.5],
							"pivot": [4.40965, 5.01761, -5.91035],
							"rotation": [-135, 0, -90],
							"uv": {
								"north": {"uv": [9, 38], "uv_size": [1, 1]},
								"east": {"uv": [38, 9], "uv_size": [1, 1]},
								"south": {"uv": [10, 38], "uv_size": [1, 1]},
								"west": {"uv": [38, 10], "uv_size": [1, 1]},
								"up": {"uv": [11, 38], "uv_size": [1, 1]},
								"down": {"uv": [38, 12], "uv_size": [1, -1]}
							}
						}
					]
				},
				{
					"name": "fan3",
					"parent": "anthor",
					"pivot": [0, 2, 0.5],
					"cubes": [
						{
							"origin": [-7, 2.5, 0],
							"size": [7, 1, 1],
							"pivot": [0, 2, 0.5],
							"rotation": [9.85108, 44.13603, 14.00194],
							"uv": {
								"north": {"uv": [4, 16], "uv_size": [7, 1]},
								"east": {"uv": [39, 37], "uv_size": [1, 1]},
								"south": {"uv": [16, 4], "uv_size": [7, 1]},
								"west": {"uv": [38, 39], "uv_size": [1, 1]},
								"up": {"uv": [11, 16], "uv_size": [7, 1]},
								"down": {"uv": [4, 18], "uv_size": [7, -1]}
							}
						},
						{
							"origin": [-4.90987, 3.72449, 4.75987],
							"size": [0.3, 1, 1],
							"pivot": [-4.75987, 4.22449, 5.25987],
							"rotation": [22.90981, 39.85571, 33.4032],
							"uv": {
								"north": {"uv": [39, 38], "uv_size": [1, 1]},
								"east": {"uv": [39, 39], "uv_size": [1, 1]},
								"south": {"uv": [0, 40], "uv_size": [1, 1]},
								"west": {"uv": [40, 0], "uv_size": [1, 1]},
								"up": {"uv": [1, 40], "uv_size": [1, 1]},
								"down": {"uv": [40, 2], "uv_size": [1, -1]}
							}
						},
						{
							"origin": [-4.98041, 3.79435, 4.83041],
							"size": [0.3, 1, 1],
							"pivot": [-4.83041, 4.29435, 5.33041],
							"rotation": [35.26439, 30, 54.73561],
							"uv": {
								"north": {"uv": [2, 40], "uv_size": [1, 1]},
								"east": {"uv": [40, 2], "uv_size": [1, 1]},
								"south": {"uv": [3, 40], "uv_size": [1, 1]},
								"west": {"uv": [40, 3], "uv_size": [1, 1]},
								"up": {"uv": [4, 40], "uv_size": [1, 1]},
								"down": {"uv": [40, 5], "uv_size": [1, -1]}
							}
						},
						{
							"origin": [-5.02981, 3.89411, 4.87981],
							"size": [0.3, 1, 1],
							"pivot": [-4.87981, 4.39411, 5.37981],
							"rotation": [42.18626, 17.38772, 71.7511],
							"uv": {
								"north": {"uv": [5, 40], "uv_size": [1, 1]},
								"east": {"uv": [40, 5], "uv_size": [1, 1]},
								"south": {"uv": [6, 40], "uv_size": [1, 1]},
								"west": {"uv": [40, 6], "uv_size": [1, 1]},
								"up": {"uv": [7, 40], "uv_size": [1, 1]},
								"down": {"uv": [40, 8], "uv_size": [1, -1]}
							}
						},
						{
							"origin": [-5.0521, 4.01176, 4.9021],
							"size": [0.3, 1, 1],
							"pivot": [-4.9021, 4.51176, 5.4021],
							"rotation": [44.89078, 3.53329, 86.45998],
							"uv": {
								"north": {"uv": [8, 40], "uv_size": [1, 1]},
								"east": {"uv": [40, 8], "uv_size": [1, 1]},
								"south": {"uv": [9, 40], "uv_size": [1, 1]},
								"west": {"uv": [40, 9], "uv_size": [1, 1]},
								"up": {"uv": [10, 40], "uv_size": [1, 1]},
								"down": {"uv": [40, 11], "uv_size": [1, -1]}
							}
						},
						{
							"origin": [-5.06, 4.26761, 4.91],
							"size": [0.3, 1, 1],
							"pivot": [-4.91, 4.76761, 5.41],
							"rotation": [45, 0, 90],
							"uv": {
								"north": {"uv": [11, 40], "uv_size": [1, 1]},
								"east": {"uv": [40, 11], "uv_size": [1, 1]},
								"south": {"uv": [12, 40], "uv_size": [1, 1]},
								"west": {"uv": [40, 12], "uv_size": [1, 1]},
								"up": {"uv": [13, 40], "uv_size": [1, 1]},
								"down": {"uv": [40, 14], "uv_size": [1, -1]}
							}
						},
						{
							"origin": [-5.05965, 3.76761, 4.89985],
							"size": [0.3, 2.5, 1.035],
							"pivot": [-4.90965, 5.01761, 5.41035],
							"rotation": [45, 0, 90],
							"uv": {
								"north": {"uv": [30, 3], "uv_size": [1, 3]},
								"east": {"uv": [30, 6], "uv_size": [1, 3]},
								"south": {"uv": [30, 9], "uv_size": [1, 3]},
								"west": {"uv": [30, 12], "uv_size": [1, 3]},
								"up": {"uv": [15, 40], "uv_size": [1, 1]},
								"down": {"uv": [40, 16], "uv_size": [1, -1]}
							}
						},
						{
							"origin": [-5.05965, 3.76761, 4.89985],
							"size": [0.3, 2.5, 1.035],
							"pivot": [-4.90965, 5.01761, 5.41035],
							"rotation": [135, 0, 90],
							"uv": {
								"north": {"uv": [30, 21], "uv_size": [1, 3]},
								"east": {"uv": [30, 24], "uv_size": [1, 3]},
								"south": {"uv": [30, 27], "uv_size": [1, 3]},
								"west": {"uv": [28, 30], "uv_size": [1, 3]},
								"up": {"uv": [17, 40], "uv_size": [1, 1]},
								"down": {"uv": [40, 18], "uv_size": [1, -1]}
							}
						},
						{
							"origin": [-5.05965, 3.76761, 4.89985],
							"size": [0.3, 2.5, 1.035],
							"pivot": [-4.90965, 5.01761, 5.41035],
							"rotation": [180, 0, 90],
							"uv": {
								"north": {"uv": [31, 6], "uv_size": [1, 3]},
								"east": {"uv": [9, 31], "uv_size": [1, 3]},
								"south": {"uv": [31, 9], "uv_size": [1, 3]},
								"west": {"uv": [10, 31], "uv_size": [1, 3]},
								"up": {"uv": [19, 40], "uv_size": [1, 1]},
								"down": {"uv": [40, 20], "uv_size": [1, -1]}
							}
						},
						{
							"origin": [-5.05965, 3.76761, 4.89985],
							"size": [0.3, 2.5, 1.035],
							"pivot": [-4.90965, 5.01761, 5.41035],
							"rotation": [90, 0, 90],
							"uv": {
								"north": {"uv": [11, 31], "uv_size": [1, 3]},
								"east": {"uv": [12, 31], "uv_size": [1, 3]},
								"south": {"uv": [31, 12], "uv_size": [1, 3]},
								"west": {"uv": [13, 31], "uv_size": [1, 3]},
								"up": {"uv": [20, 40], "uv_size": [1, 1]},
								"down": {"uv": [40, 21], "uv_size": [1, -1]}
							}
						}
					]
				},
				{
					"name": "fan_end3",
					"parent": "fan3",
					"pivot": [-4.90965, 5.01761, 5.41035],
					"cubes": [
						{
							"origin": [-5.55965, 4.51761, 4.90985],
							"size": [0.5, 1, 1],
							"pivot": [-4.90965, 5.01761, 5.41035],
							"rotation": [135, 0, 90],
							"uv": {
								"north": {"uv": [35, 38], "uv_size": [1, 1]},
								"east": {"uv": [38, 35], "uv_size": [1, 1]},
								"south": {"uv": [36, 38], "uv_size": [1, 1]},
								"west": {"uv": [38, 36], "uv_size": [1, 1]},
								"up": {"uv": [37, 38], "uv_size": [1, 1]},
								"down": {"uv": [38, 38], "uv_size": [1, -1]}
							}
						}
					]
				},
				{
					"name": "leave5",
					"parent": "fan_end3",
					"pivot": [-4.90965, 5.01761, 5.41035],
					"cubes": [
						{
							"origin": [-5.35965, 1.66761, 5.00985],
							"size": [0.1, 2.85, 0.8],
							"pivot": [-4.90965, 5.01761, 5.41035],
							"rotation": [135, 0, 90],
							"uv": {
								"north": {"uv": [29, 6], "uv_size": [1, 3]},
								"east": {"uv": [7, 29], "uv_size": [1, 3]},
								"south": {"uv": [8, 29], "uv_size": [1, 3]},
								"west": {"uv": [29, 9], "uv_size": [1, 3]},
								"up": {"uv": [38, 38], "uv_size": [1, 1]},
								"down": {"uv": [0, 40], "uv_size": [1, -1]}
							}
						},
						{
							"origin": [-4.85965, 2.31761, 5.90985],
							"size": [0.1, 0.1, 0.4],
							"pivot": [-4.40965, 5.01761, 5.91035],
							"rotation": [135, 0, 90],
							"uv": {
								"north": {"uv": [39, 0], "uv_size": [1, 1]},
								"east": {"uv": [1, 39], "uv_size": [1, 1]},
								"south": {"uv": [39, 1], "uv_size": [1, 1]},
								"west": {"uv": [2, 39], "uv_size": [1, 1]},
								"up": {"uv": [39, 2], "uv_size": [1, 1]},
								"down": {"uv": [3, 40], "uv_size": [1, -1]}
							}
						},
						{
							"origin": [-2.4281, 5.36761, 7.46689],
							"size": [0.1, 0.1, 0.4],
							"pivot": [-2.3781, 5.41761, 7.66689],
							"rotation": [115, 0, 90],
							"uv": {
								"north": {"uv": [39, 3], "uv_size": [1, 1]},
								"east": {"uv": [4, 39], "uv_size": [1, 1]},
								"south": {"uv": [39, 4], "uv_size": [1, 1]},
								"west": {"uv": [5, 39], "uv_size": [1, 1]},
								"up": {"uv": [39, 5], "uv_size": [1, 1]},
								"down": {"uv": [6, 40], "uv_size": [1, -1]}
							}
						},
						{
							"origin": [-2.42185, 5.3819, 7.5119],
							"size": [0.1, 0.1, 0.4],
							"pivot": [-2.37185, 5.41761, 7.70938],
							"rotation": [95, 0, 90],
							"uv": {
								"north": {"uv": [39, 6], "uv_size": [1, 1]},
								"east": {"uv": [7, 39], "uv_size": [1, 1]},
								"south": {"uv": [39, 7], "uv_size": [1, 1]},
								"west": {"uv": [8, 39], "uv_size": [1, 1]},
								"up": {"uv": [39, 8], "uv_size": [1, 1]},
								"down": {"uv": [9, 40], "uv_size": [1, -1]}
							}
						},
						{
							"origin": [-2.42185, 5.35332, 7.5119],
							"size": [0.1, 0.1, 0.4],
							"pivot": [-2.37185, 5.41761, 7.70938],
							"rotation": [75, 0, 90],
							"uv": {
								"north": {"uv": [39, 9], "uv_size": [1, 1]},
								"east": {"uv": [10, 39], "uv_size": [1, 1]},
								"south": {"uv": [39, 10], "uv_size": [1, 1]},
								"west": {"uv": [11, 39], "uv_size": [1, 1]},
								"up": {"uv": [39, 11], "uv_size": [1, 1]},
								"down": {"uv": [12, 40], "uv_size": [1, -1]}
							}
						},
						{
							"origin": [-2.47303, 5.37969, 7.58904],
							"size": [0.1, 0.125, 0.4],
							"pivot": [-2.42303, 5.41761, 7.76904],
							"rotation": [55, 0, 90],
							"uv": {
								"north": {"uv": [39, 12], "uv_size": [1, 1]},
								"east": {"uv": [13, 39], "uv_size": [1, 1]},
								"south": {"uv": [39, 13], "uv_size": [1, 1]},
								"west": {"uv": [14, 39], "uv_size": [1, 1]},
								"up": {"uv": [39, 14], "uv_size": [1, 1]},
								"down": {"uv": [15, 40], "uv_size": [1, -1]}
							}
						},
						{
							"origin": [-4.85965, 2.06761, 5.50985],
							"size": [0.1, 0.35, 0.5],
							"pivot": [-4.40965, 5.01761, 5.91035],
							"rotation": [135, 0, 90],
							"uv": {
								"north": {"uv": [39, 15], "uv_size": [1, 1]},
								"east": {"uv": [16, 39], "uv_size": [1, 1]},
								"south": {"uv": [39, 16], "uv_size": [1, 1]},
								"west": {"uv": [17, 39], "uv_size": [1, 1]},
								"up": {"uv": [39, 17], "uv_size": [1, 1]},
								"down": {"uv": [18, 40], "uv_size": [1, -1]}
							}
						}
					]
				},
				{
					"name": "leave6",
					"parent": "fan_end3",
					"pivot": [-4.90965, 5.01761, 5.41035],
					"rotation": [180, 0, 180],
					"cubes": [
						{
							"origin": [-5.35965, 1.66761, 5.00985],
							"size": [0.1, 2.85, 0.8],
							"pivot": [-4.90965, 5.01761, 5.41035],
							"rotation": [135, 0, 90],
							"uv": {
								"north": {"uv": [29, 12], "uv_size": [1, 3]},
								"east": {"uv": [29, 15], "uv_size": [1, 3]},
								"south": {"uv": [29, 18], "uv_size": [1, 3]},
								"west": {"uv": [29, 21], "uv_size": [1, 3]},
								"up": {"uv": [39, 18], "uv_size": [1, 1]},
								"down": {"uv": [19, 40], "uv_size": [1, -1]}
							}
						},
						{
							"origin": [-4.85965, 2.31761, 5.90985],
							"size": [0.1, 0.1, 0.4],
							"pivot": [-4.40965, 5.01761, 5.91035],
							"rotation": [135, 0, 90],
							"uv": {
								"north": {"uv": [39, 19], "uv_size": [1, 1]},
								"east": {"uv": [20, 39], "uv_size": [1, 1]},
								"south": {"uv": [39, 20], "uv_size": [1, 1]},
								"west": {"uv": [21, 39], "uv_size": [1, 1]},
								"up": {"uv": [39, 21], "uv_size": [1, 1]},
								"down": {"uv": [22, 40], "uv_size": [1, -1]}
							}
						},
						{
							"origin": [-2.4281, 5.36761, 7.46689],
							"size": [0.1, 0.1, 0.4],
							"pivot": [-2.3781, 5.41761, 7.66689],
							"rotation": [115, 0, 90],
							"uv": {
								"north": {"uv": [39, 22], "uv_size": [1, 1]},
								"east": {"uv": [23, 39], "uv_size": [1, 1]},
								"south": {"uv": [39, 23], "uv_size": [1, 1]},
								"west": {"uv": [24, 39], "uv_size": [1, 1]},
								"up": {"uv": [39, 24], "uv_size": [1, 1]},
								"down": {"uv": [25, 40], "uv_size": [1, -1]}
							}
						},
						{
							"origin": [-2.42185, 5.3819, 7.5119],
							"size": [0.1, 0.1, 0.4],
							"pivot": [-2.37185, 5.41761, 7.70938],
							"rotation": [95, 0, 90],
							"uv": {
								"north": {"uv": [39, 25], "uv_size": [1, 1]},
								"east": {"uv": [26, 39], "uv_size": [1, 1]},
								"south": {"uv": [39, 26], "uv_size": [1, 1]},
								"west": {"uv": [27, 39], "uv_size": [1, 1]},
								"up": {"uv": [39, 27], "uv_size": [1, 1]},
								"down": {"uv": [28, 40], "uv_size": [1, -1]}
							}
						},
						{
							"origin": [-2.42185, 5.35332, 7.5119],
							"size": [0.1, 0.1, 0.4],
							"pivot": [-2.37185, 5.41761, 7.70938],
							"rotation": [75, 0, 90],
							"uv": {
								"north": {"uv": [39, 28], "uv_size": [1, 1]},
								"east": {"uv": [29, 39], "uv_size": [1, 1]},
								"south": {"uv": [39, 29], "uv_size": [1, 1]},
								"west": {"uv": [30, 39], "uv_size": [1, 1]},
								"up": {"uv": [39, 30], "uv_size": [1, 1]},
								"down": {"uv": [31, 40], "uv_size": [1, -1]}
							}
						},
						{
							"origin": [-2.47303, 5.37969, 7.58904],
							"size": [0.1, 0.125, 0.4],
							"pivot": [-2.42303, 5.41761, 7.76904],
							"rotation": [55, 0, 90],
							"uv": {
								"north": {"uv": [39, 31], "uv_size": [1, 1]},
								"east": {"uv": [32, 39], "uv_size": [1, 1]},
								"south": {"uv": [39, 32], "uv_size": [1, 1]},
								"west": {"uv": [33, 39], "uv_size": [1, 1]},
								"up": {"uv": [39, 33], "uv_size": [1, 1]},
								"down": {"uv": [34, 40], "uv_size": [1, -1]}
							}
						},
						{
							"origin": [-4.85965, 2.06761, 5.50985],
							"size": [0.1, 0.35, 0.5],
							"pivot": [-4.40965, 5.01761, 5.91035],
							"rotation": [135, 0, 90],
							"uv": {
								"north": {"uv": [39, 34], "uv_size": [1, 1]},
								"east": {"uv": [35, 39], "uv_size": [1, 1]},
								"south": {"uv": [39, 35], "uv_size": [1, 1]},
								"west": {"uv": [36, 39], "uv_size": [1, 1]},
								"up": {"uv": [39, 36], "uv_size": [1, 1]},
								"down": {"uv": [37, 40], "uv_size": [1, -1]}
							}
						}
					]
				},
				{
					"name": "fan4",
					"parent": "anthor",
					"pivot": [0, 2, 0.5],
					"cubes": [
						{
							"origin": [0, 2.5, 0],
							"size": [7, 1, 1],
							"pivot": [0, 2, 0.5],
							"rotation": [9.85108, -44.13603, -14.00194],
							"uv": {
								"north": {"uv": [11, 17], "uv_size": [7, 1]},
								"east": {"uv": [41, 21], "uv_size": [1, 1]},
								"south": {"uv": [4, 18], "uv_size": [7, 1]},
								"west": {"uv": [22, 41], "uv_size": [1, 1]},
								"up": {"uv": [18, 5], "uv_size": [7, 1]},
								"down": {"uv": [18, 7], "uv_size": [7, -1]}
							}
						},
						{
							"origin": [4.60987, 3.72449, 4.75987],
							"size": [0.3, 1, 1],
							"pivot": [4.75987, 4.22449, 5.25987],
							"rotation": [22.90981, -39.85571, -33.4032],
							"uv": {
								"north": {"uv": [41, 22], "uv_size": [1, 1]},
								"east": {"uv": [23, 41], "uv_size": [1, 1]},
								"south": {"uv": [41, 23], "uv_size": [1, 1]},
								"west": {"uv": [24, 41], "uv_size": [1, 1]},
								"up": {"uv": [41, 24], "uv_size": [1, 1]},
								"down": {"uv": [25, 42], "uv_size": [1, -1]}
							}
						},
						{
							"origin": [4.68041, 3.79435, 4.83041],
							"size": [0.3, 1, 1],
							"pivot": [4.83041, 4.29435, 5.33041],
							"rotation": [35.26439, -30, -54.73561],
							"uv": {
								"north": {"uv": [41, 25], "uv_size": [1, 1]},
								"east": {"uv": [26, 41], "uv_size": [1, 1]},
								"south": {"uv": [41, 26], "uv_size": [1, 1]},
								"west": {"uv": [27, 41], "uv_size": [1, 1]},
								"up": {"uv": [41, 27], "uv_size": [1, 1]},
								"down": {"uv": [28, 42], "uv_size": [1, -1]}
							}
						},
						{
							"origin": [4.72981, 3.89411, 4.87981],
							"size": [0.3, 1, 1],
							"pivot": [4.87981, 4.39411, 5.37981],
							"rotation": [42.18626, -17.38772, -71.7511],
							"uv": {
								"north": {"uv": [41, 28], "uv_size": [1, 1]},
								"east": {"uv": [29, 41], "uv_size": [1, 1]},
								"south": {"uv": [41, 29], "uv_size": [1, 1]},
								"west": {"uv": [30, 41], "uv_size": [1, 1]},
								"up": {"uv": [41, 30], "uv_size": [1, 1]},
								"down": {"uv": [31, 42], "uv_size": [1, -1]}
							}
						},
						{
							"origin": [4.7521, 4.01176, 4.9021],
							"size": [0.3, 1, 1],
							"pivot": [4.9021, 4.51176, 5.4021],
							"rotation": [44.89078, -3.53329, -86.45998],
							"uv": {
								"north": {"uv": [41, 31], "uv_size": [1, 1]},
								"east": {"uv": [32, 41], "uv_size": [1, 1]},
								"south": {"uv": [41, 32], "uv_size": [1, 1]},
								"west": {"uv": [33, 41], "uv_size": [1, 1]},
								"up": {"uv": [41, 33], "uv_size": [1, 1]},
								"down": {"uv": [34, 42], "uv_size": [1, -1]}
							}
						},
						{
							"origin": [4.76, 4.26761, 4.91],
							"size": [0.3, 1, 1],
							"pivot": [4.91, 4.76761, 5.41],
							"rotation": [45, 0, -90],
							"uv": {
								"north": {"uv": [41, 34], "uv_size": [1, 1]},
								"east": {"uv": [35, 41], "uv_size": [1, 1]},
								"south": {"uv": [41, 35], "uv_size": [1, 1]},
								"west": {"uv": [36, 41], "uv_size": [1, 1]},
								"up": {"uv": [41, 36], "uv_size": [1, 1]},
								"down": {"uv": [37, 42], "uv_size": [1, -1]}
							}
						},
						{
							"origin": [4.75965, 3.76761, 4.89985],
							"size": [0.3, 2.5, 1.035],
							"pivot": [4.90965, 5.01761, 5.41035],
							"rotation": [45, 0, -90],
							"uv": {
								"north": {"uv": [31, 24], "uv_size": [1, 3]},
								"east": {"uv": [25, 31], "uv_size": [1, 3]},
								"south": {"uv": [26, 31], "uv_size": [1, 3]},
								"west": {"uv": [31, 27], "uv_size": [1, 3]},
								"up": {"uv": [41, 38], "uv_size": [1, 1]},
								"down": {"uv": [39, 42], "uv_size": [1, -1]}
							}
						},
						{
							"origin": [4.75965, 3.76761, 4.89985],
							"size": [0.3, 2.5, 1.035],
							"pivot": [4.90965, 5.01761, 5.41035],
							"rotation": [135, 0, -90],
							"uv": {
								"north": {"uv": [2, 32], "uv_size": [1, 3]},
								"east": {"uv": [3, 32], "uv_size": [1, 3]},
								"south": {"uv": [32, 3], "uv_size": [1, 3]},
								"west": {"uv": [4, 32], "uv_size": [1, 3]},
								"up": {"uv": [41, 40], "uv_size": [1, 1]},
								"down": {"uv": [41, 42], "uv_size": [1, -1]}
							}
						},
						{
							"origin": [4.75965, 3.76761, 4.89985],
							"size": [0.3, 2.5, 1.035],
							"pivot": [4.90965, 5.01761, 5.41035],
							"rotation": [180, 0, -90],
							"uv": {
								"north": {"uv": [8, 32], "uv_size": [1, 3]},
								"east": {"uv": [32, 9], "uv_size": [1, 3]},
								"south": {"uv": [32, 12], "uv_size": [1, 3]},
								"west": {"uv": [32, 15], "uv_size": [1, 3]},
								"up": {"uv": [1, 42], "uv_size": [1, 1]},
								"down": {"uv": [42, 2], "uv_size": [1, -1]}
							}
						},
						{
							"origin": [4.75965, 3.76761, 4.89985],
							"size": [0.3, 2.5, 1.035],
							"pivot": [4.90965, 5.01761, 5.41035],
							"rotation": [90, 0, -90],
							"uv": {
								"north": {"uv": [32, 18], "uv_size": [1, 3]},
								"east": {"uv": [32, 21], "uv_size": [1, 3]},
								"south": {"uv": [32, 24], "uv_size": [1, 3]},
								"west": {"uv": [27, 32], "uv_size": [1, 3]},
								"up": {"uv": [2, 42], "uv_size": [1, 1]},
								"down": {"uv": [42, 3], "uv_size": [1, -1]}
							}
						}
					]
				},
				{
					"name": "fan_end4",
					"parent": "fan4",
					"pivot": [4.90965, 5.01761, 5.41035],
					"cubes": [
						{
							"origin": [5.05965, 4.51761, 4.90985],
							"size": [0.5, 1, 1],
							"pivot": [4.90965, 5.01761, 5.41035],
							"rotation": [135, 0, -90],
							"uv": {
								"north": {"uv": [21, 40], "uv_size": [1, 1]},
								"east": {"uv": [40, 21], "uv_size": [1, 1]},
								"south": {"uv": [22, 40], "uv_size": [1, 1]},
								"west": {"uv": [40, 22], "uv_size": [1, 1]},
								"up": {"uv": [23, 40], "uv_size": [1, 1]},
								"down": {"uv": [40, 24], "uv_size": [1, -1]}
							}
						}
					]
				},
				{
					"name": "leave7",
					"parent": "fan_end4",
					"pivot": [4.90965, 5.01761, 5.41035],
					"cubes": [
						{
							"origin": [5.25965, 1.66761, 5.00985],
							"size": [0.1, 2.85, 0.8],
							"pivot": [4.90965, 5.01761, 5.41035],
							"rotation": [135, 0, -90],
							"uv": {
								"north": {"uv": [31, 15], "uv_size": [1, 3]},
								"east": {"uv": [16, 31], "uv_size": [1, 3]},
								"south": {"uv": [17, 31], "uv_size": [1, 3]},
								"west": {"uv": [18, 31], "uv_size": [1, 3]},
								"up": {"uv": [24, 40], "uv_size": [1, 1]},
								"down": {"uv": [40, 25], "uv_size": [1, -1]}
							}
						},
						{
							"origin": [4.75965, 2.31761, 5.90985],
							"size": [0.1, 0.1, 0.4],
							"pivot": [4.40965, 5.01761, 5.91035],
							"rotation": [135, 0, -90],
							"uv": {
								"north": {"uv": [25, 40], "uv_size": [1, 1]},
								"east": {"uv": [40, 25], "uv_size": [1, 1]},
								"south": {"uv": [26, 40], "uv_size": [1, 1]},
								"west": {"uv": [40, 26], "uv_size": [1, 1]},
								"up": {"uv": [27, 40], "uv_size": [1, 1]},
								"down": {"uv": [40, 28], "uv_size": [1, -1]}
							}
						},
						{
							"origin": [2.3281, 5.36761, 7.46689],
							"size": [0.1, 0.1, 0.4],
							"pivot": [2.3781, 5.41761, 7.66689],
							"rotation": [115, 0, -90],
							"uv": {
								"north": {"uv": [28, 40], "uv_size": [1, 1]},
								"east": {"uv": [40, 28], "uv_size": [1, 1]},
								"south": {"uv": [29, 40], "uv_size": [1, 1]},
								"west": {"uv": [40, 29], "uv_size": [1, 1]},
								"up": {"uv": [30, 40], "uv_size": [1, 1]},
								"down": {"uv": [40, 31], "uv_size": [1, -1]}
							}
						},
						{
							"origin": [2.32185, 5.3819, 7.5119],
							"size": [0.1, 0.1, 0.4],
							"pivot": [2.37185, 5.41761, 7.70938],
							"rotation": [95, 0, -90],
							"uv": {
								"north": {"uv": [31, 40], "uv_size": [1, 1]},
								"east": {"uv": [40, 31], "uv_size": [1, 1]},
								"south": {"uv": [32, 40], "uv_size": [1, 1]},
								"west": {"uv": [40, 32], "uv_size": [1, 1]},
								"up": {"uv": [33, 40], "uv_size": [1, 1]},
								"down": {"uv": [40, 34], "uv_size": [1, -1]}
							}
						},
						{
							"origin": [2.32185, 5.35332, 7.5119],
							"size": [0.1, 0.1, 0.4],
							"pivot": [2.37185, 5.41761, 7.70938],
							"rotation": [75, 0, -90],
							"uv": {
								"north": {"uv": [34, 40], "uv_size": [1, 1]},
								"east": {"uv": [40, 34], "uv_size": [1, 1]},
								"south": {"uv": [35, 40], "uv_size": [1, 1]},
								"west": {"uv": [40, 35], "uv_size": [1, 1]},
								"up": {"uv": [36, 40], "uv_size": [1, 1]},
								"down": {"uv": [40, 37], "uv_size": [1, -1]}
							}
						},
						{
							"origin": [2.37303, 5.37969, 7.58904],
							"size": [0.1, 0.125, 0.4],
							"pivot": [2.42303, 5.41761, 7.76904],
							"rotation": [55, 0, -90],
							"uv": {
								"north": {"uv": [37, 40], "uv_size": [1, 1]},
								"east": {"uv": [40, 37], "uv_size": [1, 1]},
								"south": {"uv": [38, 40], "uv_size": [1, 1]},
								"west": {"uv": [40, 38], "uv_size": [1, 1]},
								"up": {"uv": [39, 40], "uv_size": [1, 1]},
								"down": {"uv": [40, 40], "uv_size": [1, -1]}
							}
						},
						{
							"origin": [4.75965, 2.06761, 5.50985],
							"size": [0.1, 0.35, 0.5],
							"pivot": [4.40965, 5.01761, 5.91035],
							"rotation": [135, 0, -90],
							"uv": {
								"north": {"uv": [40, 40], "uv_size": [1, 1]},
								"east": {"uv": [0, 41], "uv_size": [1, 1]},
								"south": {"uv": [41, 0], "uv_size": [1, 1]},
								"west": {"uv": [1, 41], "uv_size": [1, 1]},
								"up": {"uv": [41, 1], "uv_size": [1, 1]},
								"down": {"uv": [2, 42], "uv_size": [1, -1]}
							}
						}
					]
				},
				{
					"name": "leave8",
					"parent": "fan_end4",
					"pivot": [4.90965, 5.01761, 5.41035],
					"rotation": [180, 0, -180],
					"cubes": [
						{
							"origin": [5.25965, 1.66761, 5.00985],
							"size": [0.1, 2.85, 0.8],
							"pivot": [4.90965, 5.01761, 5.41035],
							"rotation": [135, 0, -90],
							"uv": {
								"north": {"uv": [31, 18], "uv_size": [1, 3]},
								"east": {"uv": [19, 31], "uv_size": [1, 3]},
								"south": {"uv": [20, 31], "uv_size": [1, 3]},
								"west": {"uv": [21, 31], "uv_size": [1, 3]},
								"up": {"uv": [41, 2], "uv_size": [1, 1]},
								"down": {"uv": [3, 42], "uv_size": [1, -1]}
							}
						},
						{
							"origin": [4.75965, 2.31761, 5.90985],
							"size": [0.1, 0.1, 0.4],
							"pivot": [4.40965, 5.01761, 5.91035],
							"rotation": [135, 0, -90],
							"uv": {
								"north": {"uv": [41, 3], "uv_size": [1, 1]},
								"east": {"uv": [4, 41], "uv_size": [1, 1]},
								"south": {"uv": [41, 4], "uv_size": [1, 1]},
								"west": {"uv": [5, 41], "uv_size": [1, 1]},
								"up": {"uv": [41, 5], "uv_size": [1, 1]},
								"down": {"uv": [6, 42], "uv_size": [1, -1]}
							}
						},
						{
							"origin": [2.3281, 5.36761, 7.46689],
							"size": [0.1, 0.1, 0.4],
							"pivot": [2.3781, 5.41761, 7.66689],
							"rotation": [115, 0, -90],
							"uv": {
								"north": {"uv": [41, 6], "uv_size": [1, 1]},
								"east": {"uv": [7, 41], "uv_size": [1, 1]},
								"south": {"uv": [41, 7], "uv_size": [1, 1]},
								"west": {"uv": [8, 41], "uv_size": [1, 1]},
								"up": {"uv": [41, 8], "uv_size": [1, 1]},
								"down": {"uv": [9, 42], "uv_size": [1, -1]}
							}
						},
						{
							"origin": [2.32185, 5.3819, 7.5119],
							"size": [0.1, 0.1, 0.4],
							"pivot": [2.37185, 5.41761, 7.70938],
							"rotation": [95, 0, -90],
							"uv": {
								"north": {"uv": [41, 9], "uv_size": [1, 1]},
								"east": {"uv": [10, 41], "uv_size": [1, 1]},
								"south": {"uv": [41, 10], "uv_size": [1, 1]},
								"west": {"uv": [11, 41], "uv_size": [1, 1]},
								"up": {"uv": [41, 11], "uv_size": [1, 1]},
								"down": {"uv": [12, 42], "uv_size": [1, -1]}
							}
						},
						{
							"origin": [2.32185, 5.35332, 7.5119],
							"size": [0.1, 0.1, 0.4],
							"pivot": [2.37185, 5.41761, 7.70938],
							"rotation": [75, 0, -90],
							"uv": {
								"north": {"uv": [41, 12], "uv_size": [1, 1]},
								"east": {"uv": [13, 41], "uv_size": [1, 1]},
								"south": {"uv": [41, 13], "uv_size": [1, 1]},
								"west": {"uv": [14, 41], "uv_size": [1, 1]},
								"up": {"uv": [41, 14], "uv_size": [1, 1]},
								"down": {"uv": [15, 42], "uv_size": [1, -1]}
							}
						},
						{
							"origin": [2.37303, 5.37969, 7.58904],
							"size": [0.1, 0.125, 0.4],
							"pivot": [2.42303, 5.41761, 7.76904],
							"rotation": [55, 0, -90],
							"uv": {
								"north": {"uv": [41, 15], "uv_size": [1, 1]},
								"east": {"uv": [16, 41], "uv_size": [1, 1]},
								"south": {"uv": [41, 16], "uv_size": [1, 1]},
								"west": {"uv": [17, 41], "uv_size": [1, 1]},
								"up": {"uv": [41, 17], "uv_size": [1, 1]},
								"down": {"uv": [18, 42], "uv_size": [1, -1]}
							}
						},
						{
							"origin": [4.75965, 2.06761, 5.50985],
							"size": [0.1, 0.35, 0.5],
							"pivot": [4.40965, 5.01761, 5.91035],
							"rotation": [135, 0, -90],
							"uv": {
								"north": {"uv": [41, 18], "uv_size": [1, 1]},
								"east": {"uv": [19, 41], "uv_size": [1, 1]},
								"south": {"uv": [41, 19], "uv_size": [1, 1]},
								"west": {"uv": [20, 41], "uv_size": [1, 1]},
								"up": {"uv": [41, 20], "uv_size": [1, 1]},
								"down": {"uv": [21, 42], "uv_size": [1, -1]}
							}
						}
					]
				}
			]
		}
	]
}