{
	"format_version": "1.8.0",
	"animations": {
		"animation.model.fly": {
			"loop": true,
			"animation_length": 0.16,
			"bones": {
				"fan_end1": {
					"rotation": {
						"0.0": [0, 0, 0],
						"0.16": [0, 360, 0]
					}
				},
				"fan_end2": {
					"rotation": {
						"0.0": [0, 0, 0],
						"0.16": [0, -360, 0]
					}
				},
				"fan_end3": {
					"rotation": {
						"0.0": [0, 0, 0],
						"0.16": [0, 360, 0]
					}
				},
				"fan_end4": {
					"rotation": {
						"0.0": [0, 0, 0],
						"0.16": [0, -360, 0]
					}
				},
				"cam": {
					"rotation": ["query.head_pitch", 0, 0]
				}
			}
		},
		"animation.model.idle": {
			"loop": "hold_on_last_frame",
			"animation_length": 0.52,
			"bones": {
				"cam": {
					"rotation": ["query.head_pitch", 0, 0]
				}
			}
		}
	},
	"geckolib_format_version": 2
}