{"stats":{"minecraft:picked_up":{"minecraft:anvil":1,"minecraft:music_disc_otherside":1},"minecraft:used":{"minecraft:sticky_piston":3,"minecraft:oak_trapdoor":29,"minecraft:lever":3,"minecraft:piston":6,"minecraft:petrified_oak_slab":20,"minecraft:flower_pot":1,"minecraft:honey_block":2,"minecraft:enchanting_table":2,"minecraft:bookshelf":27,"minecraft:daylight_detector":5,"minecraft:birch_slab":29,"minecraft:cyan_candle":6,"minecraft:oak_stairs":8,"minecraft:spruce_slab":93,"minecraft:oak_button":11,"minecraft:string":6,"minecraft:warped_fence":3,"minecraft:oak_planks":1,"minecraft:oak_sign":38,"minecraft:spruce_pressure_plate":1,"minecraft:chest":8,"minecraft:oak_pressure_plate":6,"minecraft:barrel":2,"minecraft:white_candle":4,"minecraft:birch_trapdoor":7,"minecraft:tripwire_hook":23,"minecraft:repeater":2,"minecraft:comparator":3,"minecraft:anvil":9,"minecraft:rail":16,"minecraft:target":15,"minecraft:potion":2,"minecraft:hay_block":22,"minecraft:oak_slab":9,"minecraft:scaffolding":2,"minecraft:crafting_table":15,"minecraft:furnace":7,"minecraft:spruce_stairs":129,"minecraft:warped_door":3,"minecraft:sea_pickle":32,"minecraft:note_block":11,"minecraft:stone_pressure_plate":3,"minecraft:glow_lichen":1,"minecraft:observer":2,"minecraft:oak_fence_gate":4,"minecraft:birch_stairs":68},"minecraft:custom":{"minecraft:time_since_rest":90598,"minecraft:interact_with_furnace":3,"minecraft:sprint_one_cm":66714,"minecraft:open_enderchest":1,"minecraft:walk_one_cm":212918,"minecraft:interact_with_anvil":1,"minecraft:swim_one_cm":5422,"minecraft:interact_with_crafting_table":5,"minecraft:tune_noteblock":7,"minecraft:fly_one_cm":169230,"minecraft:open_barrel":2,"minecraft:crouch_one_cm":2245,"minecraft:play_time":90598,"minecraft:sneak_time":1177,"minecraft:walk_under_water_one_cm":135,"minecraft:jump":700,"minecraft:leave_game":2,"minecraft:time_since_death":90598,"minecraft:walk_on_water_one_cm":306,"minecraft:total_world_time":90598}},"DataVersion":2975}