{
	"credit": "Made with Blockbench",
	"texture_size": [128, 64],
	"textures": {
		"0": "item/minecraft_icon",
		"particle": "item/minecraft_icon"
	},
	"elements": [
		{
			"from": [6.5, -16, 6.5],
			"to": [9.5, 14, 9.5],
			"faces": {
				"north": {"uv": [1.375, 5.5, 1.75, 13], "texture": "#0"},
				"east": {"uv": [2.75, 2.75, 3.125, 10.25], "texture": "#0"},
				"south": {"uv": [1.75, 5.5, 2.125, 13], "texture": "#0"},
				"west": {"uv": [2.125, 5.5, 2.5, 13], "texture": "#0"},
				"up": {"uv": [4.5, 1.75, 4.125, 1], "texture": "#0"},
				"down": {"uv": [4.5, 1.75, 4.125, 2.5], "texture": "#0"}
			}
		},
		{
			"from": [6.5, 27, 6.5],
			"to": [9.5, 29, 15.5],
			"faces": {
				"north": {"uv": [4.125, 7.25, 4.5, 7.75], "texture": "#0"},
				"east": {"uv": [3.875, 7.75, 5, 8.25], "texture": "#0"},
				"south": {"uv": [4.25, 3.25, 4.625, 3.75], "texture": "#0"},
				"west": {"uv": [0, 8.25, 1.125, 8.75], "texture": "#0"},
				"up": {"uv": [3.875, 5, 3.5, 2.75], "texture": "#0"},
				"down": {"uv": [3.875, 5, 3.5, 7.25], "texture": "#0"}
			}
		},
		{
			"from": [6.5, 14, 6.5],
			"to": [9.5, 16, 15.5],
			"faces": {
				"north": {"uv": [4.25, 3.75, 4.625, 4.25], "texture": "#0"},
				"east": {"uv": [4.125, 0, 5.25, 0.5], "texture": "#0"},
				"south": {"uv": [4.25, 4.25, 4.625, 4.75], "texture": "#0"},
				"west": {"uv": [4.125, 0.5, 5.25, 1], "texture": "#0"},
				"up": {"uv": [3.875, 9.5, 3.5, 7.25], "texture": "#0"},
				"down": {"uv": [4.25, 2.75, 3.875, 5], "texture": "#0"}
			}
		},
		{
			"from": [6.5, 16, 13.5],
			"to": [9.5, 27, 15.5],
			"faces": {
				"north": {"uv": [3.125, 2.75, 3.5, 5.5], "texture": "#0"},
				"east": {"uv": [2.5, 5.5, 2.75, 8.25], "texture": "#0"},
				"south": {"uv": [3.125, 5.5, 3.5, 8.25], "texture": "#0"},
				"west": {"uv": [3.875, 5, 4.125, 7.75], "texture": "#0"},
				"up": {"uv": [4.625, 8.75, 4.25, 8.25], "texture": "#0"},
				"down": {"uv": [0.375, 8.75, 0, 9.25], "texture": "#0"}
			}
		},
		{
			"from": [2.5, 16, 2.75],
			"to": [13.5, 27, 13.75],
			"rotation": {"angle": 0, "axis": "z", "origin": [8, 21.5, 8.25]},
			"faces": {
				"north": {"uv": [8, 0, 10, 4], "rotation": 90, "texture": "#0"},
				"east": {"uv": [14, 0, 12, 4], "rotation": 270, "texture": "#0"},
				"south": {"uv": [10, 0, 12, 4], "rotation": 270, "texture": "#0"},
				"west": {"uv": [10, 12, 8, 8], "rotation": 270, "texture": "#0"},
				"up": {"uv": [8, 4, 10, 8], "rotation": 270, "texture": "#0"},
				"down": {"uv": [10, 4, 12, 8], "rotation": 270, "texture": "#0"}
			}
		},
		{
			"from": [6.5, 29, 6.5],
			"to": [9.5, 32, 9.5],
			"faces": {
				"north": {"uv": [4.125, 5, 4.5, 5.75], "texture": "#0"},
				"east": {"uv": [4.125, 5.75, 4.5, 6.5], "texture": "#0"},
				"south": {"uv": [3.125, 8.25, 3.5, 9], "texture": "#0"},
				"west": {"uv": [4.125, 6.5, 4.5, 7.25], "texture": "#0"},
				"up": {"uv": [4.25, 9, 3.875, 8.25], "texture": "#0"},
				"down": {"uv": [4.625, 2.5, 4.25, 3.25], "texture": "#0"}
			}
		}
	],
	"display": {
		"thirdperson_righthand": {
			"translation": [0, 2.5, 0],
			"scale": [0.6, 0.6, 0.6]
		},
		"thirdperson_lefthand": {
			"translation": [0, 2.5, 0],
			"scale": [0.6, 0.6, 0.6]
		},
		"firstperson_righthand": {
			"rotation": [3.79, 25.84, -3.23],
			"translation": [9.75, -2, -13.75]
		},
		"firstperson_lefthand": {
			"rotation": [3.79, 25.84, -3.23],
			"translation": [9.75, -2, -13.75]
		},
		"ground": {
			"rotation": [45, 0, 0],
			"scale": [0.5, 0.5, 0.5]
		},
		"gui": {
			"rotation": [-113.14, -47.62, -86.25],
			"scale": [0.6, 0.6, 0.6]
		},
		"head": {
			"rotation": [0, 0, 90],
			"translation": [0, 8, 0]
		},
		"fixed": {
			"rotation": [-90, 45, 90],
			"translation": [0, 0, -0.5]
		}
	}
}