{
    "display": {
        "title":"小彩蛋",
        "description":"发现一个隐藏的区域",
        "icon": {
            "id":"command_block"
        },"show_toast": true,
        "announce_to_chat": true
    },
    "parent": "global:map",
    "criteria": {
        "get_egg": {
            "trigger": "minecraft:location",
            "conditions": {
                "player": {
                    "location": {
                        "dimension": "minecraft:overworld",
                        "position": {
                            "x": {
                                "min": -24,
                                "max": 24
                            },
                            "y": {
                                "min": 0,
                                "max": 4
                            },
                            "z": {
                                "min": -24,
                                "max": 24
                            }
                        }
                    }
                }
            }
        }
    }
}