{
    "criteria": {
        "get_egg": {
            "trigger": "minecraft:location",
            "conditions": {
                "player": {
                    "location": {
                        "dimension": "minecraft:overworld",
                        "position": {
                            "y": {
                                "min": -1000,
                                "max": -20
                            }
                        }
                    }
                }
            }
        }
    },"rewards": {
        "function": "gufandf:camera/in_void"
    }
}