{
	"textures": {
		"0": "animated_java:item/mob0/texture"
	},
	"elements": [
		{
			"from": [3, 6, 5],
			"to": [11, 21, 16],
			"rotation": {
				"angle": 0,
				"axis": "y",
				"origin": [8, 6, 8]
			},
			"faces": {
				"north": {
					"uv": [0, 3.75, 2, 7.5],
					"texture": "#0"
				},
				"east": {
					"uv": [0, 0, 2.75, 3.75],
					"texture": "#0"
				},
				"south": {
					"uv": [2, 3.75, 4, 7.5],
					"texture": "#0"
				},
				"west": {
					"uv": [2.75, 0, 5.5, 3.75],
					"texture": "#0"
				},
				"up": {
					"uv": [6, 6.5, 4, 3.75],
					"texture": "#0"
				},
				"down": {
					"uv": [7.5, 0, 5.5, 2.75],
					"texture": "#0"
				}
			}
		}
	],
	"display": {
		"head": {
			"rotation": [0, 180, 0]
		}
	}
}