{
	"textures": {
		"0": "animated_java:item/mob0/texture"
	},
	"elements": [
		{
			"from": [12.499, 4, 4],
			"to": [14.999, 12, 12],
			"rotation": {
				"angle": 0,
				"axis": "x",
				"origin": [15, 6.5, 7]
			},
			"faces": {
				"north": {
					"uv": [3, 7.5, 3.75, 9.5],
					"texture": "#0"
				},
				"east": {
					"uv": [6, 2.75, 8, 4.75],
					"texture": "#0"
				},
				"south": {
					"uv": [8, 2.5, 8.75, 4.5],
					"texture": "#0"
				},
				"west": {
					"uv": [6, 4.75, 8, 6.75],
					"texture": "#0"
				},
				"up": {
					"uv": [8.75, 6.5, 8, 4.5],
					"texture": "#0"
				},
				"down": {
					"uv": [8.75, 6.5, 8, 8.5],
					"texture": "#0"
				}
			}
		},
		{
			"from": [1.001, 4, 4],
			"to": [3.501, 12, 12],
			"rotation": {
				"angle": 0,
				"axis": "x",
				"origin": [3.5, 6.5, 7]
			},
			"faces": {
				"north": {
					"uv": [0, 8.5, 0.75, 10.5],
					"texture": "#0"
				},
				"east": {
					"uv": [4, 6.5, 6, 8.5],
					"texture": "#0"
				},
				"south": {
					"uv": [0.75, 8.5, 1.5, 10.5],
					"texture": "#0"
				},
				"west": {
					"uv": [6, 6.75, 8, 8.75],
					"texture": "#0"
				},
				"up": {
					"uv": [2.25, 10.5, 1.5, 8.5],
					"texture": "#0"
				},
				"down": {
					"uv": [3, 8.5, 2.25, 10.5],
					"texture": "#0"
				}
			}
		},
		{
			"from": [2, 6.5, 6],
			"to": [14, 9.5, 10],
			"rotation": {
				"angle": 0,
				"axis": "y",
				"origin": [7, 6.5, 6]
			},
			"faces": {
				"north": {
					"uv": [7.5, 1, 10.5, 1.75],
					"texture": "#0"
				},
				"east": {
					"uv": [3.75, 8.5, 4.75, 9.25],
					"texture": "#0"
				},
				"south": {
					"uv": [7.5, 1.75, 10.5, 2.5],
					"texture": "#0"
				},
				"west": {
					"uv": [4.75, 8.5, 5.75, 9.25],
					"texture": "#0"
				},
				"up": {
					"uv": [3, 8.5, 0, 7.5],
					"texture": "#0"
				},
				"down": {
					"uv": [10.5, 0, 7.5, 1],
					"texture": "#0"
				}
			}
		}
	],
	"display": {
		"head": {
			"rotation": [0, 180, 0]
		}
	}
}