{
	"bt0": {
		"frames": {
			"1": "summon item 1.5 61 2.5 {Item:{id:\"minecraft:wheat_seeds\",tag:{Tags:[\"bt\",\"bt1\"],display:{Lore:['{\"text\": \"magnet:?xt=urn:btgf:1NKDIJWD-HD68DW5T\"}']}},Count:1b},Motion:[0d,0d,-0.2d],PickupDelay:40s}",
			"6": "summon item 1.5 61 2.5 {Item:{id:\"minecraft:pumpkin_seeds\",Count:1b,tag:{display:{Lore:['{\"text\": \"2 3 5 7 11 13 17 19 23 29 31 37 41 43 47 53……\"}']}}},Motion:[0d,0d,-0.2d],PickupDelay:40s}"
		},
		"lengh": 6,
		"name": "bt0"
	},
	"bt1": {
		"frames": {
			"1": "summon item 1.5 61 2.5 {Item:{id:\"minecraft:wheat_seeds\",tag:{Tags:[\"bt\",\"bt2\"],display:{Lore:['{\"text\": \"magnet:?xt=urn:btgf:2J1D1I0W-A5D13OGE\"}']}},Count:1b},Motion:[0d,0d,-0.2d],PickupDelay:40s}",
			"11": "summon item 1.5 61 2.5 {Item:{id:\"minecraft:melon_seeds\",Count:1b,tag:{Tags:[\"model\",\"model1\"],display:{Lore:['{\"text\": \"大小：356MB\"}']}}},Motion:[0d,0d,-0.2d],PickupDelay:40s}",
			"6": "summon item 1.5 61 2.5 {Item:{id:\"minecraft:pumpkin_seeds\",Count:1b,tag:{Tags:[\"printer_password\"],display:{Lore:['{\"text\": \"打印机密码：XXXXXX\"}']}}},Motion:[0d,0d,-0.2d],PickupDelay:40s}"
		},
		"lengh": 11,
		"name": "bt1"
	},
	"bt2": {
		"frames": {
			"1": "summon item 1.5 61 2.5 {Item:{id:\"minecraft:beetroot_seeds\",tag:{Tags:[\"exe\",\"Minedows11\"],display:{Name:'{\"text\": \"Minedows 11\"}',Lore:['{\"text\": \"Minedows 11 磁盘映像 (ISO)\"}']}},Count:1b},Motion:[0d,0d,-0.2d],PickupDelay:40s}"
		},
		"lengh": 1,
		"name": "bt2"
	},
	"bt3": {
		"frames": {

		},
		"lengh": 1,
		"name": "bt3"
	},
	"bt4": {
		"frames": {
			"1": "summon item 1.5 61 2.5 {Item:{id:\"minecraft:beetroot_seeds\",tag:{Tags:[\"printable_exe\",\"base64\"],display:{Name:'{\"text\": \"BASE64编解码工具\"}',Lore:['{\"text\": \"大小：1KB\"}']}},Count:1b},Motion:[0d,0d,-0.2d],PickupDelay:40s}",
			"11": "summon item 1.5 61 2.5 {Item:{id:\"minecraft:beetroot_seeds\",tag:{Tags:[\"printable_exe\",\"nb_key\"],display:{Name:'{\"text\": \"万能钥匙\"}',Lore:['{\"text\": \"大小：1KB\"}']}},Count:1b},Motion:[0d,0d,-0.2d],PickupDelay:40s}",
			"16": "summon item 1.5 61 2.5 {Item:{id:\"minecraft:beetroot_seeds\",tag:{Tags:[\"printable_exe\",\"ai_writing\"],display:{Name:'{\"text\": \"AI写作助手\"}',Lore:['{\"text\": \"大小：15.0GB\"}']}},Count:1b},Motion:[0d,0d,-0.2d],PickupDelay:40s}",
			"21": "summon item 1.5 61 2.5 {Item:{id:\"minecraft:beetroot_seeds\",tag:{Tags:[\"exe\",\"printer_updata\"],display:{Name:'{\"text\": \"打印机升级程序\"}',Lore:['{\"text\": \"使你的打印机可以打印更多格式\"}','{\"text\": \"大小：506MB\"}']}},Count:1b},Motion:[0d,0d,-0.2d],PickupDelay:40s}",
			"6": "summon item 1.5 61 2.5 {Item:{id:\"minecraft:beetroot_seeds\",tag:{Tags:[\"printable_exe\",\"news_app\"],display:{Name:'{\"text\": \"朝闻电子报\"}',Lore:['{\"text\": \"大小：1.5MB\"}']}},Count:1b},Motion:[0d,0d,-0.2d],PickupDelay:40s}"
		},
		"lengh": 21,
		"name": "bt4"
	},
	"install_sys": {
		"frames": {
			"40": "execute as @e[tag=aj.computer.root] run function animated_java:computer/animations/error/play\nexecute as @a run function gufandf:seed/title/install_falut",
			"45": "summon item 1.9 61 1.5 {Item:{id:\"minecraft:pumpkin_seeds\",Count:1b,tag:{display:{Lore:['{\"text\": \"SGVsbG8gV29ybGQhIEhlbGxvIE1DQyE=\"}']}}},Motion:[-0.2d,0.1d,-0.1d],PickupDelay:40s}",
			"50": "summon item 1.9 61 1.5 {Item:{id:\"minecraft:wheat_seeds\",tag:{display:{Name:'{\"text\": \"朝闻报2077/2/6\",\"italic\": false}',Lore:['{\"text\": \"magnet:?xt=urn:btgf:3LJXVVOM-RYK4L534\"}']},Tags:[\"bt\",\"bt3\"]},Count:1b},Motion:[-0.2d,0.1d,-0.1d],PickupDelay:40s}",
			"55": "summon item 1.9 61 1.5 {Item:{id:\"minecraft:wheat_seeds\",tag:{display:{Name:'{\"text\": \"工具大全\",\"italic\": false}',Lore:['{\"text\": \"magnet:?xt=urn:btgf:4A9M6RK7-6TAZE8Q5\"}']},Tags:[\"bt\",\"bt4\"]},Count:1b},Motion:[-0.2d,0.1d,-0.1d],PickupDelay:40s}",
			"60": "summon item 1.9 61 1.5 {Item:{id:\"minecraft:wheat_seeds\",tag:{display:{Name:'{\"text\": \"孤帆Gufandf\",\"italic\": false}',Lore:['{\"text\": \"magnet:?xt=urn:btgf:5SOALZWC-7K02SMLN\"}']},Tags:[\"bt\",\"bt5\"]},Count:1b},Motion:[-0.2d,0.1d,-0.1d],PickupDelay:40s}",
			"65": "summon item 1.9 61 1.5 {Item:{id:\"minecraft:pumpkin_seeds\",Count:1b,tag:{display:{Lore:['{\"text\": \"RW50cmllcyBmb3IgdGhlIE1DQyBHYW1lIEphbQ==\"}']}}},Motion:[-0.2d,-0.1d,-0.1d],PickupDelay:40s}",
			"70": "summon item 1.9 61 1.5 {Item:{id:\"minecraft:pumpkin_seeds\",Count:1b,tag:{display:{Lore:['{\"text\": \"SGVsbG8gV29ybGQhIEhlbGxvIE1DQyE=\"}']}}},Motion:[-0.2d,0.1d,-0.1d]}",
			"75": "summon item 1.9 61 1.5 {Item:{id:\"minecraft:pumpkin_seeds\",Count:1b,tag:{display:{Lore:['{\"text\": \"RW50cmllcyBmb3IgdGhlIE1DQyBHYW1lIEphbQ==\"}']}}},Motion:[-0.2d,-0.1d,0.1d],PickupDelay:40s}"
		},
		"lengh": 75,
		"name": "install_sys"
	},
	"ladder": {
		"frames": {
			"1": "setblock 0 63 1 minecraft:ladder\nplaysound minecraft:block.wood.place ambient @a 0 63 1",
			"10": "setblock 0 60 1 minecraft:ladder\nplaysound minecraft:block.wood.place ambient @a 0 60 1",
			"4": "setblock 0 62 1 minecraft:ladder\nplaysound minecraft:block.wood.place ambient @a 0 62 1",
			"7": "setblock 0 61 1 minecraft:ladder\nplaysound minecraft:block.wood.place ambient @a 0 61 1"
		},
		"lengh": 10,
		"name": "ladder"
	},
	"pr1": {
		"frames": {
			"1": "function gufandf:seed/inter/computer/summon"
		},
		"lengh": 1,
		"name": "pr1"
	},
	"reboot": {
		"frames": {
			"1": "scoreboard players set virus game 0\nkill @e[type=item]\nclear @a paper\nsetblock 1 63 -1 air\nsetblock 0 63 -1 air",
			"2": "scoreboard players set virus game 0\nkill @e[type=item]\nclear @a paper\nsetblock 1 63 0 air\nsetblock 0 63 0 air",
			"3": "scoreboard players set virus game 0\nkill @e[type=item]\nclear @a paper\nsetblock 1 63 1 air\nsetblock 0 63 1 air"
		},
		"lengh": 20,
		"name": "reboot"
	}
}