{"stats":{"minecraft:used":{"minecraft:peony":887,"minecraft:blue_terracotta":41,"minecraft:light_blue_stained_glass_pane":53,"minecraft:rose_bush":2,"minecraft:iron_bars":118,"minecraft:flint_and_steel":10,"minecraft:heavy_core":9,"minecraft:stone_shovel":98,"minecraft:spruce_slab":452,"minecraft:redstone":14,"minecraft:bamboo_sign":1,"minecraft:ladder":25,"minecraft:polished_basalt":7,"minecraft:light_blue_terracotta":21,"minecraft:white_concrete_powder":53,"minecraft:spruce_planks":1054,"minecraft:chest":2,"minecraft:white_terracotta":10,"minecraft:stone":1127,"minecraft:zombie_spawn_egg":2,"minecraft:player_head":2,"minecraft:farmland":4,"minecraft:white_candle":11,"minecraft:debug_stick":46,"minecraft:torch":203,"minecraft:anvil":2,"minecraft:dirt":1117,"minecraft:birch_pressure_plate":11,"minecraft:ancient_debris":1,"minecraft:white_carpet":27,"minecraft:spruce_stairs":136,"minecraft:cobblestone_wall":3,"minecraft:jungle_slab":20,"minecraft:stone_stairs":4,"minecraft:oak_wood":76,"minecraft:raw_iron_block":12,"minecraft:spruce_fence":49,"minecraft:allay_spawn_egg":1,"minecraft:light_blue_stained_glass":237,"minecraft:stripped_spruce_log":40,"minecraft:oak_fence_gate":27,"minecraft:waxed_copper_trapdoor":20,"minecraft:birch_door":1,"minecraft:brown_terracotta":91,"minecraft:glass":3,"minecraft:dark_oak_planks":114,"minecraft:stone_brick_slab":313,"minecraft:wooden_axe":7,"minecraft:chipped_anvil":1,"minecraft:sea_lantern":9,"minecraft:waxed_oxidized_copper_grate":4,"minecraft:cyan_terracotta":70,"minecraft:lava_bucket":10,"minecraft:bookshelf":244,"minecraft:mangrove_stairs":8,"minecraft:spruce_wood":1318,"minecraft:lantern":10,"minecraft:iron_block":475,"minecraft:grass_block":12240,"minecraft:oak_stairs":181,"minecraft:polished_andesite_stairs":168,"minecraft:tuff_brick_wall":186,"minecraft:dark_oak_wood":14,"minecraft:dark_oak_leaves":7,"minecraft:dark_oak_slab":33,"minecraft:diorite_wall":66,"minecraft:barrel":195,"minecraft:stone_brick_stairs":960,"minecraft:stone_bricks":42982,"minecraft:slime_spawn_egg":1,"minecraft:repeater":48,"minecraft:red_stained_glass_pane":2,"minecraft:vault":2,"minecraft:red_carpet":199,"minecraft:reinforced_deepslate":2,"minecraft:bow":5,"minecraft:brown_carpet":42,"minecraft:black_stained_glass":7,"minecraft:sweet_berries":34,"minecraft:hay_block":68,"minecraft:iron_trapdoor":6,"minecraft:ominous_bottle":1,"minecraft:polished_diorite_stairs":8,"minecraft:gold_block":54,"minecraft:skeleton_skull":1,"minecraft:stone_pressure_plate":24,"minecraft:stripped_spruce_wood":62,"minecraft:mangrove_leaves":161,"minecraft:dark_oak_sapling":184,"minecraft:cobbled_deepslate_wall":1,"minecraft:deepslate_brick_wall":37,"minecraft:armadillo_spawn_egg":1,"minecraft:water_bucket":75,"minecraft:dark_oak_stairs":620,"minecraft:chiseled_bookshelf":166,"minecraft:diorite":34,"minecraft:amethyst_block":3,"minecraft:dirt_path":1,"minecraft:spruce_door":65,"minecraft:birch_planks":3272,"minecraft:mangrove_planks":40,"minecraft:oak_planks":474,"minecraft:polished_diorite_slab":113,"minecraft:ender_pearl":3,"minecraft:sandstone":126,"minecraft:cherry_planks":4,"minecraft:redstone_block":106,"minecraft:spruce_sign":4,"minecraft:cauldron":1,"minecraft:conduit":1,"minecraft:smooth_quartz_stairs":69,"minecraft:white_wool":314,"minecraft:glow_item_frame":3,"minecraft:golden_apple":1,"minecraft:yellow_terracotta":35,"minecraft:terracotta":16,"minecraft:comparator":5,"minecraft:vine":44,"minecraft:tnt":2,"minecraft:oak_slab":71,"minecraft:crafting_table":1,"minecraft:birch_sign":17,"minecraft:light_gray_terracotta":18,"minecraft:campfire":3,"minecraft:sponge":5,"minecraft:purple_terracotta":19,"minecraft:ochre_froglight":1,"minecraft:stone_brick_wall":17,"minecraft:painting":99,"minecraft:spruce_log":362,"minecraft:lightning_rod":1,"minecraft:dark_oak_door":3,"minecraft:deepslate_tile_wall":38,"minecraft:birch_fence":41,"minecraft:creeper_spawn_egg":8,"minecraft:redstone_torch":1,"minecraft:oak_log":22,"minecraft:black_terracotta":81,"minecraft:sticky_piston":3,"minecraft:black_concrete":171,"minecraft:mangrove_door":6,"minecraft:mace":6,"minecraft:birch_slab":28,"minecraft:command_block":109,"minecraft:light_gray_concrete":10,"minecraft:wind_charge":133,"minecraft:barrier":3802,"minecraft:stone_button":25,"minecraft:netherite_axe":70,"minecraft:spruce_pressure_plate":1,"minecraft:lectern":2,"minecraft:jungle_stairs":36,"minecraft:red_terracotta":13,"minecraft:spruce_trapdoor":52,"minecraft:oak_pressure_plate":10,"minecraft:iron_door":17,"minecraft:gravel":318,"minecraft:flowering_azalea_leaves":5,"minecraft:polished_andesite_slab":102,"minecraft:evoker_spawn_egg":1,"minecraft:chiseled_stone_bricks":12,"minecraft:coal_block":16,"minecraft:fishing_rod":370,"minecraft:cobblestone":165,"minecraft:cherry_stairs":10,"minecraft:orange_banner":11,"minecraft:andesite":82,"minecraft:magenta_glazed_terracotta":5,"minecraft:repeating_command_block":42,"minecraft:white_banner":2,"minecraft:grindstone":1,"minecraft:dark_oak_fence":63,"minecraft:andesite_stairs":29,"minecraft:white_stained_glass":178,"minecraft:chain_command_block":173,"minecraft:chain":5,"minecraft:glass_pane":13,"minecraft:smooth_stone_slab":112,"minecraft:stripped_oak_log":55,"minecraft:white_concrete":103,"minecraft:husk_spawn_egg":11,"minecraft:coarse_dirt":198,"minecraft:brown_mushroom_block":1,"minecraft:smooth_stone":1172,"minecraft:bone_meal":309,"minecraft:splash_potion":22,"minecraft:birch_stairs":29,"minecraft:trial_spawner":1},"minecraft:killed":{"minecraft:evoker":1,"minecraft:giant":2,"minecraft:allay":1,"minecraft:slime":47,"minecraft:husk":5},"minecraft:crafted":{"minecraft:leather_leggings":1,"minecraft:leather_boots":1,"minecraft:leather_chestplate":1},"minecraft:picked_up":{"minecraft:wooden_axe":2,"minecraft:fishing_rod":1,"minecraft:splash_potion":2,"minecraft:redstone_block":1,"minecraft:stone_brick_stairs":22,"minecraft:stripped_mangrove_log":1,"minecraft:wind_charge":1,"minecraft:white_carpet":1,"minecraft:birch_fence":2,"minecraft:glass_pane":1,"minecraft:cracked_stone_bricks":16,"minecraft:netherite_sword":1,"minecraft:smooth_stone":12,"minecraft:comparator":1,"minecraft:spruce_planks":30,"minecraft:player_head":3,"minecraft:iron_pickaxe":2,"minecraft:stone":1,"minecraft:deepslate_brick_wall":1,"minecraft:torch":9,"minecraft:lightning_rod":1,"minecraft:stone_button":33,"minecraft:redstone":1,"minecraft:brown_carpet":10,"minecraft:dark_oak_planks":2,"minecraft:command_block":1,"minecraft:rotten_flesh":7,"minecraft:totem_of_undying":1,"minecraft:iron_bars":1,"minecraft:polished_diorite_slab":1,"minecraft:birch_planks":1,"minecraft:stripped_spruce_wood":1,"minecraft:dirt":1,"minecraft:red_carpet":20,"minecraft:kelp":23,"minecraft:stone_bricks":164,"minecraft:wheat_seeds":20,"minecraft:spruce_wood":16,"minecraft:pitcher_pod":193,"minecraft:dark_oak_stairs":1,"minecraft:dark_oak_slab":1,"minecraft:pitcher_plant":159,"minecraft:stone_brick_slab":8,"minecraft:spruce_log":1,"minecraft:spruce_door":1,"minecraft:barrel":1,"minecraft:oak_wood":1,"minecraft:slime_ball":33,"minecraft:white_concrete_powder":1,"minecraft:black_concrete":1,"minecraft:birch_sign":6,"minecraft:painting":1,"minecraft:white_concrete":1,"minecraft:terracotta":1,"minecraft:dark_oak_fence":5},"minecraft:dropped":{"minecraft:repeating_command_block":5,"minecraft:birch_planks":1,"minecraft:wheat_seeds":5,"minecraft:oak_log":1,"minecraft:amethyst_block":1,"minecraft:command_block":6,"minecraft:grass_block":1,"minecraft:cyan_terracotta":1,"minecraft:lava_bucket":1,"minecraft:iron_block":1,"minecraft:husk_spawn_egg":1,"minecraft:heart_of_the_sea":1,"minecraft:iron_pickaxe":2,"minecraft:black_concrete":1,"minecraft:fishing_rod":1,"minecraft:redstone_block":2,"minecraft:player_head":1,"minecraft:light_gray_terracotta":1,"minecraft:iron_hoe":1,"minecraft:comparator":1,"minecraft:white_terracotta":1,"minecraft:wind_charge":1,"minecraft:stone":1,"minecraft:barrel":1,"minecraft:painting":1,"minecraft:sandstone":1,"minecraft:chain_command_block":10,"minecraft:terracotta":1},"minecraft:custom":{"minecraft:mob_kills":57,"minecraft:interact_with_anvil":2,"minecraft:interact_with_crafting_table":1,"minecraft:open_barrel":43,"minecraft:damage_dealt_resisted":2521,"minecraft:leave_game":13,"minecraft:time_since_death":2711,"minecraft:climb_one_cm":5684,"minecraft:sprint_one_cm":1161533,"minecraft:walk_one_cm":1370699,"minecraft:drop":52,"minecraft:play_time":2357563,"minecraft:deaths":35,"minecraft:sneak_time":45580,"minecraft:walk_under_water_one_cm":57195,"minecraft:jump":9435,"minecraft:walk_on_water_one_cm":36636,"minecraft:total_world_time":2638163,"minecraft:time_since_rest":2732,"minecraft:damage_taken":6130,"minecraft:damage_dealt":5918,"minecraft:fly_one_cm":19308698,"minecraft:swim_one_cm":11709,"minecraft:open_chest":3,"minecraft:crouch_one_cm":24520,"minecraft:fall_one_cm":50665}},"DataVersion":3953}