{
    "scheme": "1.3",
    "name": "MY/portal",
    "texture": [ 64, 32 ],
    "providesObj": true,
    "providesMtl": true,
    "limbs": {
        "bottom_3": {
            "size": [ 4, 4, 4 ],
            "texture": [ 0, 0 ],
            "anchor": [ 0.5, 0.5, 0.5 ],
            "origin": [ 0.0, 0.0, 0.0 ],
            "parent": "body_1"
        },
        "gun_2": {
            "size": [ 4, 4, 4 ],
            "texture": [ 0, 0 ],
            "anchor": [ 0.5, 0.5, 0.5 ],
            "origin": [ 0.0, 0.0, 0.0 ],
            "parent": "body_1"
        },
        "body_1": {
            "size": [ 4, 4, 4 ],
            "texture": [ 0, 0 ],
            "anchor": [ 0.5, 0.5, 0.5 ],
            "origin": [ 0.0, 0.0, 0.0 ]
        },
        "glass_4": {
            "size": [ 4, 4, 4 ],
            "texture": [ 0, 0 ],
            "anchor": [ 0.5, 0.5, 0.5 ],
            "origin": [ 0.0, 0.0, 0.0 ],
            "parent": "body_1",
            "opacity": 0.23295455
        }
    },
    "poses": {
        "standing": {
            "size": [ 1.0, 1.0, 1.0 ],
            "limbs": {
                "bottom_3": {
                    "translate": [ -0.0, 0.96875, 5.40625 ],
                    "scale": [ 0.9, 0.9, 0.9 ]
                },
                "gun_2": {
                    "translate": [ -0.0, 0.5625, 6.1875 ]
                },
                "body_1": {
                    "translate": [ -0.0, 12.0, -6.0 ],
                    "scale": [ 0.3, 0.3, 0.3 ]
                },
                "glass_4": {
                    "translate": [ -0.0, 0.0, 1.71875 ],
                    "scale": [ 0.85, 0.85, 0.85 ]
                }
            }
        },
        "flying": {
            "size": [ 1.0, 1.0, 1.0 ],
            "limbs": {
                "bottom_3": {
                    "translate": [ -0.0, 12.0, 1.0 ]
                },
                "gun_2": {
                    "translate": [ -0.0, 12.0, -0.0 ]
                },
                "body_1": {
                    "translate": [ -0.0, 12.0, -6.0 ]
                },
                "glass_4": {
                    "translate": [ -0.0, 12.0, -0.0 ]
                }
            }
        },
        "sneaking": {
            "size": [ 1.0, 1.0, 1.0 ],
            "limbs": {
                "bottom_3": {
                    "translate": [ -0.0, 12.0, 1.0 ]
                },
                "gun_2": {
                    "translate": [ -0.0, 12.0, -0.0 ]
                },
                "body_1": {
                    "translate": [ -0.0, 12.0, -6.0 ]
                },
                "glass_4": {
                    "translate": [ -0.0, 12.0, -0.0 ]
                }
            }
        },
        "riding": {
            "size": [ 1.0, 1.0, 1.0 ],
            "limbs": {
                "bottom_3": {
                    "translate": [ -0.0, 12.0, 1.0 ]
                },
                "gun_2": {
                    "translate": [ -0.0, 12.0, -0.0 ]
                },
                "body_1": {
                    "translate": [ -0.0, 12.0, -6.0 ]
                },
                "glass_4": {
                    "translate": [ -0.0, 12.0, -0.0 ]
                }
            }
        },
        "sleeping": {
            "size": [ 1.0, 1.0, 1.0 ],
            "limbs": {
                "bottom_3": {
                    "translate": [ -0.0, 12.0, 1.0 ]
                },
                "gun_2": {
                    "translate": [ -0.0, 12.0, -0.0 ]
                },
                "body_1": {
                    "translate": [ -0.0, 12.0, -6.0 ]
                },
                "glass_4": {
                    "translate": [ -0.0, 12.0, -0.0 ]
                }
            }
        }
    }
}