{"stats":{"minecraft:dropped":{"minecraft:black_dye":1,"minecraft:lime_dye":4,"minecraft:coal":1,"minecraft:dried_kelp_block":71,"minecraft:wooden_axe":1,"minecraft:white_dye":1,"minecraft:bone":3,"minecraft:redstone":9},"minecraft:used":{"minecraft:short_grass":6,"minecraft:moss_block":248,"minecraft:water_bucket":389,"minecraft:mossy_stone_bricks":27,"minecraft:stone_sword":7,"minecraft:cow_spawn_egg":1,"minecraft:spruce_slab":130,"minecraft:jungle_fence":3,"minecraft:bone_block":284,"minecraft:oak_sign":5,"minecraft:polished_basalt":17,"minecraft:ender_pearl":3,"minecraft:chest":2,"minecraft:spruce_planks":77,"minecraft:shield":19,"minecraft:wither_skeleton_spawn_egg":12,"minecraft:zombie_spawn_egg":2,"minecraft:redstone_block":51,"minecraft:clay":17,"minecraft:glow_ink_sac":4,"minecraft:farmland":16,"minecraft:cracked_stone_bricks":9,"minecraft:torch":12,"minecraft:jungle_wood":3,"minecraft:dirt":44,"minecraft:blue_dye":1,"minecraft:sand":19,"minecraft:rail":24,"minecraft:skeleton_spawn_egg":3,"minecraft:vine":77,"minecraft:light_blue_dye":1,"minecraft:pitcher_pod":1,"minecraft:birch_sign":1,"minecraft:sculk_shrieker":4,"minecraft:cyan_dye":1,"minecraft:oak_wood":336,"minecraft:tuff":68,"minecraft:spruce_fence":1,"minecraft:cobbled_deepslate_stairs":3,"minecraft:snowball":16,"minecraft:spruce_log":49,"minecraft:creeper_spawn_egg":1,"minecraft:warden_spawn_egg":1,"minecraft:oak_log":22,"minecraft:wooden_axe":15,"minecraft:lever":2,"minecraft:apple":2,"minecraft:command_block":82,"minecraft:grass_block":76,"minecraft:stone_button":2,"minecraft:barrier":36,"minecraft:polished_andesite_stairs":1,"minecraft:netherite_axe":210,"minecraft:spruce_trapdoor":18,"minecraft:deepslate":3454,"minecraft:lime_dye":2,"minecraft:flowering_azalea_leaves":475,"minecraft:stone_brick_stairs":9,"minecraft:chiseled_stone_bricks":42,"minecraft:repeater":13,"minecraft:stone_bricks":321,"minecraft:torchflower_seeds":1,"minecraft:wooden_sword":118,"minecraft:coal_block":28,"minecraft:cobbled_deepslate_slab":15,"minecraft:written_book":2,"minecraft:guardian_spawn_egg":1,"minecraft:wolf_spawn_egg":3,"minecraft:deepslate_coal_ore":50,"minecraft:lapis_block":2,"minecraft:chain_command_block":101,"minecraft:acacia_wood":1,"minecraft:repeating_command_block":56,"minecraft:polished_blackstone_button":1,"minecraft:stone_pressure_plate":4,"minecraft:coarse_dirt":12,"minecraft:cobbled_deepslate":17,"minecraft:observer":23,"minecraft:splash_potion":16,"minecraft:bone_meal":31,"minecraft:pointed_dripstone":165,"minecraft:dark_oak_sapling":1},"minecraft:killed_by":{"minecraft:skeleton":1,"minecraft:stray":1},"minecraft:mined":{"minecraft:jungle_wood":6,"minecraft:acacia_wood":4,"minecraft:torchflower":1,"minecraft:pitcher_crop":1},"minecraft:killed":{"minecraft:wolf":3,"minecraft:spider":49,"minecraft:skeleton":9,"minecraft:guardian":1,"minecraft:zombie":2,"minecraft:stray":9,"minecraft:wither_skeleton":13,"minecraft:villager":17,"minecraft:cow":1},"minecraft:custom":{"minecraft:mob_kills":105,"minecraft:traded_with_villager":1,"minecraft:damage_dealt_resisted":8653,"minecraft:leave_game":17,"minecraft:time_since_death":10939,"minecraft:climb_one_cm":8765,"minecraft:time_since_rest":10964,"minecraft:sprint_one_cm":525326,"minecraft:damage_taken":1835,"minecraft:walk_one_cm":632853,"minecraft:damage_blocked_by_shield":570,"minecraft:drop":91,"minecraft:damage_dealt":18380,"minecraft:swim_one_cm":1810,"minecraft:talked_to_villager":28,"minecraft:fly_one_cm":7737675,"minecraft:open_chest":5,"minecraft:crouch_one_cm":30757,"minecraft:play_time":1599798,"minecraft:deaths":20,"minecraft:sneak_time":29273,"minecraft:walk_under_water_one_cm":708,"minecraft:jump":4278,"minecraft:walk_on_water_one_cm":19070,"minecraft:total_world_time":1724949,"minecraft:fall_one_cm":16445},"minecraft:picked_up":{"minecraft:wooden_axe":2,"minecraft:barrier":2,"minecraft:splash_potion":2,"minecraft:redstone_block":3,"minecraft:water_bucket":1,"minecraft:jungle_wood":6,"minecraft:acacia_wood":4,"minecraft:torchflower":1,"minecraft:shield":1,"minecraft:dirt":17,"minecraft:string":53,"minecraft:moss_carpet":3,"minecraft:wooden_sword":1,"minecraft:bone":23,"minecraft:cobbled_deepslate":2413,"minecraft:beef":2,"minecraft:netherite_axe":5,"minecraft:pitcher_pod":6,"minecraft:sculk_catalyst":1,"minecraft:tipped_arrow":3,"minecraft:chain_command_block":8,"minecraft:pitcher_plant":1,"minecraft:farmland":1,"minecraft:sand":8,"minecraft:pointed_dripstone":4,"minecraft:grass_block":1,"minecraft:redstone":201,"minecraft:prismarine_crystals":1,"minecraft:spider_eye":71,"minecraft:dragon_egg":4,"minecraft:dried_kelp_block":6,"minecraft:arrow":17,"minecraft:repeating_command_block":5,"minecraft:stone_sword":4,"minecraft:command_block":9,"minecraft:rotten_flesh":3,"minecraft:lever":1,"minecraft:bone_meal":18,"minecraft:coal":13},"minecraft:crafted":{"minecraft:lime_dye":1}},"DataVersion":3700}