{"stats":{"minecraft:dropped":{"minecraft:gold_block":1,"minecraft:netherite_block":1,"minecraft:lime_concrete":1,"minecraft:cobblestone":9,"minecraft:command_block":3,"minecraft:copper_ingot":58,"minecraft:grass_block":1,"minecraft:carrot_on_a_stick":7},"minecraft:crafted":{"minecraft:knowledge_book":3},"minecraft:custom":{"minecraft:time_since_rest":331467,"minecraft:sprint_one_cm":229505,"minecraft:walk_one_cm":260313,"minecraft:damage_absorbed":410,"minecraft:interact_with_anvil":1,"minecraft:mob_kills":7,"minecraft:drop":71,"minecraft:damage_dealt":573,"minecraft:interact_with_crafting_table":6,"minecraft:fly_one_cm":980672,"minecraft:open_chest":40,"minecraft:crouch_one_cm":15945,"minecraft:play_time":340055,"minecraft:deaths":2,"minecraft:sneak_time":7420,"minecraft:jump":1564,"minecraft:leave_game":11,"minecraft:time_since_death":331439,"minecraft:total_world_time":686146},"minecraft:killed":{"minecraft:skeleton":1,"minecraft:creeper":5},"minecraft:picked_up":{"minecraft:copper_ingot":25,"minecraft:lime_concrete":7,"minecraft:carrot_on_a_stick":22,"minecraft:gold_block":1,"minecraft:stone_button":7,"minecraft:grass_block":1,"minecraft:gunpowder":10,"minecraft:dirt":1,"minecraft:string":157,"minecraft:netherite_block":1,"minecraft:arrow":20,"minecraft:bone":18,"minecraft:command_block":3,"minecraft:white_concrete":1,"minecraft:obsidian":331,"minecraft:cobblestone":860,"minecraft:wooden_axe":1},"minecraft:used":{"minecraft:creeper_spawn_egg":31,"minecraft:oak_log":20,"minecraft:oak_fence":80,"minecraft:netherite_sword":3,"minecraft:light":3,"minecraft:lava_bucket":1,"minecraft:command_block":11,"minecraft:grass_block":109,"minecraft:polished_andesite":4,"minecraft:oak_button":4,"minecraft:carrot_on_a_stick":882,"minecraft:oak_planks":50,"minecraft:stone_button":16,"minecraft:oak_sign":1,"minecraft:chest":1,"minecraft:stone":62,"minecraft:structure_block":8,"minecraft:polished_andesite_slab":80,"minecraft:dirt":4,"minecraft:anvil":3,"minecraft:lime_concrete":168,"minecraft:skeleton_spawn_egg":48,"minecraft:oak_slab":56,"minecraft:crafting_table":6,"minecraft:white_concrete":28}},"DataVersion":3218}