{"stats":{"minecraft:killed_by":{"minecraft:husk":1},"minecraft:picked_up":{"minecraft:oak_wood":60,"minecraft:wheat_seeds":2,"minecraft:soul_lantern":1,"minecraft:writable_book":1,"minecraft:azalea":2,"minecraft:emerald":4,"minecraft:oak_planks":16},"minecraft:killed":{"minecraft:wolf":1,"minecraft:tadpole":1,"minecraft:phantom":1},"minecraft:used":{"minecraft:netherite_sword":11,"minecraft:azalea":4,"minecraft:short_grass":3,"minecraft:frog_spawn_egg":1,"minecraft:moss_block":67,"minecraft:flowering_azalea":1,"minecraft:moss_carpet":14,"minecraft:stone_brick_slab":7,"minecraft:packed_ice":1,"minecraft:diorite":9,"minecraft:cyan_terracotta":28,"minecraft:writable_book":2,"minecraft:dead_tube_coral_block":1,"minecraft:heavy_core":3,"minecraft:dead_horn_coral_block":2,"minecraft:redstone_ore":1,"minecraft:tadpole_spawn_egg":3,"minecraft:grass_block":12,"minecraft:oak_stairs":1,"minecraft:spruce_slab":1,"minecraft:barrier":1,"minecraft:stone_button":2,"minecraft:andesite_slab":9,"minecraft:spruce_planks":48,"minecraft:stone_slab":18,"minecraft:stone":12,"minecraft:spruce_trapdoor":9,"minecraft:spruce_sign":1,"minecraft:deepslate":6,"minecraft:gravel":34,"minecraft:cobblestone_slab":18,"minecraft:calibrated_sculk_sensor":1,"minecraft:stone_bricks":17,"minecraft:soul_lantern":7,"minecraft:smooth_basalt":1,"minecraft:cracked_stone_bricks":4,"minecraft:debug_stick":24,"minecraft:rail":8,"minecraft:glow_berries":6,"minecraft:vault":3,"minecraft:brown_carpet":1,"minecraft:suspicious_gravel":1,"minecraft:cobblestone":31,"minecraft:bow":3,"minecraft:written_book":1,"minecraft:ominous_bottle":2,"minecraft:spruce_stairs":10,"minecraft:crafter":3,"minecraft:phantom_spawn_egg":7,"minecraft:andesite":72,"minecraft:chain":1,"minecraft:waxed_oxidized_copper_bulb":1,"minecraft:sea_pickle":4,"minecraft:painting":7,"minecraft:tuff":59,"minecraft:glow_lichen":18,"minecraft:allay_spawn_egg":1,"minecraft:spruce_log":9,"minecraft:waxed_copper_bulb":1,"minecraft:hanging_roots":3,"minecraft:pointed_dripstone":1,"minecraft:trial_spawner":4},"minecraft:custom":{"minecraft:time_since_rest":99163,"minecraft:sprint_one_cm":28754,"minecraft:damage_taken":360,"minecraft:walk_one_cm":79468,"minecraft:mob_kills":5,"minecraft:drop":14,"minecraft:damage_dealt":438,"minecraft:interact_with_beacon":1,"minecraft:fly_one_cm":584503,"minecraft:open_chest":2,"minecraft:crouch_one_cm":3078,"minecraft:play_time":143141,"minecraft:deaths":1,"minecraft:sneak_time":4102,"minecraft:jump":326,"minecraft:leave_game":3,"minecraft:time_since_death":99137,"minecraft:total_world_time":143141},"minecraft:dropped":{"minecraft:emerald":14}},"DataVersion":3953}