{"stats":{"minecraft:killed_by":{"minecraft:husk":7,"minecraft:vindicator":10,"minecraft:skeleton":26,"minecraft:zombie":6},"minecraft:picked_up":{"minecraft:rose_bush":1,"minecraft:written_book":1,"minecraft:ender_eye":3,"minecraft:blue_carpet":6,"minecraft:rotten_flesh":7,"minecraft:barrier":1,"minecraft:wheat_seeds":1,"minecraft:bell":1,"minecraft:gravel":5,"minecraft:spruce_sapling":11,"minecraft:spruce_log":1,"minecraft:writable_book":1,"minecraft:blue_banner":4,"minecraft:light_gray_carpet":12},"minecraft:used":{"minecraft:oak_trapdoor":10,"minecraft:light_blue_banner":6,"minecraft:nether_brick_fence":17,"minecraft:light_blue_stained_glass_pane":20,"minecraft:rose_bush":3,"minecraft:writable_book":3,"minecraft:iron_bars":48,"minecraft:polished_granite_stairs":1,"minecraft:polished_deepslate":2,"minecraft:chiseled_deepslate":26,"minecraft:light_gray_stained_glass_pane":14,"minecraft:smooth_quartz_slab":54,"minecraft:chiseled_tuff":1,"minecraft:spruce_slab":44,"minecraft:dispenser":1,"minecraft:ladder":2,"minecraft:oak_sign":9,"minecraft:light_gray_carpet":13,"minecraft:spruce_planks":54,"minecraft:green_banner":2,"minecraft:chest":1,"minecraft:polished_tuff_wall":16,"minecraft:tinted_glass":17,"minecraft:stone":219,"minecraft:brown_concrete":10,"minecraft:stripped_jungle_wood":14,"minecraft:quartz_stairs":13,"minecraft:bell":2,"minecraft:spruce_leaves":7,"minecraft:orange_stained_glass":16,"minecraft:brewing_stand":3,"minecraft:dirt":24,"minecraft:white_carpet":17,"minecraft:hopper":17,"minecraft:blue_stained_glass":26,"minecraft:crafter":10,"minecraft:spruce_stairs":31,"minecraft:stone_stairs":27,"minecraft:beehive":18,"minecraft:spruce_fence":7,"minecraft:cyan_wool":1,"minecraft:light_blue_stained_glass":96,"minecraft:polished_diorite":11,"minecraft:waxed_copper_trapdoor":1,"minecraft:packed_ice":74,"minecraft:sea_lantern":10,"minecraft:cyan_terracotta":1301,"minecraft:bookshelf":4,"minecraft:quartz_pillar":43,"minecraft:red_wool":4,"minecraft:black_stained_glass_pane":29,"minecraft:iron_block":2,"minecraft:grass_block":9,"minecraft:packed_mud":5,"minecraft:spawner":24,"minecraft:polished_deepslate_wall":8,"minecraft:quartz_block":23,"minecraft:dark_oak_slab":6,"minecraft:waxed_exposed_copper_bulb":2,"minecraft:diorite_wall":20,"minecraft:stone_brick_stairs":19,"minecraft:stone_bricks":150,"minecraft:blue_banner":31,"minecraft:light_gray_wool":23,"minecraft:repeater":1,"minecraft:brown_carpet":36,"minecraft:vault":1,"minecraft:snow":4,"minecraft:magma_block":1,"minecraft:warped_stairs":9,"minecraft:written_book":8,"minecraft:iron_trapdoor":33,"minecraft:white_stained_glass_pane":33,"minecraft:deepslate_tile_stairs":18,"minecraft:podzol":16,"minecraft:polished_diorite_stairs":13,"minecraft:skeleton_skull":17,"minecraft:cyan_banner":22,"minecraft:gray_banner":12,"minecraft:pearlescent_froglight":72,"minecraft:cobbled_deepslate":46,"minecraft:mossy_stone_brick_wall":7,"minecraft:light_blue_carpet":22,"minecraft:quartz_bricks":26,"minecraft:short_grass":16,"minecraft:dark_oak_stairs":4,"minecraft:bamboo_trapdoor":6,"minecraft:water_bucket":20,"minecraft:diorite":46,"minecraft:end_rod":8,"minecraft:nether_brick_wall":1,"minecraft:light_blue_glazed_terracotta":18,"minecraft:spruce_door":2,"minecraft:dark_oak_sign":6,"minecraft:polished_andesite":25,"minecraft:jungle_fence":10,"minecraft:mud_brick_slab":3,"minecraft:blue_wool":52,"minecraft:polished_diorite_slab":3,"minecraft:mossy_stone_brick_stairs":1,"minecraft:cauldron":7,"minecraft:stonecutter":6,"minecraft:beacon":7,"minecraft:red_glazed_terracotta":6,"minecraft:spruce_fence_gate":7,"minecraft:smooth_quartz_stairs":4,"minecraft:diamond_block":6,"minecraft:polished_tuff_stairs":42,"minecraft:light_gray_banner":2,"minecraft:mangrove_trapdoor":2,"minecraft:cut_sandstone_slab":11,"minecraft:light_blue_concrete":246,"minecraft:loom":5,"minecraft:brown_banner":2,"minecraft:blast_furnace":7,"minecraft:light_gray_terracotta":57,"minecraft:black_banner":8,"minecraft:note_block":20,"minecraft:stone_brick_wall":9,"minecraft:gray_concrete":11,"minecraft:smoker":3,"minecraft:spruce_log":41,"minecraft:cyan_stained_glass":2,"minecraft:lightning_rod":2,"minecraft:polished_tuff":32,"minecraft:deepslate_tiles":33,"minecraft:polished_tuff_slab":101,"minecraft:blue_stained_glass_pane":28,"minecraft:piston":4,"minecraft:blue_glazed_terracotta":29,"minecraft:lever":10,"minecraft:flower_pot":1,"minecraft:light":68,"minecraft:black_concrete":59,"minecraft:black_wool":1,"minecraft:daylight_detector":10,"minecraft:mangrove_door":1,"minecraft:gray_stained_glass_pane":10,"minecraft:light_gray_concrete":137,"minecraft:oxidized_copper_trapdoor":5,"minecraft:stone_button":16,"minecraft:cyan_bed":4,"minecraft:barrier":259,"minecraft:brown_wool":8,"minecraft:warped_slab":4,"minecraft:verdant_froglight":31,"minecraft:spruce_pressure_plate":1,"minecraft:lectern":1,"minecraft:cyan_concrete":8,"minecraft:stone_slab":49,"minecraft:red_terracotta":2,"minecraft:spruce_trapdoor":10,"minecraft:iron_door":2,"minecraft:deepslate":15,"minecraft:spruce_sapling":7,"minecraft:gravel":50,"minecraft:soul_lantern":2,"minecraft:chiseled_tuff_bricks":7,"minecraft:blue_carpet":36,"minecraft:light_blue_concrete_powder":17,"minecraft:cobblestone":7,"minecraft:cyan_stained_glass_pane":10,"minecraft:stripped_oak_wood":96,"minecraft:mud_brick_wall":2,"minecraft:white_banner":11,"minecraft:grindstone":5,"minecraft:dark_oak_fence":1,"minecraft:andesite":42,"minecraft:white_stained_glass":1,"minecraft:andesite_stairs":15,"minecraft:lapis_block":9,"minecraft:glass_pane":20,"minecraft:waxed_oxidized_copper_bulb":5,"minecraft:white_concrete":22,"minecraft:coarse_dirt":6,"minecraft:gray_wool":20,"minecraft:sculk_catalyst":4,"minecraft:smooth_stone":5,"minecraft:cobweb":30,"minecraft:gray_stained_glass":1},"minecraft:custom":{"minecraft:inspect_hopper":2,"minecraft:leave_game":13,"minecraft:time_since_death":26657,"minecraft:climb_one_cm":382,"minecraft:damage_resisted":2785,"minecraft:sprint_one_cm":517011,"minecraft:walk_one_cm":1868313,"minecraft:drop":91,"minecraft:play_time":2267918,"minecraft:deaths":57,"minecraft:sneak_time":8615,"minecraft:walk_under_water_one_cm":366,"minecraft:jump":5355,"minecraft:interact_with_brewingstand":1,"minecraft:interact_with_blast_furnace":2,"minecraft:walk_on_water_one_cm":36423,"minecraft:total_world_time":2440913,"minecraft:tune_noteblock":7,"minecraft:interact_with_loom":3,"minecraft:interact_with_stonecutter":2,"minecraft:sleep_in_bed":2,"minecraft:time_since_rest":23533,"minecraft:damage_taken":31665,"minecraft:damage_dealt":119,"minecraft:interact_with_beacon":2,"minecraft:fly_one_cm":7375766,"minecraft:open_chest":1,"minecraft:crouch_one_cm":2949,"minecraft:fall_one_cm":60688},"minecraft:dropped":{"minecraft:barrier":1,"minecraft:nether_brick_wall":1,"minecraft:writable_book":2,"minecraft:rotten_flesh":2,"minecraft:ender_eye":85,"minecraft:spruce_log":1}},"DataVersion":3953}