{"stats":{"minecraft:custom":{"minecraft:jump":64,"minecraft:time_since_rest":18387,"minecraft:crouch_one_cm":2007,"minecraft:sprint_one_cm":4427,"minecraft:leave_game":2,"minecraft:play_time":18387,"minecraft:time_since_death":18387,"minecraft:walk_one_cm":2806,"minecraft:sneak_time":699,"minecraft:total_world_time":107194,"minecraft:fly_one_cm":27265},"minecraft:used":{"minecraft:redstone":10,"minecraft:oak_button":3,"minecraft:white_wool":1,"minecraft:stone":136,"minecraft:tnt":8,"minecraft:command_block":3}},"DataVersion":3465}