{"stats":{"minecraft:picked_up":{"minecraft:wooden_axe":1,"minecraft:conduit":1,"minecraft:gilded_blackstone":1,"minecraft:elytra":1,"minecraft:ghast_spawn_egg":1,"minecraft:minecart":1,"minecraft:stick":4,"minecraft:snow_block":1,"minecraft:target":1,"minecraft:warden_spawn_egg":1,"minecraft:phantom_spawn_egg":1,"minecraft:red_sandstone_slab":1,"minecraft:deepslate_bricks":1,"minecraft:blackstone_stairs":1,"minecraft:snowball":22,"minecraft:rail":1,"minecraft:chiseled_bookshelf":1,"minecraft:lantern":70,"minecraft:witch_spawn_egg":1,"minecraft:apple":107,"minecraft:red_sandstone":1,"minecraft:wheat_seeds":2,"minecraft:creeper_spawn_egg":2,"minecraft:moss_block":1,"minecraft:powered_rail":3,"minecraft:pillager_spawn_egg":1,"minecraft:warped_fungus":1,"minecraft:chiseled_polished_blackstone":1,"minecraft:sweet_berries":3,"minecraft:daylight_detector":1,"minecraft:chiseled_stone_bricks":1,"minecraft:dandelion":64,"minecraft:wither_skeleton_spawn_egg":1,"minecraft:firework_rocket":1,"minecraft:slime_block":1,"minecraft:honey_block":1,"minecraft:lever":5,"minecraft:blue_ice":1,"minecraft:bone_meal":1,"minecraft:oak_sapling":10},"minecraft:used":{"minecraft:azalea":2,"minecraft:oak_fence":5,"minecraft:moss_block":143,"minecraft:purpur_block":122,"minecraft:cherry_sapling":1,"minecraft:moss_carpet":85,"minecraft:jack_o_lantern":6,"minecraft:red_sand":8,"minecraft:rose_bush":5,"minecraft:enchanting_table":1,"minecraft:white_tulip":42,"minecraft:dead_bush":11,"minecraft:flint_and_steel":10,"minecraft:melon":14,"minecraft:red_concrete":14,"minecraft:red_sandstone_slab":106,"minecraft:stone_shovel":150,"minecraft:redstone":7,"minecraft:poppy":15,"minecraft:ladder":42,"minecraft:oak_sign":4,"minecraft:mycelium":238,"minecraft:decorated_pot":1,"minecraft:tinted_glass":12,"minecraft:stone":36,"minecraft:iron_sword":10,"minecraft:nether_wart":3,"minecraft:creeper_head":1,"minecraft:bubble_coral":1,"minecraft:bell":1,"minecraft:rotten_flesh":1,"minecraft:netherrack":171,"minecraft:tube_coral":5,"minecraft:sculk_sensor":3,"minecraft:dirt":268,"minecraft:soul_sand":7,"minecraft:target":16,"minecraft:cocoa_beans":2,"minecraft:prismarine_bricks":8,"minecraft:prismarine_brick_stairs":10,"minecraft:deepslate_brick_slab":18,"minecraft:acacia_sapling":19,"minecraft:glow_lichen":12,"minecraft:pink_carpet":1,"minecraft:snowball":78,"minecraft:oak_fence_gate":1,"minecraft:obsidian":13,"minecraft:fern":12,"minecraft:small_dripleaf":2,"minecraft:jungle_sapling":5,"minecraft:stone_brick_slab":5,"minecraft:honey_block":13,"minecraft:flowering_azalea":3,"minecraft:coal_ore":34,"minecraft:red_tulip":50,"minecraft:red_wool":9,"minecraft:lantern":190,"minecraft:grass_block":524,"minecraft:blue_orchid":10,"minecraft:rooted_dirt":37,"minecraft:slime_block":68,"minecraft:quartz_block":13,"minecraft:warped_nylium":156,"minecraft:mossy_cobblestone_slab":122,"minecraft:stone_brick_stairs":65,"minecraft:stone_bricks":2112,"minecraft:bamboo":23,"minecraft:brown_carpet":26,"minecraft:emerald_block":6,"minecraft:mangrove_roots":64,"minecraft:basalt":16,"minecraft:repeater":2,"minecraft:reinforced_deepslate":66,"minecraft:black_stained_glass":9,"minecraft:magma_block":28,"minecraft:redstone_lamp":3,"minecraft:lime_concrete":6,"minecraft:soul_soil":279,"minecraft:warped_fungus":12,"minecraft:hay_block":12,"minecraft:scaffolding":9,"minecraft:sweet_berries":7,"minecraft:pitcher_plant":7,"minecraft:oak_sapling":34,"minecraft:podzol":54,"minecraft:minecart":6,"minecraft:gold_block":23,"minecraft:skeleton_skull":4,"minecraft:pearlescent_froglight":4,"minecraft:enchanted_golden_apple":1,"minecraft:dragon_head":6,"minecraft:cherry_fence":1,"minecraft:seagrass":17,"minecraft:turtle_egg":32,"minecraft:dark_oak_sapling":3,"minecraft:water_bucket":26,"minecraft:chiseled_bookshelf":2,"minecraft:torchflower":3,"minecraft:tube_coral_fan":1,"minecraft:pink_tulip":41,"minecraft:end_stone_bricks":62,"minecraft:iron_ore":21,"minecraft:cobblestone_stairs":14,"minecraft:snow_block":36,"minecraft:powered_rail":40,"minecraft:prismarine":40,"minecraft:oak_planks":3,"minecraft:copper_block":19,"minecraft:cactus":4,"minecraft:blue_wool":2,"minecraft:orange_tulip":36,"minecraft:blackstone":710,"minecraft:ender_pearl":20,"minecraft:sandstone":215,"minecraft:brown_mushroom":24,"minecraft:redstone_block":4,"minecraft:sniffer_egg":4,"minecraft:cauldron":1,"minecraft:beacon":4,"minecraft:calibrated_sculk_sensor":1,"minecraft:gilded_blackstone":50,"minecraft:warped_roots":28,"minecraft:deepslate_bricks":72,"minecraft:conduit":1,"minecraft:waxed_copper_block":21,"minecraft:cracked_stone_bricks":36,"minecraft:oak_leaves":85,"minecraft:white_wool":544,"minecraft:brain_coral":1,"minecraft:jungle_wood":76,"minecraft:mossy_cobblestone":76,"minecraft:sand":23,"minecraft:rail":75,"minecraft:red_mushroom":6,"minecraft:bamboo_block":45,"minecraft:sculk_shrieker":2,"minecraft:yellow_concrete":4,"minecraft:blue_ice":53,"minecraft:ochre_froglight":1,"minecraft:fire_coral":1,"minecraft:note_block":1,"minecraft:piglin_head":2,"minecraft:end_stone":55,"minecraft:lightning_rod":1,"minecraft:oak_log":13,"minecraft:apple":8,"minecraft:firework_rocket":17,"minecraft:flower_pot":40,"minecraft:wooden_hoe":1,"minecraft:netherite_block":14,"minecraft:dark_prismarine":4,"minecraft:lever":20,"minecraft:ender_eye":1,"minecraft:red_sandstone":239,"minecraft:cornflower":9,"minecraft:oxeye_daisy":15,"minecraft:daylight_detector":4,"minecraft:crying_obsidian":14,"minecraft:nether_sprouts":51,"minecraft:mangrove_propagule":4,"minecraft:barrier":16,"minecraft:string":45,"minecraft:verdant_froglight":4,"minecraft:detector_rail":14,"minecraft:lectern":4,"minecraft:red_terracotta":3,"minecraft:cherry_sign":3,"minecraft:pufferfish":2,"minecraft:pink_petals":40,"minecraft:chiseled_stone_bricks":234,"minecraft:fire_charge":2,"minecraft:crimson_fungus":1,"minecraft:cobblestone":21,"minecraft:cherry_stairs":1,"minecraft:poisonous_potato":2,"minecraft:white_stained_glass":699,"minecraft:sandstone_slab":33,"minecraft:chain":11,"minecraft:mossy_cobblestone_wall":53,"minecraft:wither_rose":24,"minecraft:end_portal_frame":1,"minecraft:sea_pickle":3,"minecraft:dandelion":22,"minecraft:coarse_dirt":33,"minecraft:kelp":21,"minecraft:oak_hanging_sign":2,"minecraft:bone_meal":903,"minecraft:cobweb":6},"minecraft:killed_by":{"minecraft:player":1},"minecraft:killed":{"minecraft:tadpole":1},"minecraft:custom":{"minecraft:mob_kills":1,"minecraft:leave_game":11,"minecraft:time_since_death":37756,"minecraft:damage_resisted":172,"minecraft:climb_one_cm":801,"minecraft:sprint_one_cm":800242,"minecraft:walk_one_cm":1194702,"minecraft:drop":31,"minecraft:play_time":672969,"minecraft:deaths":2,"minecraft:sneak_time":9518,"minecraft:walk_under_water_one_cm":74886,"minecraft:jump":2636,"minecraft:walk_on_water_one_cm":3028,"minecraft:total_world_time":672969,"minecraft:damage_absorbed":160,"minecraft:time_since_rest":37784,"minecraft:damage_taken":3469,"minecraft:minecart_one_cm":32422,"minecraft:damage_dealt":579,"minecraft:swim_one_cm":2276,"minecraft:fly_one_cm":6879905,"minecraft:player_kills":1,"minecraft:crouch_one_cm":1584,"minecraft:aviate_one_cm":83860,"minecraft:fall_one_cm":64434},"minecraft:dropped":{"minecraft:iron_sword":2,"minecraft:oak_log":2,"minecraft:creeper_spawn_egg":2,"minecraft:poisonous_potato":4,"minecraft:witch_spawn_egg":1,"minecraft:warden_spawn_egg":1,"minecraft:apple":1,"minecraft:ghast_spawn_egg":1,"minecraft:wither_skeleton_spawn_egg":1,"minecraft:snowball":2,"minecraft:pillager_spawn_egg":1,"minecraft:iron_nugget":1,"minecraft:phantom_spawn_egg":1,"minecraft:red_sandstone_slab":1,"minecraft:deepslate_bricks":1,"minecraft:ghast_tear":9}},"DataVersion":3465}