{"stats":{"minecraft:picked_up":{"minecraft:wooden_axe":1,"minecraft:flint":6,"minecraft:elytra":1,"minecraft:ghast_spawn_egg":1,"minecraft:witch_spawn_egg":1,"minecraft:apple":240,"minecraft:creeper_spawn_egg":1,"minecraft:bell":1,"minecraft:iron_nugget":2,"minecraft:iron_sword":1,"minecraft:ghast_tear":2,"minecraft:sculk_catalyst":1,"minecraft:pillager_spawn_egg":1,"minecraft:poisonous_potato":4,"minecraft:porkchop":33,"minecraft:grass_block":4,"minecraft:warden_spawn_egg":1,"minecraft:barrel":1,"minecraft:wither_skeleton_spawn_egg":1,"minecraft:phantom_spawn_egg":1,"minecraft:firework_rocket":64,"minecraft:lever":1,"minecraft:honey_block":1,"minecraft:snowball":18},"minecraft:used":{"minecraft:oak_fence":41,"minecraft:purpur_block":12,"minecraft:trident":5,"minecraft:water_bucket":1,"minecraft:warped_stem":2,"minecraft:netherite_sword":17,"minecraft:jigsaw":7,"minecraft:cobblestone_stairs":54,"minecraft:lodestone":4,"minecraft:chiseled_deepslate":10,"minecraft:powered_rail":4,"minecraft:lime_wool":8,"minecraft:oak_planks":94,"minecraft:oak_sign":25,"minecraft:blue_wool":10,"minecraft:ender_pearl":69,"minecraft:decorated_pot":8,"minecraft:mossy_stone_brick_stairs":14,"minecraft:sandstone":19,"minecraft:stone":42,"minecraft:iron_sword":6,"minecraft:sniffer_egg":10,"minecraft:cauldron":2,"minecraft:bell":2,"minecraft:glow_ink_sac":17,"minecraft:cobblestone_slab":10,"minecraft:structure_block":4,"minecraft:deepslate_bricks":61,"minecraft:netherrack":78,"minecraft:conduit":2,"minecraft:cracked_stone_bricks":3,"minecraft:oak_leaves":2,"minecraft:oak_door":1,"minecraft:debug_stick":100,"minecraft:white_wool":12,"minecraft:jungle_wood":2,"minecraft:blue_dye":4,"minecraft:dirt":23,"minecraft:anvil":1,"minecraft:rail":3,"minecraft:light_blue_dye":4,"minecraft:oak_slab":63,"minecraft:hopper":1,"minecraft:light_blue_wool":11,"minecraft:deepslate_tile_slab":8,"minecraft:yellow_concrete":10,"minecraft:sculk_shrieker":4,"minecraft:deepslate_brick_slab":10,"minecraft:painting":19,"minecraft:stone_brick_wall":28,"minecraft:beehive":15,"minecraft:snowball":674,"minecraft:oak_fence_gate":1,"minecraft:deepslate_brick_stairs":18,"minecraft:obsidian":2,"minecraft:warden_spawn_egg":15,"minecraft:birch_fence":51,"minecraft:oak_log":101,"minecraft:purple_stained_glass_pane":6,"minecraft:glass":23,"minecraft:honey_block":10,"minecraft:stone_brick_slab":75,"minecraft:netherite_block":39,"minecraft:lever":3,"minecraft:light":16,"minecraft:apple":11,"minecraft:firework_rocket":366,"minecraft:bookshelf":6,"minecraft:command_block":3,"minecraft:red_wool":17,"minecraft:rooted_dirt":2,"minecraft:lantern":7,"minecraft:grass_block":177,"minecraft:oak_stairs":37,"minecraft:oak_button":15,"minecraft:pig_spawn_egg":19,"minecraft:barrier":1,"minecraft:quartz_block":2,"minecraft:warped_nylium":21,"minecraft:lectern":1,"minecraft:red_terracotta":7,"minecraft:lime_dye":1,"minecraft:stone_brick_stairs":40,"minecraft:barrel":8,"minecraft:stone_bricks":1430,"minecraft:chiseled_stone_bricks":111,"minecraft:reinforced_deepslate":6,"minecraft:lime_concrete":21,"minecraft:soul_soil":36,"minecraft:podzol":4,"minecraft:sandstone_slab":5,"minecraft:white_stained_glass":114,"minecraft:minecart":6,"minecraft:repeating_command_block":7,"minecraft:gold_block":6,"minecraft:smooth_stone_slab":12,"minecraft:brush":10,"minecraft:stripped_oak_log":26,"minecraft:coarse_dirt":1,"minecraft:red_dye":4,"minecraft:oak_hanging_sign":4,"minecraft:turtle_egg":4,"minecraft:bone_meal":236},"minecraft:killed_by":{"minecraft:warden":2,"minecraft:player":1},"minecraft:killed":{"minecraft:pig":9},"minecraft:custom":{"minecraft:interact_with_anvil":1,"minecraft:mob_kills":9,"minecraft:inspect_hopper":1,"minecraft:tune_noteblock":11,"minecraft:open_barrel":1,"minecraft:leave_game":13,"minecraft:time_since_death":8768,"minecraft:climb_one_cm":11588,"minecraft:time_since_rest":8797,"minecraft:sprint_one_cm":1005069,"minecraft:damage_taken":2144,"minecraft:walk_one_cm":470189,"minecraft:drop":46,"minecraft:minecart_one_cm":111482,"minecraft:damage_dealt":2406,"minecraft:swim_one_cm":4063,"minecraft:fly_one_cm":6589111,"minecraft:player_kills":1,"minecraft:crouch_one_cm":41894,"minecraft:play_time":1309998,"minecraft:deaths":5,"minecraft:sneak_time":26248,"minecraft:walk_under_water_one_cm":16847,"minecraft:aviate_one_cm":5517226,"minecraft:jump":6980,"minecraft:walk_on_water_one_cm":6124,"minecraft:total_world_time":1309998,"minecraft:fall_one_cm":72318},"minecraft:dropped":{"minecraft:pillager_spawn_egg":1,"minecraft:porkchop":1,"minecraft:iron_nugget":1,"minecraft:oak_log":1,"minecraft:pig_spawn_egg":1,"minecraft:creeper_spawn_egg":1,"minecraft:witch_spawn_egg":1,"minecraft:warden_spawn_egg":2,"minecraft:phantom_spawn_egg":1,"minecraft:apple":5,"minecraft:elytra":1,"minecraft:grass_block":4,"minecraft:ghast_spawn_egg":1,"minecraft:wither_skeleton_spawn_egg":1,"minecraft:snowball":20,"minecraft:stone_bricks":6,"minecraft:barrel":1,"minecraft:ghast_tear":15,"minecraft:firework_rocket":64}},"DataVersion":3465}