{"stats":{"minecraft:used":{"minecraft:anvil":1,"minecraft:light_blue_concrete":3,"minecraft:grass_block":1,"minecraft:armor_stand":5},"minecraft:dropped":{"minecraft:name_tag":3},"minecraft:custom":{"minecraft:jump":174,"minecraft:time_since_rest":191751,"minecraft:leave_game":5,"minecraft:sprint_one_cm":27857,"minecraft:play_time":191751,"minecraft:time_since_death":191751,"minecraft:walk_on_water_one_cm":242,"minecraft:walk_one_cm":12606,"minecraft:sneak_time":1276,"minecraft:total_world_time":191751,"minecraft:walk_under_water_one_cm":3155,"minecraft:interact_with_anvil":3,"minecraft:drop":3,"minecraft:fly_one_cm":1528788},"minecraft:picked_up":{"minecraft:name_tag":3}},"DataVersion":2975}