{"stats":{"minecraft:custom":{"minecraft:time_since_rest":15570,"minecraft:sprint_one_cm":52242,"minecraft:walk_one_cm":103121,"minecraft:damage_taken":290,"minecraft:mob_kills":5,"minecraft:drop":17,"minecraft:damage_dealt":1024,"minecraft:swim_one_cm":7157,"minecraft:fly_one_cm":462440,"minecraft:open_barrel":1,"minecraft:open_chest":11,"minecraft:crouch_one_cm":4576,"minecraft:play_time":80288,"minecraft:sneak_time":2939,"minecraft:walk_under_water_one_cm":17700,"minecraft:interact_with_lectern":3,"minecraft:aviate_one_cm":578,"minecraft:jump":610,"minecraft:leave_game":3,"minecraft:time_since_death":80288,"minecraft:walk_on_water_one_cm":1805,"minecraft:sleep_in_bed":16,"minecraft:climb_one_cm":585,"minecraft:total_world_time":80288,"minecraft:fall_one_cm":2010},"minecraft:used":{"minecraft:petrified_oak_slab":1,"minecraft:netherite_sword":13,"minecraft:leather_leggings":1,"minecraft:writable_book":1,"minecraft:command_block":18,"minecraft:spruce_slab":4,"minecraft:polished_andesite":5,"minecraft:netherite_chestplate":2,"minecraft:oak_planks":1,"minecraft:elytra":1,"minecraft:leather_chestplate":1,"minecraft:redstone_block":65,"minecraft:cat_spawn_egg":29,"minecraft:leather_boots":1,"minecraft:player_head":23,"minecraft:netherite_boots":2,"minecraft:bow":23,"minecraft:netherite_leggings":2,"minecraft:light_blue_concrete":1,"minecraft:written_book":4,"minecraft:netherite_helmet":2,"minecraft:repeating_command_block":1,"minecraft:splash_potion":59},"minecraft:killed":{"minecraft:zombie":4},"minecraft:picked_up":{"minecraft:cat_spawn_egg":1,"minecraft:lever":1,"minecraft:carved_pumpkin":4,"minecraft:jack_o_lantern":12},"minecraft:dropped":{"minecraft:redstone_lamp":1,"minecraft:carved_pumpkin":3,"minecraft:jack_o_lantern":11,"minecraft:cat_spawn_egg":1,"minecraft:redstone_block":1}},"DataVersion":2975}