{"stats":{"minecraft:dropped":{"minecraft:deepslate_tiles":1},"minecraft:picked_up":{"minecraft:deepslate_tiles":1},"minecraft:used":{"minecraft:deepslate_tile_wall":93,"minecraft:calcite":21,"minecraft:red_sandstone_stairs":23,"minecraft:oak_trapdoor":27,"minecraft:quartz_bricks":59,"minecraft:dark_oak_stairs":61,"minecraft:dark_oak_planks":197,"minecraft:nether_brick_fence":23,"minecraft:light_blue_stained_glass_pane":11,"minecraft:acacia_stairs":38,"minecraft:stripped_dark_oak_wood":73,"minecraft:crimson_fence":2,"minecraft:quartz_pillar":12,"minecraft:red_wool":88,"minecraft:smooth_quartz_slab":77,"minecraft:lantern":14,"minecraft:dark_oak_slab":12,"minecraft:spruce_trapdoor":76,"minecraft:redstone_block":1,"minecraft:smooth_quartz":37,"minecraft:diorite_wall":85,"minecraft:pink_stained_glass_pane":11,"minecraft:smooth_quartz_stairs":111,"minecraft:magenta_stained_glass_pane":28,"minecraft:torch":12,"minecraft:birch_trapdoor":28,"minecraft:red_stained_glass_pane":12,"minecraft:stripped_dark_oak_log":55,"minecraft:iron_trapdoor":36,"minecraft:lime_stained_glass_pane":18,"minecraft:deepslate_tile_stairs":42,"minecraft:dark_oak_fence":33,"minecraft:red_banner":9,"minecraft:yellow_stained_glass_pane":9,"minecraft:spruce_fence":50,"minecraft:orange_stained_glass_pane":16,"minecraft:stripped_spruce_log":12,"minecraft:stripped_spruce_wood":1,"minecraft:birch_fence":2,"minecraft:deepslate_tiles":342},"minecraft:custom":{"minecraft:time_since_rest":102710,"minecraft:sprint_one_cm":26744,"minecraft:walk_one_cm":81616,"minecraft:drop":1,"minecraft:fly_one_cm":1017415,"minecraft:crouch_one_cm":8535,"minecraft:play_time":102710,"minecraft:sneak_time":7315,"minecraft:jump":303,"minecraft:leave_game":2,"minecraft:time_since_death":102710,"minecraft:walk_on_water_one_cm":188,"minecraft:total_world_time":102710,"minecraft:fall_one_cm":2624}},"DataVersion":2975}