{
  "parent": "minecraft:item/handheld",
  "textures": {
    "layer0": "minecraft:item/carrot_on_a_stick"
  },
  "overrides": [
    {"predicate": {}, "model": "item/carrot_on_a_stick"},
    {"predicate": {"custom_model_data":1}, "model": "main/command_block"},
    {"predicate": {"custom_model_data":2}, "model": "main/scepter"},
    {"predicate": {"custom_model_data":3}, "model": "main/netherite_block"},
    {"predicate": {"custom_model_data":4}, "model": "main/gold_block"},
    {"predicate": {"custom_model_data":5}, "model": "main/minecraft_icon"},
    {"predicate": {"custom_model_data":6}, "model": "main/tnt"}
  ]
}