{
	"format_version": "1.12.0",
	"minecraft:geometry": [
		{
			"description": {
				"identifier": "geometry.unknown",
				"texture_width": 32,
				"texture_height": 32,
				"visible_bounds_width": 2,
				"visible_bounds_height": 1.5,
				"visible_bounds_offset": [0, 0.25, 0]
			},
			"bones": [
				{
					"name": "_anthor",
					"pivot": [0.1, 0, 0],
					"cubes": [
						{
							"origin": [3.77343, 0.80305, -3.93646],
							"size": [0.707, 0.5, 6],
							"pivot": [4.12693, 1.05305, -0.93646],
							"rotation": [-1.29937, -10.49193, 51.7999],
							"uv": {
								"north": {"uv": [13, 24], "uv_size": [0.5, 0.5]},
								"east": {"uv": [20, 18], "uv_size": [6, 0.5]},
								"south": {"uv": [24, 13], "uv_size": [0.5, 0.5]},
								"west": {"uv": [20, 19], "uv_size": [6, 0.5]},
								"up": {"uv": [2, 21], "uv_size": [0.5, 6]},
								"down": {"uv": [3, 27], "uv_size": [0.5, -6]}
							}
						},
						{
							"origin": [2.01773, 0.36107, -4.09107],
							"size": [2.1, 1.1, 6],
							"pivot": [3.11773, 1.21107, -1.09107],
							"rotation": [7.58453, -7.38542, -1.30962],
							"uv": {
								"north": {"uv": [14, 21], "uv_size": [2, 1]},
								"east": {"uv": [15, 14], "uv_size": [6, 1]},
								"south": {"uv": [21, 14], "uv_size": [2, 1]},
								"west": {"uv": [15, 15], "uv_size": [6, 1]},
								"up": {"uv": [4, 12], "uv_size": [2, 6]},
								"down": {"uv": [13, 16], "uv_size": [2, -6]}
							}
						},
						{
							"origin": [1.99621, -0.42408, -3.99066],
							"size": [2.5, 1.5, 6],
							"pivot": [3.24621, 0.57592, -0.99066],
							"rotation": [6.55717, -8.30998, 6.20372],
							"uv": {
								"north": {"uv": [6, 18], "uv_size": [2.5, 1.5]},
								"east": {"uv": [14, 8], "uv_size": [6, 1.5]},
								"south": {"uv": [9, 18], "uv_size": [2.5, 1.5]},
								"west": {"uv": [15, 0], "uv_size": [6, 1.5]},
								"up": {"uv": [10, 10], "uv_size": [2.5, 6]},
								"down": {"uv": [11, 10], "uv_size": [2.5, -6]}
							}
						},
						{
							"origin": [-4.3557, 0.86114, -3.93471],
							"size": [0.707, 0.5, 6],
							"pivot": [-4.0022, 1.11114, -0.93471],
							"rotation": [-0.88783, 10.55456, -49.58973],
							"uv": {
								"north": {"uv": [12, 24], "uv_size": [0.5, 0.5]},
								"east": {"uv": [20, 9], "uv_size": [6, 0.5]},
								"south": {"uv": [24, 12], "uv_size": [0.5, 0.5]},
								"west": {"uv": [15, 20], "uv_size": [6, 0.5]},
								"up": {"uv": [0, 21], "uv_size": [0.5, 6]},
								"down": {"uv": [1, 27], "uv_size": [0.5, -6]}
							}
						},
						{
							"origin": [-3.97535, 0.42343, -4.09243],
							"size": [2.1, 1.1, 6],
							"pivot": [-2.97535, 1.27343, -1.09243],
							"rotation": [7.56397, 7.43547, 0.98448],
							"uv": {
								"north": {"uv": [21, 12], "uv_size": [2, 1]},
								"east": {"uv": [15, 12], "uv_size": [6, 1]},
								"south": {"uv": [21, 13], "uv_size": [2, 1]},
								"west": {"uv": [15, 13], "uv_size": [6, 1]},
								"up": {"uv": [0, 12], "uv_size": [2, 6]},
								"down": {"uv": [2, 18], "uv_size": [2, -6]}
							}
						},
						{
							"origin": [-4.03908, -0.14645, -3.86237],
							"size": [2.5, 1.5, 6],
							"pivot": [-3.03908, -0.14645, 1.13763],
							"rotation": [6.88846, 8.06481, -4.02154],
							"uv": {
								"north": {"uv": [0, 18], "uv_size": [2.5, 1.5]},
								"east": {"uv": [14, 4], "uv_size": [6, 1.5]},
								"south": {"uv": [3, 18], "uv_size": [2.5, 1.5]},
								"west": {"uv": [14, 6], "uv_size": [6, 1.5]},
								"up": {"uv": [8, 4], "uv_size": [2.5, 6]},
								"down": {"uv": [7, 16], "uv_size": [2.5, -6]}
							}
						},
						{
							"origin": [-3.15, 1.33703, -2.08292],
							"size": [6.5, 0.35, 0.65],
							"pivot": [0.1, 1.60853, -1.43327],
							"rotation": [37.5, 0, 0],
							"uv": {
								"north": {"uv": [20, 6], "uv_size": [6.5, 0.5]},
								"east": {"uv": [14, 24], "uv_size": [0.5, 0.5]},
								"south": {"uv": [20, 7], "uv_size": [6.5, 0.5]},
								"west": {"uv": [24, 14], "uv_size": [0.5, 0.5]},
								"up": {"uv": [8, 20], "uv_size": [6.5, 0.5]},
								"down": {"uv": [20, 8.5], "uv_size": [6.5, -0.5]}
							}
						},
						{
							"origin": [-2.45, 1.02654, 1.98437],
							"size": [5, 1.1, 0.3],
							"pivot": [0.1, 1.57654, 2.13437],
							"rotation": [30, 0, 0],
							"uv": {
								"north": {"uv": [6, 16], "uv_size": [5, 1]},
								"east": {"uv": [22, 20], "uv_size": [0.5, 1]},
								"south": {"uv": [11, 16], "uv_size": [5, 1]},
								"west": {"uv": [4, 23], "uv_size": [0.5, 1]},
								"up": {"uv": [21, 0], "uv_size": [5, 0.5]},
								"down": {"uv": [21, 1.5], "uv_size": [5, -0.5]}
							}
						},
						{
							"origin": [-3.15, 0.75, -1.25],
							"size": [6.5, 1.1, 3.5],
							"pivot": [0.1, 0, 0],
							"rotation": [7.5, 0, 0],
							"uv": {
								"north": {"uv": [15, 10], "uv_size": [6.5, 1]},
								"east": {"uv": [20, 4], "uv_size": [3.5, 1]},
								"south": {"uv": [15, 11], "uv_size": [6.5, 1]},
								"west": {"uv": [20, 5], "uv_size": [3.5, 1]},
								"up": {"uv": [0, 8], "uv_size": [6.5, 3.5]},
								"down": {"uv": [8, 3.5], "uv_size": [6.5, -3.5]}
							}
						},
						{
							"origin": [-3.65, 1.25, 1.2],
							"size": [7.5, 0.4, 0.75],
							"uv": {
								"north": {"uv": [12, 18], "uv_size": [7.5, 0.5]},
								"east": {"uv": [15, 24], "uv_size": [0.5, 0.5]},
								"south": {"uv": [12, 19], "uv_size": [7.5, 0.5]},
								"west": {"uv": [24, 15], "uv_size": [0.5, 0.5]},
								"up": {"uv": [19, 17], "uv_size": [7.5, 0.5]},
								"down": {"uv": [0, 20.5], "uv_size": [7.5, -0.5]}
							}
						},
						{
							"origin": [-2.65, 0.25, 1.9],
							"size": [5.2, 1.1, 0.45],
							"uv": {
								"north": {"uv": [16, 16], "uv_size": [5, 1]},
								"east": {"uv": [9, 23], "uv_size": [0.5, 1]},
								"south": {"uv": [6, 17], "uv_size": [5, 1]},
								"west": {"uv": [10, 23], "uv_size": [0.5, 1]},
								"up": {"uv": [4, 21], "uv_size": [5, 0.5]},
								"down": {"uv": [9, 21.5], "uv_size": [5, -0.5]}
							}
						},
						{
							"origin": [-3.65, 0.25, -2],
							"size": [7.5, 1, 3.95],
							"uv": {
								"north": {"uv": [15, 2], "uv_size": [7.5, 1]},
								"east": {"uv": [11, 17], "uv_size": [4, 1]},
								"south": {"uv": [15, 3], "uv_size": [7.5, 1]},
								"west": {"uv": [15, 17], "uv_size": [4, 1]},
								"up": {"uv": [0, 0], "uv_size": [7.5, 4]},
								"down": {"uv": [0, 8], "uv_size": [7.5, -4]}
							}
						},
						{
							"origin": [-0.5, 0.4, 1.4],
							"size": [1, 0.5, 1],
							"uv": {
								"north": {"uv": [23, 13], "uv_size": [1, 0.5]},
								"east": {"uv": [14, 23], "uv_size": [1, 0.5]},
								"south": {"uv": [23, 14], "uv_size": [1, 0.5]},
								"west": {"uv": [15, 23], "uv_size": [1, 0.5]},
								"up": {"uv": [6, 14], "uv_size": [1, 1]},
								"down": {"uv": [6, 16], "uv_size": [1, -1]}
							}
						}
					]
				},
				{
					"name": "right_B",
					"parent": "_anthor",
					"pivot": [0.1, 0, 0]
				},
				{
					"name": "botton",
					"parent": "right_B",
					"pivot": [2.6, 1.4, 1.9],
					"cubes": [
						{
							"origin": [2.6, 1, 1.8],
							"size": [1.1, 0.8, 0.5],
							"pivot": [3.15, 1.5, 2.35],
							"rotation": [7.52832, 4.95712, 0.65426],
							"uv": {
								"north": {"uv": [7, 8], "uv_size": [1, 1]},
								"east": {"uv": [5, 23], "uv_size": [0.5, 1]},
								"south": {"uv": [7, 9], "uv_size": [1, 1]},
								"west": {"uv": [6, 23], "uv_size": [0.5, 1]},
								"up": {"uv": [7, 23], "uv_size": [1, 0.5]},
								"down": {"uv": [8, 23.5], "uv_size": [1, -0.5]}
							}
						}
					]
				},
				{
					"name": "trigger",
					"parent": "right_B",
					"pivot": [2.6, 1, 2],
					"cubes": [
						{
							"origin": [2.37821, 0.17605, 1.83361],
							"size": [1.3, 0.7, 0.7],
							"pivot": [3.12821, 0.47605, 2.23361],
							"rotation": [22.52832, 4.95712, 0.65426],
							"uv": {
								"north": {"uv": [21, 21], "uv_size": [1.5, 0.5]},
								"east": {"uv": [16, 24], "uv_size": [0.5, 0.5]},
								"south": {"uv": [4, 22], "uv_size": [1.5, 0.5]},
								"west": {"uv": [24, 16], "uv_size": [0.5, 0.5]},
								"up": {"uv": [6, 22], "uv_size": [1.5, 0.5]},
								"down": {"uv": [8, 22.5], "uv_size": [1.5, -0.5]}
							}
						}
					]
				},
				{
					"name": "left_B",
					"parent": "_anthor",
					"pivot": [0.1, 0, 0]
				},
				{
					"name": "botton2",
					"parent": "left_B",
					"pivot": [-2.4, 1.4, 1.9],
					"cubes": [
						{
							"origin": [-3.71, 1.04375, 1.7389],
							"size": [1.1, 0.8, 0.5],
							"pivot": [-3.94875, 1.44375, 2.6889],
							"rotation": [7.52832, -5, 0.65426],
							"uv": {
								"north": {"uv": [6, 12], "uv_size": [1, 1]},
								"east": {"uv": [11, 23], "uv_size": [0.5, 1]},
								"south": {"uv": [6, 13], "uv_size": [1, 1]},
								"west": {"uv": [12, 23], "uv_size": [0.5, 1]},
								"up": {"uv": [23, 12], "uv_size": [1, 0.5]},
								"down": {"uv": [13, 23.5], "uv_size": [1, -0.5]}
							}
						}
					]
				},
				{
					"name": "trigger2",
					"parent": "left_B",
					"pivot": [-2.4, 1, 2],
					"cubes": [
						{
							"origin": [-3.71, 0.43455, 1.7369],
							"size": [1.3, 0.7, 0.7],
							"pivot": [-3.9063, 0.58455, 2.7869],
							"rotation": [22.52832, -5, 0.65426],
							"uv": {
								"north": {"uv": [10, 22], "uv_size": [1.5, 0.5]},
								"east": {"uv": [17, 24], "uv_size": [0.5, 0.5]},
								"south": {"uv": [22, 10], "uv_size": [1.5, 0.5]},
								"west": {"uv": [18, 24], "uv_size": [0.5, 0.5]},
								"up": {"uv": [22, 11], "uv_size": [1.5, 0.5]},
								"down": {"uv": [12, 22.5], "uv_size": [1.5, -0.5]}
							}
						}
					]
				},
				{
					"name": "right_C",
					"parent": "_anthor",
					"pivot": [1.2, 1.37031, -0.69587],
					"cubes": [
						{
							"origin": [0.8, 1.6, -1.2],
							"size": [0.8, 0.5, 0.8],
							"pivot": [-2, 2.1, 0.7],
							"rotation": [7.5, 0, 0],
							"uv": {
								"north": {"uv": [4, 24], "uv_size": [1, 0.5]},
								"east": {"uv": [24, 4], "uv_size": [1, 0.5]},
								"south": {"uv": [5, 24], "uv_size": [1, 0.5]},
								"west": {"uv": [24, 5], "uv_size": [1, 0.5]},
								"up": {"uv": [18, 21], "uv_size": [1, 1]},
								"down": {"uv": [19, 22], "uv_size": [1, -1]}
							}
						},
						{
							"origin": [1, 1.6, -1],
							"size": [0.4, 1, 0.4],
							"pivot": [-2, 2.1, 0.7],
							"rotation": [7.5, 0, 0],
							"uv": {
								"north": {"uv": [6, 24], "uv_size": [0.5, 1]},
								"east": {"uv": [7, 24], "uv_size": [0.5, 1]},
								"south": {"uv": [8, 24], "uv_size": [0.5, 1]},
								"west": {"uv": [9, 24], "uv_size": [0.5, 1]},
								"up": {"uv": [24, 20], "uv_size": [0.5, 0.5]},
								"down": {"uv": [21, 24.5], "uv_size": [0.5, -0.5]}
							}
						},
						{
							"origin": [0.7, 2.4, -1.3],
							"size": [1, 0.3, 1],
							"pivot": [-2, 2.1, 0.7],
							"rotation": [7.5, 0, 0],
							"uv": {
								"north": {"uv": [10, 24], "uv_size": [1, 0.5]},
								"east": {"uv": [24, 10], "uv_size": [1, 0.5]},
								"south": {"uv": [11, 24], "uv_size": [1, 0.5]},
								"west": {"uv": [24, 11], "uv_size": [1, 0.5]},
								"up": {"uv": [20, 21], "uv_size": [1, 1]},
								"down": {"uv": [21, 21], "uv_size": [1, -1]}
							}
						}
					]
				},
				{
					"name": "left_C",
					"parent": "_anthor",
					"pivot": [-2, 1.44085, 0.60606],
					"cubes": [
						{
							"origin": [-2.4, 1.6, 0.1],
							"size": [0.8, 0.5, 0.8],
							"pivot": [-1.9, 2.1, 0.7],
							"rotation": [7.5, 0, 0],
							"uv": {
								"north": {"uv": [16, 23], "uv_size": [1, 0.5]},
								"east": {"uv": [17, 23], "uv_size": [1, 0.5]},
								"south": {"uv": [18, 23], "uv_size": [1, 0.5]},
								"west": {"uv": [19, 23], "uv_size": [1, 0.5]},
								"up": {"uv": [21, 15], "uv_size": [1, 1]},
								"down": {"uv": [16, 22], "uv_size": [1, -1]}
							}
						},
						{
							"origin": [-2.2, 1.6, 0.3],
							"size": [0.4, 1, 0.4],
							"pivot": [-1.9, 2.1, 0.7],
							"rotation": [7.5, 0, 0],
							"uv": {
								"north": {"uv": [20, 23], "uv_size": [0.5, 1]},
								"east": {"uv": [23, 20], "uv_size": [0.5, 1]},
								"south": {"uv": [21, 23], "uv_size": [0.5, 1]},
								"west": {"uv": [23, 21], "uv_size": [0.5, 1]},
								"up": {"uv": [19, 24], "uv_size": [0.5, 0.5]},
								"down": {"uv": [20, 24.5], "uv_size": [0.5, -0.5]}
							}
						},
						{
							"origin": [-2.5, 2.4, 0],
							"size": [1, 0.3, 1],
							"pivot": [-1.9, 2.1, 0.7],
							"rotation": [7.5, 0, 0],
							"uv": {
								"north": {"uv": [23, 22], "uv_size": [1, 0.5]},
								"east": {"uv": [23, 23], "uv_size": [1, 0.5]},
								"south": {"uv": [24, 2], "uv_size": [1, 0.5]},
								"west": {"uv": [24, 3], "uv_size": [1, 0.5]},
								"up": {"uv": [21, 16], "uv_size": [1, 1]},
								"down": {"uv": [17, 22], "uv_size": [1, -1]}
							}
						}
					]
				},
				{
					"name": "directionKeys",
					"parent": "_anthor",
					"pivot": [-1.3, 1.76958, -0.80128],
					"rotation": [7.5, 0, 0],
					"cubes": [
						{
							"origin": [-2, 1.61958, -1.00128],
							"size": [1.4, 0.3, 0.4],
							"uv": {
								"north": {"uv": [14, 22], "uv_size": [1.5, 0.5]},
								"east": {"uv": [24, 21], "uv_size": [0.5, 0.5]},
								"south": {"uv": [22, 15], "uv_size": [1.5, 0.5]},
								"west": {"uv": [22, 24], "uv_size": [0.5, 0.5]},
								"up": {"uv": [16, 22], "uv_size": [1.5, 0.5]},
								"down": {"uv": [22, 16.5], "uv_size": [1.5, -0.5]}
							}
						},
						{
							"origin": [-1.5, 1.61958, -1.50128],
							"size": [0.4, 0.3, 1.4],
							"uv": {
								"north": {"uv": [24, 22], "uv_size": [0.5, 0.5]},
								"east": {"uv": [18, 22], "uv_size": [1.5, 0.5]},
								"south": {"uv": [23, 24], "uv_size": [0.5, 0.5]},
								"west": {"uv": [20, 22], "uv_size": [1.5, 0.5]},
								"up": {"uv": [22, 22], "uv_size": [0.5, 1.5]},
								"down": {"uv": [23, 3.5], "uv_size": [0.5, -1.5]}
							}
						}
					]
				},
				{
					"name": "abxy",
					"parent": "_anthor",
					"pivot": [0.1, 0, 0],
					"cubes": [
						{
							"origin": [1.7, 1.7, 0.1],
							"size": [0.4, 0.4, 0.4],
							"pivot": [1.8, 1.9, 0.2],
							"rotation": [7.5, 0, 0],
							"uv": {
								"north": {"uv": [24, 23], "uv_size": [0.5, 0.5]},
								"east": {"uv": [24, 24], "uv_size": [0.5, 0.5]},
								"south": {"uv": [25, 2], "uv_size": [0.5, 0.5]},
								"west": {"uv": [25, 3], "uv_size": [0.5, 0.5]},
								"up": {"uv": [4, 25], "uv_size": [0.5, 0.5]},
								"down": {"uv": [25, 4.5], "uv_size": [0.5, -0.5]}
							}
						},
						{
							"origin": [1.7, 1.7, 1.1],
							"size": [0.4, 0.4, 0.4],
							"pivot": [1.8, 1.9, 0.2],
							"rotation": [7.5, 0, 0],
							"uv": {
								"north": {"uv": [5, 25], "uv_size": [0.5, 0.5]},
								"east": {"uv": [25, 5], "uv_size": [0.5, 0.5]},
								"south": {"uv": [6, 25], "uv_size": [0.5, 0.5]},
								"west": {"uv": [7, 25], "uv_size": [0.5, 0.5]},
								"up": {"uv": [8, 25], "uv_size": [0.5, 0.5]},
								"down": {"uv": [9, 25.5], "uv_size": [0.5, -0.5]}
							}
						},
						{
							"origin": [1.2, 1.7, 0.6],
							"size": [0.4, 0.4, 0.4],
							"pivot": [1.8, 1.9, 0.2],
							"rotation": [7.5, 0, 0],
							"uv": {
								"north": {"uv": [10, 25], "uv_size": [0.5, 0.5]},
								"east": {"uv": [25, 10], "uv_size": [0.5, 0.5]},
								"south": {"uv": [11, 25], "uv_size": [0.5, 0.5]},
								"west": {"uv": [25, 11], "uv_size": [0.5, 0.5]},
								"up": {"uv": [12, 25], "uv_size": [0.5, 0.5]},
								"down": {"uv": [25, 12.5], "uv_size": [0.5, -0.5]}
							}
						},
						{
							"origin": [2.2, 1.7, 0.6],
							"size": [0.4, 0.4, 0.4],
							"pivot": [1.8, 1.9, 0.2],
							"rotation": [7.5, 0, 0],
							"uv": {
								"north": {"uv": [13, 25], "uv_size": [0.5, 0.5]},
								"east": {"uv": [25, 13], "uv_size": [0.5, 0.5]},
								"south": {"uv": [14, 25], "uv_size": [0.5, 0.5]},
								"west": {"uv": [25, 14], "uv_size": [0.5, 0.5]},
								"up": {"uv": [15, 25], "uv_size": [0.5, 0.5]},
								"down": {"uv": [25, 15.5], "uv_size": [0.5, -0.5]}
							}
						}
					]
				}
			]
		}
	]
}