{"stats":{"minecraft:dropped":{"minecraft:wheat_seeds":8,"minecraft:player_head":68,"minecraft:barrier":4,"minecraft:pumpkin_seeds":9,"minecraft:gray_concrete":2,"minecraft:stone":3,"minecraft:beetroot_seeds":4,"minecraft:melon_seeds":5,"minecraft:paper":164,"minecraft:tripwire_hook":1},"minecraft:used":{"minecraft:oak_trapdoor":1,"minecraft:chiseled_bookshelf":7,"minecraft:end_rod":1,"minecraft:writable_book":16,"minecraft:orange_concrete":173,"minecraft:armor_stand":3,"minecraft:dark_oak_sign":46,"minecraft:oak_planks":3,"minecraft:oak_sign":2,"minecraft:decorated_pot":5,"minecraft:chest":2,"minecraft:tinted_glass":18,"minecraft:stone":2,"minecraft:redstone_block":1,"minecraft:composter":5,"minecraft:cauldron":1,"minecraft:stripped_birch_wood":3,"minecraft:glow_ink_sac":1,"minecraft:oak_door":1,"minecraft:light_blue_concrete":56,"minecraft:loom":7,"minecraft:sculk_shrieker":1,"minecraft:oak_wood":79,"minecraft:gray_concrete":475,"minecraft:stripped_spruce_log":5,"minecraft:oak_fence_gate":65,"minecraft:redstone_torch":5,"minecraft:lever":2,"minecraft:green_concrete":13,"minecraft:light":6,"minecraft:command_block":7,"minecraft:light_gray_concrete":137,"minecraft:lantern":2,"minecraft:grass_block":154,"minecraft:oak_button":4,"minecraft:barrier":48,"minecraft:spruce_trapdoor":7,"minecraft:iron_door":19,"minecraft:barrel":1,"minecraft:item_frame":1,"minecraft:stone_axe":31,"minecraft:glowstone":35,"minecraft:redstone_lamp":1,"minecraft:lime_concrete":11,"minecraft:black_stained_glass":19,"minecraft:written_book":22,"minecraft:iron_trapdoor":37,"minecraft:smithing_table":11,"minecraft:chain":4,"minecraft:observer":1,"minecraft:jukebox":1},"minecraft:picked_up":{"minecraft:dune_armor_trim_smithing_template":6,"minecraft:iron_chestplate":2,"minecraft:barrier":4,"minecraft:iron_door":5,"minecraft:tripwire_hook":16,"minecraft:leather":1,"minecraft:diamond_sword":2,"minecraft:gilded_blackstone":3,"minecraft:gold_block":4,"minecraft:enchanted_book":6,"minecraft:diamond_horse_armor":1,"minecraft:crimson_fungus":13,"minecraft:ancient_debris":3,"minecraft:gunpowder":75,"minecraft:gray_concrete":1,"minecraft:string":96,"minecraft:paper":319893,"minecraft:netherite_scrap":1,"minecraft:iron_leggings":2,"minecraft:iron_shovel":1,"minecraft:bone":105,"minecraft:wheat_seeds":258,"minecraft:gold_nugget":4,"minecraft:spire_armor_trim_smithing_template":1,"minecraft:iron_ingot":46,"minecraft:oak_fence_gate":65,"minecraft:redstone_torch":1,"minecraft:written_book":22,"minecraft:player_head":41,"minecraft:diamond_helmet":1,"minecraft:netherite_upgrade_smithing_template":1,"minecraft:iron_pickaxe":1,"minecraft:enchanted_golden_apple":1,"minecraft:soul_sand":8,"minecraft:iron_sword":3,"minecraft:iron_boots":2,"minecraft:stone":125,"minecraft:cooked_porkchop":15,"minecraft:pig_spawn_egg":5,"minecraft:porkchop":3,"minecraft:sand":58,"minecraft:golden_axe":1,"minecraft:crying_obsidian":8,"minecraft:spider_eye":11,"minecraft:iron_horse_armor":5,"minecraft:diamond_shovel":2,"minecraft:arrow":31,"minecraft:diamond_chestplate":3,"minecraft:pumpkin_seeds":273,"minecraft:snout_armor_trim_smithing_template":2,"minecraft:rotten_flesh":68,"minecraft:diamond":17,"minecraft:beetroot_seeds":159,"minecraft:iron_helmet":2,"minecraft:diamond_boots":2,"minecraft:glowstone":6,"minecraft:golden_apple":6,"minecraft:golden_horse_armor":2,"minecraft:saddle":3,"minecraft:gold_ingot":35,"minecraft:emerald":16,"minecraft:oak_button":1,"minecraft:melon_seeds":76,"minecraft:crimson_nylium":2,"minecraft:crimson_roots":19,"minecraft:diamond_pickaxe":2},"minecraft:custom":{"minecraft:open_barrel":3,"minecraft:interact_with_loom":3,"minecraft:time_since_death":1064704,"minecraft:leave_game":15,"minecraft:climb_one_cm":9553,"minecraft:time_since_rest":1064750,"minecraft:sprint_one_cm":168080,"minecraft:walk_one_cm":1087299,"minecraft:drop":115,"minecraft:damage_dealt":0,"minecraft:fly_one_cm":1190397,"minecraft:open_chest":102,"minecraft:crouch_one_cm":24435,"minecraft:play_time":1641514,"minecraft:deaths":1,"minecraft:sneak_time":12801,"minecraft:jump":1701,"minecraft:total_world_time":2089240,"minecraft:fall_one_cm":7656}},"DataVersion":3700}