{
    "condition": "any_of",
    "terms": [
        {
            "condition": "entity_scores",
            "entity": "this",
            "scores": {
                "ps_jump": {
                    "min": 1
                }
            }
        },
        {
            "condition": "entity_properties",
            "entity": "this",
            "predicate": {
                "flags": {
                    "is_sneaking": true
                }
            }
        }
    ]
}