{"stats":{"minecraft:dropped":{"minecraft:spruce_sign":1,"minecraft:smooth_quartz_stairs":1,"minecraft:wooden_axe":1,"minecraft:jack_o_lantern":7},"minecraft:picked_up":{"minecraft:wooden_axe":1,"minecraft:barrier":64,"minecraft:light":1,"minecraft:smooth_quartz_stairs":1,"minecraft:spruce_sign":1,"minecraft:jack_o_lantern":69},"minecraft:used":{"minecraft:moss_block":3,"minecraft:deepslate_brick_wall":19,"minecraft:oak_trapdoor":3,"minecraft:quartz_bricks":192,"minecraft:chiseled_polished_blackstone":16,"minecraft:dark_oak_stairs":48,"minecraft:moss_carpet":12,"minecraft:water_bucket":27,"minecraft:polished_blackstone_brick_slab":25,"minecraft:writable_book":2,"minecraft:dirt_path":3,"minecraft:polished_deepslate":27,"minecraft:chiseled_deepslate":11,"minecraft:prismarine_brick_slab":11,"minecraft:melon":1,"minecraft:birch_planks":1,"minecraft:smooth_quartz_slab":190,"minecraft:spruce_slab":39,"minecraft:redstone":3,"minecraft:polished_blackstone":2,"minecraft:polished_andesite":13,"minecraft:chest":6,"minecraft:spruce_planks":2,"minecraft:composter":4,"minecraft:structure_void":9,"minecraft:spruce_sign":23,"minecraft:cobblestone_slab":4,"minecraft:deepslate_bricks":94,"minecraft:oak_leaves":83,"minecraft:smooth_quartz_stairs":149,"minecraft:polished_deepslate_slab":18,"minecraft:dirt":14,"minecraft:sand":11,"minecraft:anvil":4,"minecraft:white_carpet":17,"minecraft:light_blue_concrete":37,"minecraft:crafting_table":4,"minecraft:spruce_stairs":28,"minecraft:deepslate_brick_slab":3,"minecraft:chiseled_quartz_block":164,"minecraft:dark_oak_door":6,"minecraft:polished_diorite":21,"minecraft:birch_fence":75,"minecraft:polished_deepslate_stairs":8,"minecraft:polished_blackstone_slab":1,"minecraft:dark_oak_planks":7,"minecraft:lever":15,"minecraft:flower_pot":1,"minecraft:light":82,"minecraft:black_concrete":3,"minecraft:stripped_dark_oak_wood":14,"minecraft:daylight_detector":9,"minecraft:bookshelf":22,"minecraft:quartz_pillar":149,"minecraft:crying_obsidian":1,"minecraft:warped_hyphae":22,"minecraft:command_block":6,"minecraft:light_gray_concrete":1,"minecraft:lantern":38,"minecraft:grass_block":325,"minecraft:barrier":117,"minecraft:string":4,"minecraft:polished_blackstone_brick_wall":28,"minecraft:lectern":1,"minecraft:jungle_stairs":3,"minecraft:polished_blackstone_brick_stairs":40,"minecraft:spruce_trapdoor":7,"minecraft:smooth_quartz":153,"minecraft:gravel":22,"minecraft:flowering_azalea_leaves":16,"minecraft:stone_brick_stairs":8,"minecraft:item_frame":1,"minecraft:glowstone":11,"minecraft:red_carpet":45,"minecraft:redstone_lamp":1,"minecraft:bow":11,"minecraft:scaffolding":36,"minecraft:furnace":10,"minecraft:oak_sapling":15,"minecraft:deepslate_tile_stairs":30,"minecraft:dark_oak_fence":36,"minecraft:andesite":2,"minecraft:polished_diorite_stairs":15,"minecraft:glass_pane":13,"minecraft:repeating_command_block":3,"minecraft:sea_pickle":3,"minecraft:white_concrete":133,"minecraft:fire_coral_fan":1,"minecraft:mossy_stone_brick_wall":5,"minecraft:jukebox":1,"minecraft:bone_meal":50,"minecraft:polished_blackstone_stairs":5,"minecraft:birch_stairs":2,"minecraft:calcite":275},"minecraft:custom":{"minecraft:interact_with_furnace":5,"minecraft:interact_with_anvil":2,"minecraft:mob_kills":3,"minecraft:inspect_hopper":1,"minecraft:interact_with_crafting_table":1,"minecraft:open_barrel":8,"minecraft:bell_ring":1,"minecraft:pot_flower":1,"minecraft:eat_cake_slice":7,"minecraft:leave_game":5,"minecraft:time_since_death":166936,"minecraft:sleep_in_bed":4,"minecraft:climb_one_cm":2181,"minecraft:time_since_rest":166960,"minecraft:walk_one_cm":257388,"minecraft:sprint_one_cm":242805,"minecraft:open_enderchest":3,"minecraft:damage_taken":310,"minecraft:drop":7,"minecraft:damage_dealt":10,"minecraft:swim_one_cm":6651,"minecraft:fly_one_cm":2641114,"minecraft:open_chest":10,"minecraft:crouch_one_cm":5483,"minecraft:play_time":641986,"minecraft:deaths":4,"minecraft:sneak_time":9557,"minecraft:walk_under_water_one_cm":8791,"minecraft:interact_with_lectern":4,"minecraft:jump":1190,"minecraft:walk_on_water_one_cm":8801,"minecraft:total_world_time":641986,"minecraft:fall_one_cm":2102},"minecraft:killed":{"minecraft:zombie":3}},"DataVersion":2975}