{"stats":{"minecraft:custom":{"minecraft:inspect_dropper":218,"minecraft:mob_kills":100,"minecraft:interact_with_crafting_table":10,"minecraft:leave_game":31,"minecraft:time_since_death":34882,"minecraft:climb_one_cm":3901,"minecraft:sprint_one_cm":2981773,"minecraft:walk_one_cm":1143536,"minecraft:damage_blocked_by_shield":40,"minecraft:drop":224,"minecraft:talked_to_villager":29,"minecraft:play_time":1374596,"minecraft:deaths":9,"minecraft:sneak_time":29432,"minecraft:walk_under_water_one_cm":9408,"minecraft:jump":11831,"minecraft:walk_on_water_one_cm":41803,"minecraft:total_world_time":2161939,"minecraft:traded_with_villager":140,"minecraft:time_since_rest":34882,"minecraft:damage_taken":1134,"minecraft:damage_dealt":18810,"minecraft:interact_with_beacon":4,"minecraft:swim_one_cm":1275,"minecraft:fly_one_cm":18076536,"minecraft:open_chest":151,"minecraft:crouch_one_cm":26621,"minecraft:fall_one_cm":24265},"minecraft:mined":{"minecraft:carrots":1},"minecraft:picked_up":{"minecraft:cocoa_beans":15,"minecraft:wheat":4,"minecraft:chicken":1,"minecraft:nether_wart":35,"minecraft:sentry_armor_trim_smithing_template":2,"minecraft:item_frame":1,"minecraft:armor_stand":1,"minecraft:red_sand":1,"minecraft:beef":10,"minecraft:red_dye":89,"minecraft:written_book":1,"minecraft:jungle_sapling":1,"minecraft:chest":10,"minecraft:furnace":1,"minecraft:tipped_arrow":3,"minecraft:white_glazed_terracotta":1,"minecraft:orange_dye":99,"minecraft:white_dye":81,"minecraft:quartz_pillar":1,"minecraft:carrot":31,"minecraft:goat_horn":1,"minecraft:arrow":30,"minecraft:command_block":1,"minecraft:beetroot_seeds":18,"minecraft:blue_dye":71,"minecraft:blaze_rod":3,"minecraft:snowball":20,"minecraft:purple_dye":78,"minecraft:cooked_beef":3,"minecraft:tripwire_hook":4,"minecraft:yellow_dye":85,"minecraft:potato":25,"minecraft:magenta_dye":65,"minecraft:oak_log":64,"minecraft:white_banner":1,"minecraft:bow":3,"minecraft:wheat_seeds":35,"minecraft:light_blue_dye":81,"minecraft:green_dye":94,"minecraft:dandelion":7,"minecraft:dropper":1,"minecraft:dark_oak_log":7,"minecraft:quartz_bricks":1,"minecraft:lime_dye":65,"minecraft:black_concrete":1,"minecraft:blue_ice":1,"minecraft:crossbow":1,"minecraft:bone_meal":47,"minecraft:oak_button":1,"minecraft:emerald":93,"minecraft:bread":6,"minecraft:cyan_dye":65,"minecraft:pink_dye":65},"minecraft:killed":{"minecraft:skeleton":18,"minecraft:guardian":3,"minecraft:chicken":6,"minecraft:husk":12,"minecraft:creeper":2,"minecraft:polar_bear":5,"minecraft:pillager":6,"minecraft:zombie":1,"minecraft:stray":6,"minecraft:blaze":30,"minecraft:cow":11},"minecraft:dropped":{"minecraft:bread":3,"minecraft:oak_slab":1,"minecraft:wheat_seeds":1,"minecraft:orange_dye":66,"minecraft:oak_pressure_plate":1,"minecraft:oak_log":128,"minecraft:crafting_table":1,"minecraft:cyan_dye":65,"minecraft:oak_fence":2,"minecraft:barrier":1,"minecraft:lantern":1,"minecraft:red_wool":1,"minecraft:command_block":1,"minecraft:quartz_pillar":1,"minecraft:purple_dye":65,"minecraft:grass_block":1,"minecraft:dirt":1,"minecraft:blue_dye":66,"minecraft:green_dye":70,"minecraft:yellow_dye":66,"minecraft:oak_stairs":65,"minecraft:bone_meal":150,"minecraft:red_dye":131,"minecraft:black_concrete":1,"minecraft:armor_stand":1,"minecraft:oak_trapdoor":1,"minecraft:player_head":1,"minecraft:nether_wart":1,"minecraft:pink_dye":65,"minecraft:oak_planks":64,"minecraft:stripped_oak_log":2,"minecraft:lime_dye":65,"minecraft:light_blue_dye":65,"minecraft:leather_chestplate":1,"minecraft:sea_lantern":1,"minecraft:tipped_arrow":1,"minecraft:shroomlight":1,"minecraft:dropper":1,"minecraft:leather_boots":1,"minecraft:chest":1,"minecraft:leather_leggings":1,"minecraft:white_dye":66,"minecraft:magenta_dye":65,"minecraft:glass":1,"minecraft:written_book":1,"minecraft:oak_leaves":2,"minecraft:white_glazed_terracotta":1},"minecraft:killed_by":{"minecraft:stray":1},"minecraft:crafted":{"minecraft:leather_leggings":1,"minecraft:bone_meal":204,"minecraft:filled_map":5,"minecraft:air":0},"minecraft:used":{"minecraft:oak_fence":15,"minecraft:light_blue_banner":3,"minecraft:jungle_leaves":192,"minecraft:writable_book":26,"minecraft:red_sand":196,"minecraft:melon":22,"minecraft:flint_and_steel":178,"minecraft:dead_bush":72,"minecraft:smooth_quartz_slab":1,"minecraft:armor_stand":79,"minecraft:red_concrete":2,"minecraft:redstone":23,"minecraft:oak_sign":36,"minecraft:spruce_planks":68,"minecraft:ender_chest":2,"minecraft:green_banner":1,"minecraft:chest":47,"minecraft:shield":1,"minecraft:nether_wart":59,"minecraft:stone":730,"minecraft:iron_sword":46,"minecraft:zombie_spawn_egg":5,"minecraft:quartz_stairs":139,"minecraft:structure_block":22,"minecraft:farmland":112,"minecraft:netherrack":1,"minecraft:debug_stick":170,"minecraft:spruce_leaves":45,"minecraft:torch":65,"minecraft:dirt":32,"minecraft:soul_sand":41,"minecraft:stray_spawn_egg":3,"minecraft:cocoa_beans":86,"minecraft:skeleton_spawn_egg":14,"minecraft:light_blue_dye":1,"minecraft:nether_bricks":25,"minecraft:jungle_planks":125,"minecraft:spruce_stairs":174,"minecraft:carrot":124,"minecraft:oak_wood":90,"minecraft:acacia_sapling":36,"minecraft:pink_dye":1,"minecraft:shroomlight":65,"minecraft:iron_hoe":9,"minecraft:jungle_sapling":162,"minecraft:glass":133,"minecraft:honeycomb":40,"minecraft:sea_lantern":639,"minecraft:lava_bucket":97,"minecraft:acacia_slab":253,"minecraft:quartz_pillar":763,"minecraft:lime_banner":2,"minecraft:quartz_slab":41,"minecraft:spruce_wood":39,"minecraft:red_wool":33,"minecraft:filled_map":47,"minecraft:lantern":29,"minecraft:iron_block":222,"minecraft:grass_block":747,"minecraft:oak_stairs":335,"minecraft:jungle_log":74,"minecraft:quartz_block":149,"minecraft:slime_block":167,"minecraft:spawner":81,"minecraft:chicken_spawn_egg":7,"minecraft:netherite_hoe":9,"minecraft:smooth_quartz":125,"minecraft:raw_gold_block":122,"minecraft:stone_brick_stairs":32,"minecraft:stone_bricks":49,"minecraft:blue_banner":1,"minecraft:item_frame":77,"minecraft:blaze_spawn_egg":20,"minecraft:repeater":115,"minecraft:bedrock":3,"minecraft:birch_trapdoor":2,"minecraft:magma_block":23,"minecraft:redstone_lamp":28,"minecraft:snow":96,"minecraft:beef":1,"minecraft:emerald_block":2,"minecraft:written_book":29,"minecraft:guardian_spawn_egg":5,"minecraft:soul_soil":209,"minecraft:podzol":2,"minecraft:beetroot_seeds":64,"minecraft:gold_block":16,"minecraft:acacia_wood":64,"minecraft:cyan_banner":1,"minecraft:gray_banner":2,"minecraft:stone_pressure_plate":3,"minecraft:potato":46,"minecraft:red_dye":28,"minecraft:acacia_planks":72,"minecraft:stripped_spruce_wood":73,"minecraft:calcite":24,"minecraft:wheat_seeds":82,"minecraft:quartz_bricks":781,"minecraft:yellow_banner":3,"minecraft:water_bucket":95,"minecraft:leather_leggings":1,"minecraft:cow_spawn_egg":13,"minecraft:stripped_acacia_log":70,"minecraft:dropper":55,"minecraft:birch_planks":237,"minecraft:stripped_birch_log":70,"minecraft:birch_leaves":23,"minecraft:oak_planks":804,"minecraft:red_nether_bricks":28,"minecraft:birch_wood":119,"minecraft:cactus":74,"minecraft:leather_chestplate":2,"minecraft:redstone_block":9,"minecraft:beacon":4,"minecraft:glow_ink_sac":31,"minecraft:leather_boots":1,"minecraft:smooth_quartz_stairs":105,"minecraft:cracked_stone_bricks":34,"minecraft:oak_leaves":195,"minecraft:light_gray_banner":2,"minecraft:diamond_block":26,"minecraft:sand":156,"minecraft:stripped_dark_oak_log":41,"minecraft:vine":105,"minecraft:light_blue_concrete":4,"minecraft:crafting_table":5,"minecraft:brown_banner":3,"minecraft:light_blue_wool":33,"minecraft:birch_sign":6,"minecraft:acacia_leaves":140,"minecraft:chiseled_quartz_block":471,"minecraft:polar_bear_spawn_egg":7,"minecraft:stone_brick_wall":14,"minecraft:creeper_spawn_egg":11,"minecraft:oak_log":1000,"minecraft:netherite_block":3,"minecraft:lever":3,"minecraft:yellow_dye":1,"minecraft:acacia_stairs":3,"minecraft:black_concrete":37,"minecraft:stripped_jungle_log":3,"minecraft:command_block":166,"minecraft:bread":8,"minecraft:oak_button":49,"minecraft:barrier":32,"minecraft:stone_button":1,"minecraft:map":18,"minecraft:white_glazed_terracotta":84,"minecraft:leather_helmet":1,"minecraft:gravel":2,"minecraft:spruce_sapling":184,"minecraft:chiseled_stone_bricks":27,"minecraft:diamond_sword":189,"minecraft:orange_banner":3,"minecraft:white_banner":8,"minecraft:red_banner":2,"minecraft:white_stained_glass":260,"minecraft:birch_log":30,"minecraft:chain_command_block":176,"minecraft:magenta_glazed_terracotta":157,"minecraft:repeating_command_block":43,"minecraft:stripped_oak_log":288,"minecraft:husk_spawn_egg":14,"minecraft:pillager_spawn_egg":6,"minecraft:bone_meal":2681,"minecraft:birch_stairs":61}},"DataVersion":3700}