{
	"credit": "Made with Blockbench",
	"parent": "carrot",
	"textures": {
		"0": "block/1",
		"particle": "block/1"
	},
	"elements": [
		{
			"from": [2, 2, 12],
			"to": [6, 8, 15],
			"faces": {
				"north": {"uv": [9.05143, 0, 13.05143, 6], "texture": "#0"},
				"east": {"uv": [1.00571, 0.86857, 4.00571, 6.86857], "texture": "#0"},
				"south": {"uv": [1.55429, 7.77143, 5.55429, 13.77143], "texture": "#0"},
				"west": {"uv": [4.11429, 0, 7.11429, 6], "texture": "#0"},
				"up": {"uv": [6.90286, 5.89714, 10.90286, 8.89714], "texture": "#0"},
				"down": {"uv": [8.04571, 11.84, 12.04571, 14.84], "texture": "#0"}
			}
		}
	]
}