{"stats":{"minecraft:picked_up":{"minecraft:mutton":1},"minecraft:used":{"minecraft:stone_bricks":25,"minecraft:oak_log":17,"minecraft:oak_fence":59,"minecraft:iron_bars":44,"minecraft:writable_book":2,"minecraft:repeater":11,"minecraft:bookshelf":11,"minecraft:quartz_pillar":1,"minecraft:chiseled_deepslate":40,"minecraft:command_block":5,"minecraft:podzol":9,"minecraft:polished_andesite":43,"minecraft:redstone":3,"minecraft:barrier":79,"minecraft:oak_planks":16,"minecraft:chain_command_block":10,"minecraft:stone_button":10,"minecraft:oak_sign":4,"minecraft:campfire":2,"minecraft:spruce_planks":1,"minecraft:stone_pressure_plate":1,"minecraft:smooth_quartz":2,"minecraft:white_dye":1,"minecraft:glow_ink_sac":3,"minecraft:barrel":1,"minecraft:deepslate_bricks":110,"minecraft:deepslate_tiles":4},"minecraft:custom":{"minecraft:open_chest":4,"minecraft:time_since_rest":63549,"minecraft:crouch_one_cm":3881,"minecraft:play_time":63549,"minecraft:sprint_one_cm":7546,"minecraft:interact_with_campfire":1,"minecraft:walk_one_cm":36972,"minecraft:sneak_time":2304,"minecraft:interact_with_lectern":2,"minecraft:jump":64,"minecraft:leave_game":1,"minecraft:walk_on_water_one_cm":688,"minecraft:time_since_death":63549,"minecraft:total_world_time":63594,"minecraft:open_barrel":2,"minecraft:fly_one_cm":669115}},"DataVersion":2975}