{"stats":{"minecraft:killed":{"minecraft:skeleton":1,"minecraft:creeper":4},"minecraft:custom":{"minecraft:time_since_rest":80891,"minecraft:sprint_one_cm":43291,"minecraft:walk_one_cm":122114,"minecraft:damage_absorbed":410,"minecraft:mob_kills":6,"minecraft:drop":2,"minecraft:damage_dealt":373,"minecraft:interact_with_crafting_table":5,"minecraft:fly_one_cm":363399,"minecraft:open_chest":8,"minecraft:crouch_one_cm":3666,"minecraft:play_time":89479,"minecraft:deaths":2,"minecraft:sneak_time":3000,"minecraft:jump":160,"minecraft:leave_game":6,"minecraft:time_since_death":80863,"minecraft:total_world_time":415048},"minecraft:picked_up":{"minecraft:wooden_axe":1,"minecraft:carrot_on_a_stick":1,"minecraft:lime_concrete":7,"minecraft:stone_button":4,"minecraft:gunpowder":9,"minecraft:string":128,"minecraft:dirt":1,"minecraft:bone":18,"minecraft:arrow":20,"minecraft:white_concrete":1,"minecraft:obsidian":250,"minecraft:cobblestone":849},"minecraft:dropped":{"minecraft:lime_concrete":1,"minecraft:carrot_on_a_stick":1},"minecraft:crafted":{"minecraft:knowledge_book":3},"minecraft:used":{"minecraft:creeper_spawn_egg":28,"minecraft:oak_log":20,"minecraft:oak_fence":80,"minecraft:lava_bucket":1,"minecraft:command_block":3,"minecraft:grass_block":105,"minecraft:polished_andesite":4,"minecraft:oak_button":2,"minecraft:carrot_on_a_stick":527,"minecraft:oak_planks":50,"minecraft:stone_button":12,"minecraft:chest":1,"minecraft:stone":47,"minecraft:structure_block":8,"minecraft:polished_andesite_slab":80,"minecraft:dirt":4,"minecraft:lime_concrete":100,"minecraft:skeleton_spawn_egg":48,"minecraft:oak_slab":56,"minecraft:crafting_table":6,"minecraft:white_concrete":16}},"DataVersion":3120}