{"stats":{"minecraft:custom":{"minecraft:jump":333,"minecraft:time_since_rest":55027,"minecraft:leave_game":1,"minecraft:damage_dealt":80,"minecraft:crouch_one_cm":10724,"minecraft:sprint_one_cm":34223,"minecraft:play_time":55027,"minecraft:walk_on_water_one_cm":312,"minecraft:time_since_death":55027,"minecraft:walk_one_cm":37036,"minecraft:sneak_time":8333,"minecraft:total_world_time":55027,"minecraft:fall_one_cm":8059,"minecraft:fly_one_cm":72144},"minecraft:picked_up":{"minecraft:carrot_on_a_stick":2},"minecraft:used":{"minecraft:carrot_on_a_stick":5,"minecraft:crossbow":48,"minecraft:written_book":3}},"DataVersion":3953}