{"stats":{"minecraft:custom":{"minecraft:interact_with_smithing_table":1,"minecraft:interact_with_anvil":1,"minecraft:interact_with_crafting_table":1,"minecraft:open_barrel":2,"minecraft:leave_game":19,"minecraft:time_since_death":1506149,"minecraft:climb_one_cm":1501,"minecraft:time_since_rest":1506175,"minecraft:sprint_one_cm":591115,"minecraft:damage_taken":250,"minecraft:walk_one_cm":895246,"minecraft:drop":344,"minecraft:damage_dealt":30,"minecraft:fly_one_cm":3818602,"minecraft:crouch_one_cm":323020,"minecraft:play_time":2245023,"minecraft:deaths":1,"minecraft:sneak_time":140946,"minecraft:jump":4483,"minecraft:walk_on_water_one_cm":1050,"minecraft:total_world_time":2322242,"minecraft:fall_one_cm":78822},"minecraft:used":{"minecraft:oak_fence":30,"minecraft:oak_trapdoor":1,"minecraft:water_bucket":56,"minecraft:writable_book":1,"minecraft:iron_bars":46,"minecraft:cobblestone_stairs":8,"minecraft:carved_pumpkin":8,"minecraft:prismarine":2,"minecraft:carrot_on_a_stick":1628,"minecraft:oak_planks":27,"minecraft:ladder":2,"minecraft:oak_sign":5,"minecraft:spruce_planks":243,"minecraft:polished_tuff_wall":111,"minecraft:leather_chestplate":1,"minecraft:white_terracotta":40,"minecraft:stone":379,"minecraft:zombie_spawn_egg":2,"minecraft:redstone_block":15,"minecraft:glow_ink_sac":1,"minecraft:spyglass":2,"minecraft:anvil":1,"minecraft:target":1,"minecraft:rail":17,"minecraft:light_blue_concrete":38,"minecraft:crafting_table":1,"minecraft:spruce_stairs":17,"minecraft:crafter":5,"minecraft:cobblestone_wall":31,"minecraft:crossbow":2125,"minecraft:light_gray_concrete_powder":2,"minecraft:waxed_copper_grate":4,"minecraft:gray_concrete":257,"minecraft:spruce_fence":1,"minecraft:spruce_log":226,"minecraft:stripped_spruce_log":48,"minecraft:polished_tuff":16,"minecraft:redstone_torch":5,"minecraft:polished_tuff_slab":110,"minecraft:black_wool":15,"minecraft:netherite_block":1,"minecraft:light":4,"minecraft:black_concrete":67,"minecraft:cyan_terracotta":106,"minecraft:command_block":41,"minecraft:light_gray_concrete":226,"minecraft:iron_block":35,"minecraft:grass_block":88,"minecraft:oak_stairs":13,"minecraft:barrier":58,"minecraft:stone_button":4,"minecraft:spruce_trapdoor":4,"minecraft:gray_concrete_powder":7,"minecraft:stone_brick_stairs":1,"minecraft:barrel":1,"minecraft:stone_bricks":43,"minecraft:yellow_wool":11,"minecraft:chiseled_tuff_bricks":34,"minecraft:cobblestone":52,"minecraft:bow":5,"minecraft:black_stained_glass":17,"minecraft:written_book":18,"minecraft:oak_sapling":5,"minecraft:smithing_table":1,"minecraft:chain_command_block":15,"minecraft:repeating_command_block":6,"minecraft:stripped_oak_log":1,"minecraft:white_concrete":70,"minecraft:dead_bubble_coral_block":12,"minecraft:bone_meal":13,"minecraft:waxed_copper_bulb":5},"minecraft:dropped":{"minecraft:evoker_spawn_egg":1,"minecraft:polished_tuff_slab":1,"minecraft:goat_spawn_egg":1,"minecraft:crossbow":58,"minecraft:light_gray_concrete":1,"minecraft:chicken_spawn_egg":1,"minecraft:spruce_fence":1,"minecraft:shears":3,"minecraft:carrot_on_a_stick":87,"minecraft:cyan_terracotta":2,"minecraft:polished_tuff_wall":1,"minecraft:gray_concrete":26,"minecraft:stone":12,"minecraft:painting":1,"minecraft:paper":166},"minecraft:picked_up":{"minecraft:polished_tuff_wall":1,"minecraft:carrot_on_a_stick":117,"minecraft:gray_concrete":59,"minecraft:paper":730,"minecraft:polished_tuff_slab":1,"minecraft:redstone_torch":1,"minecraft:stone":98,"minecraft:spruce_fence":1,"minecraft:stone_button":2,"minecraft:light_gray_concrete":1,"minecraft:rotten_flesh":1,"minecraft:shears":2,"minecraft:crossbow":81,"minecraft:cyan_terracotta":2,"minecraft:rail":4}},"DataVersion":3953}