{"stats":{"minecraft:picked_up":{"minecraft:crossbow":3,"minecraft:carrot_on_a_stick":24,"minecraft:paper":8},"minecraft:used":{"minecraft:carrot_on_a_stick":16,"minecraft:crossbow":81},"minecraft:dropped":{"minecraft:paper":7,"minecraft:carrot_on_a_stick":8,"minecraft:crossbow":1},"minecraft:custom":{"minecraft:jump":302,"minecraft:time_since_rest":937590,"minecraft:crouch_one_cm":4264,"minecraft:leave_game":13,"minecraft:play_time":937590,"minecraft:sprint_one_cm":41218,"minecraft:walk_on_water_one_cm":133,"minecraft:time_since_death":937590,"minecraft:walk_one_cm":30253,"minecraft:sneak_time":2142,"minecraft:total_world_time":937590,"minecraft:walk_under_water_one_cm":151,"minecraft:fall_one_cm":11578,"minecraft:drop":15,"minecraft:fly_one_cm":94146}},"DataVersion":3953}