{"stats":{"minecraft:dropped":{"minecraft:polished_tuff_wall":1},"minecraft:picked_up":{"minecraft:crossbow":1,"minecraft:polished_tuff_wall":1,"minecraft:carrot_on_a_stick":1},"minecraft:custom":{"minecraft:jump":37,"minecraft:time_since_rest":223546,"minecraft:leave_game":1,"minecraft:crouch_one_cm":4082,"minecraft:sprint_one_cm":4620,"minecraft:play_time":223546,"minecraft:time_since_death":223546,"minecraft:walk_one_cm":7086,"minecraft:sneak_time":1663,"minecraft:total_world_time":223546,"minecraft:drop":1,"minecraft:fly_one_cm":28624},"minecraft:used":{"minecraft:carrot_on_a_stick":52,"minecraft:crossbow":4,"minecraft:stone":12}},"DataVersion":3953}