{"stats":{"minecraft:picked_up":{"minecraft:stone":26,"minecraft:carrot_on_a_stick":40,"minecraft:paper":230},"minecraft:used":{"minecraft:carrot_on_a_stick":56,"minecraft:crossbow":43,"minecraft:gray_concrete":9,"minecraft:white_concrete":23,"minecraft:stone":2},"minecraft:dropped":{"minecraft:paper":86,"minecraft:carrot_on_a_stick":10},"minecraft:custom":{"minecraft:jump":261,"minecraft:time_since_rest":1095360,"minecraft:crouch_one_cm":10960,"minecraft:leave_game":11,"minecraft:play_time":1095360,"minecraft:sprint_one_cm":52707,"minecraft:time_since_death":1095360,"minecraft:walk_one_cm":66674,"minecraft:sneak_time":4042,"minecraft:total_world_time":1095360,"minecraft:fall_one_cm":5594,"minecraft:drop":88,"minecraft:fly_one_cm":86130}},"DataVersion":3953}