{"stats":{"minecraft:custom":{"minecraft:jump":56,"minecraft:time_since_rest":68289,"minecraft:leave_game":1,"minecraft:crouch_one_cm":1246,"minecraft:sprint_one_cm":6466,"minecraft:play_time":68289,"minecraft:damage_taken":20,"minecraft:time_since_death":68289,"minecraft:walk_one_cm":15488,"minecraft:sneak_time":1619,"minecraft:total_world_time":68289,"minecraft:fall_one_cm":3529,"minecraft:fly_one_cm":12292},"minecraft:picked_up":{"minecraft:carrot_on_a_stick":2},"minecraft:used":{"minecraft:carrot_on_a_stick":2,"minecraft:crossbow":20}},"DataVersion":3953}