{"stats":{"minecraft:custom":{"minecraft:time_since_rest":465987,"minecraft:crouch_one_cm":30491,"minecraft:play_time":465987,"minecraft:sprint_one_cm":131225,"minecraft:walk_one_cm":254148,"minecraft:sneak_time":16147,"minecraft:walk_under_water_one_cm":953,"minecraft:drop":1,"minecraft:jump":1408,"minecraft:leave_game":6,"minecraft:walk_on_water_one_cm":290,"minecraft:time_since_death":465987,"minecraft:climb_one_cm":450,"minecraft:total_world_time":465987,"minecraft:fall_one_cm":40717,"minecraft:fly_one_cm":520340},"minecraft:dropped":{"minecraft:carrot_on_a_stick":1},"minecraft:picked_up":{"minecraft:carrot_on_a_stick":1,"minecraft:gray_concrete":3,"minecraft:lantern":1},"minecraft:used":{"minecraft:stone_bricks":124,"minecraft:oak_fence":34,"minecraft:chiseled_stone_bricks":13,"minecraft:mossy_stone_bricks":10,"minecraft:cobblestone_stairs":25,"minecraft:dirt":76,"minecraft:cobblestone":1,"minecraft:written_book":7,"minecraft:lantern":8,"minecraft:grass_block":81,"minecraft:carrot_on_a_stick":5,"minecraft:cobblestone_wall":24,"minecraft:crossbow":144,"minecraft:spruce_planks":2,"minecraft:stone_brick_wall":28,"minecraft:stone":295}},"DataVersion":3953}