{"stats":{"minecraft:custom":{"minecraft:jump":243,"minecraft:time_since_rest":317733,"minecraft:crouch_one_cm":2074,"minecraft:play_time":317733,"minecraft:leave_game":7,"minecraft:sprint_one_cm":17815,"minecraft:damage_taken":60,"minecraft:time_since_death":317733,"minecraft:walk_one_cm":185730,"minecraft:sneak_time":2183,"minecraft:total_world_time":317733,"minecraft:fall_one_cm":10200,"minecraft:fly_one_cm":53091},"minecraft:picked_up":{"minecraft:carrot_on_a_stick":6},"minecraft:used":{"minecraft:carrot_on_a_stick":7,"minecraft:crossbow":37}},"DataVersion":3953}