{"stats":{"minecraft:dropped":{"minecraft:black_concrete":1},"minecraft:custom":{"minecraft:jump":24,"minecraft:open_chest":1,"minecraft:time_since_rest":6245,"minecraft:crouch_one_cm":75,"minecraft:leave_game":1,"minecraft:sprint_one_cm":5172,"minecraft:play_time":6245,"minecraft:open_enderchest":1,"minecraft:time_since_death":6245,"minecraft:walk_one_cm":4747,"minecraft:interact_with_beacon":1,"minecraft:sneak_time":41,"minecraft:climb_one_cm":124,"minecraft:total_world_time":6245,"minecraft:drop":1,"minecraft:fly_one_cm":52229},"minecraft:picked_up":{"minecraft:black_concrete":1}},"DataVersion":2975}