{"stats":{"minecraft:custom":{"minecraft:interact_with_crafting_table":3,"minecraft:open_barrel":207,"minecraft:open_shulker_box":35,"minecraft:bell_ring":398,"minecraft:eat_cake_slice":33,"minecraft:leave_game":86,"minecraft:time_since_death":98885,"minecraft:sprint_one_cm":3394612,"minecraft:drop":182,"minecraft:play_time":5496651,"minecraft:deaths":16,"minecraft:jump":21931,"minecraft:interact_with_brewingstand":5,"minecraft:walk_on_water_one_cm":63131,"minecraft:interact_with_furnace":3,"minecraft:play_record":3,"minecraft:interact_with_cartography_table":1,"minecraft:interact_with_loom":18,"minecraft:sleep_in_bed":115,"minecraft:open_enderchest":93,"minecraft:damage_dealt":9543,"minecraft:crouch_one_cm":253013,"minecraft:inspect_dropper":1,"minecraft:interact_with_anvil":7,"minecraft:mob_kills":66,"minecraft:inspect_hopper":7,"minecraft:damage_dealt_resisted":373,"minecraft:climb_one_cm":38469,"minecraft:walk_one_cm":5923666,"minecraft:sneak_time":157669,"minecraft:walk_under_water_one_cm":196876,"minecraft:interact_with_lectern":127,"minecraft:total_world_time":7433026,"minecraft:time_since_rest":98912,"minecraft:damage_taken":4100,"minecraft:trigger_trapped_chest":11,"minecraft:swim_one_cm":158766,"minecraft:fly_one_cm":29281691,"minecraft:open_chest":188,"minecraft:aviate_one_cm":486,"minecraft:fall_one_cm":54176},"minecraft:killed":{"minecraft:cod":3,"minecraft:chicken":2,"minecraft:axolotl":1,"minecraft:tropical_fish":7,"minecraft:cat":3,"minecraft:creeper":1,"minecraft:pillager":1,"minecraft:zombie":45},"minecraft:crafted":{"minecraft:leather_chestplate":1,"minecraft:leather_leggings":1,"minecraft:leather_boots":1},"minecraft:picked_up":{"minecraft:wooden_axe":2,"minecraft:ender_chest":7,"minecraft:creeper_head":1,"minecraft:diamond_sword":1,"minecraft:light":4,"minecraft:oak_sign":5,"minecraft:rose_bush":2,"minecraft:written_book":21,"minecraft:command_block":3,"minecraft:carved_pumpkin":105,"minecraft:barrier":11,"minecraft:leather_chestplate":1,"minecraft:lantern":8,"minecraft:leather_boots":1,"minecraft:jigsaw":2,"minecraft:bell":6,"minecraft:music_disc_13":1,"minecraft:structure_void":3,"minecraft:spectral_arrow":1,"minecraft:lever":3,"minecraft:writable_book":3,"minecraft:emerald":1,"minecraft:jack_o_lantern":40,"minecraft:splash_potion":2,"minecraft:leather_leggings":1,"minecraft:structure_block":2,"minecraft:orange_banner":5,"minecraft:heavy_weighted_pressure_plate":3,"minecraft:item_frame":5,"minecraft:music_disc_otherside":2,"minecraft:player_head":1,"minecraft:stone_button":1,"minecraft:redstone":4,"minecraft:stone_pressure_plate":1,"minecraft:red_shulker_box":13,"minecraft:peony":1,"minecraft:deepslate_bricks":1,"minecraft:carrot_on_a_stick":12,"minecraft:oak_log":1,"minecraft:white_banner":1,"minecraft:heart_of_the_sea":1,"minecraft:iron_sword":1,"minecraft:chain_command_block":1,"minecraft:emerald_block":125,"minecraft:painting":1},"minecraft:dropped":{"minecraft:daylight_detector":1,"minecraft:repeating_command_block":1,"minecraft:oak_log":1,"minecraft:carrot_on_a_stick":13,"minecraft:structure_void":2,"minecraft:redstone_lamp":1,"minecraft:jack_o_lantern":122,"minecraft:writable_book":1,"minecraft:emerald_block":3,"minecraft:lever":1,"minecraft:leather_chestplate":1,"minecraft:orange_banner":5,"minecraft:leather_boots":1,"minecraft:leather_leggings":1,"minecraft:campfire":1,"minecraft:chain_command_block":10,"minecraft:written_book":15,"minecraft:barrier":70,"minecraft:spectral_arrow":1,"minecraft:command_block":2,"minecraft:lava_bucket":1,"minecraft:repeater":1,"minecraft:wooden_axe":2,"minecraft:white_banner":1,"minecraft:redstone_block":2,"minecraft:jigsaw":1,"minecraft:creeper_head":1,"minecraft:ender_chest":7,"minecraft:structure_block":1,"minecraft:light_blue_concrete":1,"minecraft:light":4,"minecraft:deepslate_bricks":3,"minecraft:diamond_sword":2,"minecraft:wooden_shovel":1,"minecraft:carved_pumpkin":49,"minecraft:redstone_torch":1,"minecraft:bell":1},"minecraft:used":{"minecraft:peony":13,"minecraft:orange_dye":1,"minecraft:jack_o_lantern":18,"minecraft:writable_book":109,"minecraft:polished_deepslate":161,"minecraft:chiseled_deepslate":7,"minecraft:smooth_quartz_slab":197,"minecraft:spruce_slab":41,"minecraft:dispenser":2,"minecraft:carrot_on_a_stick":9,"minecraft:ladder":67,"minecraft:oak_sign":245,"minecraft:chest":41,"minecraft:white_terracotta":8,"minecraft:stone":141,"minecraft:zombie_spawn_egg":32,"minecraft:bell":172,"minecraft:player_head":30,"minecraft:farmland":2,"minecraft:soul_campfire":17,"minecraft:soul_sand":1,"minecraft:blue_stained_glass":15,"minecraft:brick_slab":21,"minecraft:carrot":1,"minecraft:music_disc_13":1,"minecraft:beehive":32,"minecraft:axolotl_bucket":1,"minecraft:snowball":2,"minecraft:obsidian":2,"minecraft:polished_deepslate_stairs":9,"minecraft:glass":396,"minecraft:packed_ice":14,"minecraft:bricks":749,"minecraft:cyan_terracotta":23,"minecraft:lava_bucket":12,"minecraft:netherite_shovel":36,"minecraft:stripped_dark_oak_wood":59,"minecraft:quartz_pillar":41,"minecraft:red_wool":61,"minecraft:quartz_slab":6,"minecraft:lantern":98,"minecraft:grass_block":1108,"minecraft:green_wool":10,"minecraft:polished_andesite_stairs":37,"minecraft:quartz_block":78,"minecraft:dark_oak_slab":28,"minecraft:diorite_wall":26,"minecraft:stone_brick_stairs":4,"minecraft:stone_bricks":204,"minecraft:item_frame":18,"minecraft:bedrock":6,"minecraft:repeater":194,"minecraft:red_carpet":64,"minecraft:red_stained_glass_pane":4,"minecraft:redstone_lamp":223,"minecraft:bow":8,"minecraft:brown_carpet":3,"minecraft:hay_block":7,"minecraft:written_book":66,"minecraft:scaffolding":33,"minecraft:oak_sapling":62,"minecraft:furnace":13,"minecraft:polished_diorite_stairs":3,"minecraft:gold_block":11,"minecraft:fire_coral_fan":5,"minecraft:lime_glazed_terracotta":10,"minecraft:deepslate_brick_wall":7,"minecraft:chiseled_polished_blackstone":62,"minecraft:dark_oak_stairs":40,"minecraft:waxed_oxidized_cut_copper_slab":58,"minecraft:tube_coral_fan":3,"minecraft:brick_wall":30,"minecraft:warped_fungus_on_a_stick":488,"minecraft:dropper":5,"minecraft:oak_planks":2635,"minecraft:ender_pearl":32,"minecraft:composter":11,"minecraft:redstone_block":421,"minecraft:structure_void":22,"minecraft:diamond_axe":3,"minecraft:oak_leaves":121,"minecraft:smooth_quartz_stairs":126,"minecraft:white_wool":3,"minecraft:respawn_anchor":1,"minecraft:yellow_terracotta":460,"minecraft:light_blue_concrete":222,"minecraft:loom":36,"minecraft:blast_furnace":8,"minecraft:yellow_concrete":74,"minecraft:oxidized_cut_copper_slab":40,"minecraft:sponge":4,"minecraft:stone_brick_wall":29,"minecraft:chiseled_quartz_block":43,"minecraft:note_block":19,"minecraft:lingering_potion":1,"minecraft:gray_concrete":335,"minecraft:lightning_rod":16,"minecraft:deepslate_tiles":413,"minecraft:birch_fence":23,"minecraft:creeper_spawn_egg":1,"minecraft:redstone_torch":55,"minecraft:sticky_piston":47,"minecraft:lever":49,"minecraft:blue_glazed_terracotta":10,"minecraft:black_concrete":314,"minecraft:daylight_detector":43,"minecraft:light_gray_concrete":346,"minecraft:birch_slab":198,"minecraft:heavy_weighted_pressure_plate":8,"minecraft:string":11,"minecraft:barrier":409,"minecraft:stone_button":101,"minecraft:lectern":49,"minecraft:polished_granite":32,"minecraft:oak_pressure_plate":4,"minecraft:iron_door":83,"minecraft:flowering_azalea_leaves":21,"minecraft:soul_lantern":5,"minecraft:diamond_sword":40,"minecraft:coal_block":129,"minecraft:wooden_sword":39,"minecraft:grindstone":3,"minecraft:white_stained_glass":8,"minecraft:waxed_oxidized_cut_copper_stairs":35,"minecraft:chain":3,"minecraft:oak_boat":1,"minecraft:white_concrete":2860,"minecraft:tropical_fish_bucket":8,"minecraft:bone_meal":523,"minecraft:oak_fence":271,"minecraft:oak_trapdoor":37,"minecraft:netherite_sword":81,"minecraft:music_disc_otherside":2,"minecraft:rose_bush":10,"minecraft:iron_bars":87,"minecraft:stone_sword":2,"minecraft:orange_concrete":53,"minecraft:flint_and_steel":7,"minecraft:carved_pumpkin":4,"minecraft:armor_stand":44,"minecraft:red_concrete":66,"minecraft:redstone":148,"minecraft:stone_shovel":43,"minecraft:spruce_planks":3154,"minecraft:tinted_glass":31,"minecraft:ender_chest":62,"minecraft:wooden_shovel":21,"minecraft:structure_block":38,"minecraft:netherrack":4,"minecraft:oak_door":2,"minecraft:orange_stained_glass":2,"minecraft:torch":19,"minecraft:dirt":70,"minecraft:target":7,"minecraft:anvil":21,"minecraft:white_carpet":55,"minecraft:hopper":20,"minecraft:spruce_stairs":257,"minecraft:cod_bucket":3,"minecraft:spruce_fence":164,"minecraft:light_blue_stained_glass":135,"minecraft:oak_fence_gate":10,"minecraft:polished_diorite":457,"minecraft:birch_door":1,"minecraft:purple_stained_glass_pane":5,"minecraft:red_shulker_box":14,"minecraft:dark_oak_planks":209,"minecraft:sea_lantern":113,"minecraft:bookshelf":57,"minecraft:iron_block":136,"minecraft:light_weighted_pressure_plate":2,"minecraft:oak_stairs":296,"minecraft:slime_block":30,"minecraft:brick_stairs":54,"minecraft:chicken_spawn_egg":7,"minecraft:smooth_quartz":577,"minecraft:barrel":60,"minecraft:tripwire_hook":1,"minecraft:purple_concrete":32,"minecraft:golden_carrot":4,"minecraft:black_stained_glass":1,"minecraft:emerald_block":1,"minecraft:deepslate_tile_stairs":52,"minecraft:black_dye":3,"minecraft:trapped_chest":1,"minecraft:stone_pressure_plate":11,"minecraft:cooked_beef":9,"minecraft:red_dye":15,"minecraft:observer":10,"minecraft:powder_snow_bucket":10,"minecraft:horn_coral_fan":4,"minecraft:brain_coral_block":28,"minecraft:calcite":118,"minecraft:quartz_bricks":158,"minecraft:wheat_seeds":48,"minecraft:yellow_banner":1,"minecraft:water_bucket":225,"minecraft:jigsaw":1,"minecraft:cobblestone_stairs":145,"minecraft:tube_coral_block":31,"minecraft:dirt_path":1,"minecraft:lodestone":22,"minecraft:birch_planks":2378,"minecraft:polished_andesite":2294,"minecraft:cartography_table":7,"minecraft:waxed_oxidized_cut_copper":104,"minecraft:purple_glazed_terracotta":4,"minecraft:spruce_sign":5,"minecraft:white_dye":22,"minecraft:beacon":1,"minecraft:fletching_table":5,"minecraft:glow_ink_sac":71,"minecraft:cobblestone_slab":16,"minecraft:deepslate_bricks":2760,"minecraft:polished_blackstone_pressure_plate":2,"minecraft:comparator":12,"minecraft:rail":18,"minecraft:stripped_dark_oak_log":7,"minecraft:vine":57,"minecraft:oak_slab":116,"minecraft:tnt":2,"minecraft:crafting_table":18,"minecraft:red_bed":89,"minecraft:campfire":23,"minecraft:white_bed":24,"minecraft:painting":48,"minecraft:cake":16,"minecraft:smoker":1,"minecraft:dark_oak_door":28,"minecraft:oak_log":471,"minecraft:blue_stained_glass_pane":25,"minecraft:piston":14,"minecraft:netherite_block":42,"minecraft:wooden_hoe":1,"minecraft:yellow_dye":2,"minecraft:light":647,"minecraft:command_block":554,"minecraft:netherite_axe":3,"minecraft:spruce_pressure_plate":2,"minecraft:magenta_concrete":280,"minecraft:cyan_concrete":48,"minecraft:leather_helmet":1,"minecraft:spruce_trapdoor":84,"minecraft:yellow_wool":13,"minecraft:crimson_nylium":6,"minecraft:chiseled_stone_bricks":121,"minecraft:fire_coral_block":37,"minecraft:cobblestone":75,"minecraft:potion":1,"minecraft:azalea_leaves":9,"minecraft:orange_banner":19,"minecraft:white_banner":3,"minecraft:chain_command_block":391,"minecraft:red_banner":44,"minecraft:bucket":4,"minecraft:glass_pane":37,"minecraft:magenta_glazed_terracotta":40,"minecraft:repeating_command_block":87,"minecraft:polished_blackstone_button":15,"minecraft:sea_pickle":25,"minecraft:stripped_oak_log":174,"minecraft:purple_carpet":4,"minecraft:jukebox":9,"minecraft:smooth_stone":5,"minecraft:candle":4,"minecraft:soul_torch":4,"minecraft:pillager_spawn_egg":3,"minecraft:birch_stairs":24}},"DataVersion":2975}