{"stats":{"minecraft:dropped":{"minecraft:light":1,"minecraft:jack_o_lantern":2,"minecraft:writable_book":1,"minecraft:bell":1,"minecraft:written_book":2},"minecraft:picked_up":{"minecraft:barrier":2,"minecraft:light":1,"minecraft:bell":2,"minecraft:written_book":2,"minecraft:wooden_shovel":1,"minecraft:chain_command_block":2,"minecraft:daylight_detector":1,"minecraft:repeating_command_block":1,"minecraft:campfire":1,"minecraft:lever":1,"minecraft:carved_pumpkin":2,"minecraft:jack_o_lantern":10},"minecraft:used":{"minecraft:azalea":13,"minecraft:peony":6,"minecraft:moss_block":62,"minecraft:water_bucket":11,"minecraft:moss_carpet":33,"minecraft:jack_o_lantern":1,"minecraft:writable_book":3,"minecraft:flint_and_steel":23,"minecraft:carved_pumpkin":1,"minecraft:birch_planks":1,"minecraft:polished_andesite":1,"minecraft:oak_planks":178,"minecraft:brown_mushroom":3,"minecraft:grass":18,"minecraft:bell":2,"minecraft:wooden_shovel":115,"minecraft:sugar_cane":6,"minecraft:player_head":2,"minecraft:farmland":7,"minecraft:anvil":1,"minecraft:dirt":3,"minecraft:sand":15,"minecraft:rail":1,"minecraft:light_blue_concrete":11,"minecraft:red_mushroom":2,"minecraft:spruce_stairs":1,"minecraft:carrot":1,"minecraft:yellow_concrete":22,"minecraft:chiseled_quartz_block":5,"minecraft:dripstone_block":2,"minecraft:glow_lichen":4,"minecraft:spruce_fence":19,"minecraft:obsidian":2,"minecraft:oak_fence_gate":7,"minecraft:polished_diorite":1,"minecraft:small_amethyst_bud":1,"minecraft:small_dripleaf":5,"minecraft:big_dripleaf":12,"minecraft:lever":5,"minecraft:dark_oak_planks":18,"minecraft:light":2,"minecraft:flowering_azalea":2,"minecraft:stripped_dark_oak_wood":232,"minecraft:quartz_pillar":14,"minecraft:daylight_detector":6,"minecraft:crying_obsidian":3,"minecraft:dark_oak_log":56,"minecraft:lantern":19,"minecraft:grass_block":328,"minecraft:barrier":5,"minecraft:spruce_pressure_plate":3,"minecraft:spruce_trapdoor":31,"minecraft:bamboo":10,"minecraft:birch_button":5,"minecraft:birch_trapdoor":9,"minecraft:repeater":1,"minecraft:redstone_lamp":77,"minecraft:azalea_leaves":2,"minecraft:tall_grass":5,"minecraft:written_book":2,"minecraft:jungle_button":2,"minecraft:dark_oak_fence":1,"minecraft:white_stained_glass":104,"minecraft:sea_pickle":5,"minecraft:white_concrete":220,"minecraft:dandelion":6,"minecraft:pumpkin":8,"minecraft:bone_meal":1,"minecraft:seagrass":7,"minecraft:candle":24,"minecraft:birch_stairs":17,"minecraft:pointed_dripstone":18,"minecraft:dark_oak_sapling":2},"minecraft:custom":{"minecraft:interact_with_anvil":1,"minecraft:open_barrel":3,"minecraft:open_shulker_box":3,"minecraft:leave_game":4,"minecraft:sleep_in_bed":4,"minecraft:time_since_death":243366,"minecraft:climb_one_cm":3582,"minecraft:time_since_rest":243420,"minecraft:sprint_one_cm":177724,"minecraft:open_enderchest":2,"minecraft:damage_taken":3299,"minecraft:walk_one_cm":436796,"minecraft:drop":7,"minecraft:swim_one_cm":15770,"minecraft:fly_one_cm":3039847,"minecraft:open_chest":10,"minecraft:crouch_one_cm":1167,"minecraft:play_time":420519,"minecraft:deaths":1,"minecraft:sneak_time":2674,"minecraft:walk_under_water_one_cm":31410,"minecraft:interact_with_lectern":12,"minecraft:jump":1439,"minecraft:walk_on_water_one_cm":18412,"minecraft:total_world_time":420519,"minecraft:fall_one_cm":8203}},"DataVersion":2975}