{"stats":{"minecraft:used":{"minecraft:deepslate_brick_wall":40,"minecraft:trident":2,"minecraft:moss_carpet":27,"minecraft:chiseled_deepslate":31,"minecraft:birch_planks":101,"minecraft:spruce_slab":72,"minecraft:redstone":49,"minecraft:oak_planks":50,"minecraft:light_gray_carpet":4,"minecraft:spruce_planks":8,"minecraft:cauldron":2,"minecraft:player_head":17,"minecraft:mossy_stone_brick_slab":6,"minecraft:deepslate_bricks":22,"minecraft:polished_deepslate_slab":15,"minecraft:brewing_stand":3,"minecraft:spyglass":3,"minecraft:light_gray_banner":5,"minecraft:rail":7,"minecraft:comparator":6,"minecraft:vine":12,"minecraft:oak_slab":24,"minecraft:crafting_table":1,"minecraft:loom":1,"minecraft:spruce_stairs":28,"minecraft:weathered_cut_copper_stairs":6,"minecraft:deepslate_tile_slab":4,"minecraft:deepslate_brick_slab":14,"minecraft:yellow_carpet":7,"minecraft:painting":48,"minecraft:glow_lichen":7,"minecraft:spruce_log":5,"minecraft:dark_oak_door":2,"minecraft:polished_deepslate_stairs":20,"minecraft:redstone_torch":19,"minecraft:oak_log":23,"minecraft:lever":15,"minecraft:honey_block":18,"minecraft:bookshelf":3,"minecraft:birch_fence_gate":9,"minecraft:command_block":11,"minecraft:lantern":13,"minecraft:light_gray_candle":3,"minecraft:acacia_slab":6,"minecraft:polished_deepslate_wall":17,"minecraft:polished_blackstone_brick_wall":6,"minecraft:mossy_cobblestone_slab":3,"minecraft:item_frame":44,"minecraft:tripwire_hook":1,"minecraft:blue_candle":3,"minecraft:repeater":19,"minecraft:bow":11,"minecraft:potion":2,"minecraft:scaffolding":3,"minecraft:smithing_table":1,"minecraft:white_banner":16,"minecraft:grindstone":1,"minecraft:deepslate_tile_stairs":14,"minecraft:dark_oak_fence":8,"minecraft:red_banner":5,"minecraft:chain":6,"minecraft:sea_pickle":5,"minecraft:stone_pressure_plate":2,"minecraft:mossy_stone_brick_wall":18,"minecraft:smooth_stone":13,"minecraft:light_gray_bed":1,"minecraft:splash_potion":2,"minecraft:birch_stairs":15,"minecraft:cobweb":44},"minecraft:dropped":{"minecraft:red_banner":1,"minecraft:item_frame":1},"minecraft:custom":{"minecraft:interact_with_smithing_table":1,"minecraft:mob_kills":1,"minecraft:tune_noteblock":2,"minecraft:open_barrel":1,"minecraft:interact_with_loom":1,"minecraft:leave_game":3,"minecraft:time_since_death":210758,"minecraft:climb_one_cm":7389,"minecraft:time_since_rest":210758,"minecraft:sprint_one_cm":173986,"minecraft:damage_taken":20,"minecraft:walk_one_cm":168646,"minecraft:drop":2,"minecraft:fly_one_cm":583516,"minecraft:target_hit":8,"minecraft:open_chest":3,"minecraft:crouch_one_cm":1153,"minecraft:play_time":210758,"minecraft:sneak_time":1418,"minecraft:jump":772,"minecraft:interact_with_brewingstand":6,"minecraft:total_world_time":210758,"minecraft:fall_one_cm":615,"minecraft:use_cauldron":2},"minecraft:picked_up":{"minecraft:item_frame":1,"minecraft:bell":1,"minecraft:red_banner":1,"minecraft:painting":3},"minecraft:killed":{"minecraft:zombie":1}},"DataVersion":2975}