{"stats":{"minecraft:used":{"minecraft:orange_stained_glass":6,"minecraft:dark_oak_planks":103,"minecraft:stone":120,"minecraft:smooth_quartz":45,"minecraft:magenta_stained_glass":23},"minecraft:custom":{"minecraft:jump":21,"minecraft:time_since_rest":46398,"minecraft:leave_game":1,"minecraft:crouch_one_cm":1520,"minecraft:play_time":46398,"minecraft:damage_taken":20,"minecraft:time_since_death":46398,"minecraft:walk_one_cm":13527,"minecraft:sneak_time":2160,"minecraft:total_world_time":46398,"minecraft:fall_one_cm":518,"minecraft:fly_one_cm":288223}},"DataVersion":2975}