{"stats":{"minecraft:used":{"minecraft:birch_fence":1,"minecraft:deepslate_tiles":3,"minecraft:dark_oak_planks":1,"minecraft:dark_oak_stairs":1,"minecraft:jack_o_lantern":1,"minecraft:writable_book":2,"minecraft:black_concrete":11,"minecraft:flint_and_steel":38,"minecraft:smooth_quartz_slab":30,"minecraft:command_block":33,"minecraft:carved_pumpkin":1,"minecraft:birch_planks":2,"minecraft:grass_block":107,"minecraft:redstone":13,"minecraft:oak_planks":1,"minecraft:lectern":2,"minecraft:redstone_block":33,"minecraft:smooth_quartz":1,"minecraft:bell":11,"minecraft:deepslate_bricks":5,"minecraft:item_frame":1,"minecraft:bedrock":2,"minecraft:smooth_quartz_stairs":12,"minecraft:repeater":21,"minecraft:dirt":2,"minecraft:bow":6,"minecraft:comparator":3,"minecraft:emerald_block":1,"minecraft:written_book":5,"minecraft:white_concrete":2,"minecraft:beehive":1,"minecraft:spruce_fence":53},"minecraft:dropped":{"minecraft:diamond_sword":1,"minecraft:wooden_axe":1,"minecraft:bow":1,"minecraft:written_book":4,"minecraft:grass_block":1},"minecraft:custom":{"minecraft:time_since_rest":13921,"minecraft:sprint_one_cm":85347,"minecraft:open_enderchest":2,"minecraft:walk_one_cm":114627,"minecraft:interact_with_anvil":1,"minecraft:drop":8,"minecraft:swim_one_cm":2170,"minecraft:fly_one_cm":1057177,"minecraft:open_barrel":2,"minecraft:open_chest":5,"minecraft:crouch_one_cm":7146,"minecraft:play_time":162137,"minecraft:deaths":1,"minecraft:sneak_time":4785,"minecraft:bell_ring":4,"minecraft:walk_under_water_one_cm":6060,"minecraft:interact_with_lectern":4,"minecraft:jump":1714,"minecraft:eat_cake_slice":6,"minecraft:leave_game":8,"minecraft:time_since_death":70674,"minecraft:walk_on_water_one_cm":758,"minecraft:sleep_in_bed":1,"minecraft:total_world_time":162137,"minecraft:fall_one_cm":209},"minecraft:picked_up":{"minecraft:diamond_sword":1,"minecraft:writable_book":1,"minecraft:bell":2,"minecraft:written_book":1,"minecraft:book":1}},"DataVersion":2975}