{"stats":{"minecraft:picked_up":{"minecraft:light_blue_concrete":1},"minecraft:used":{"minecraft:birch_fence":32,"minecraft:deepslate_brick_wall":13,"minecraft:oak_fence":18,"minecraft:oak_trapdoor":17,"minecraft:lever":1,"minecraft:moss_carpet":2,"minecraft:netherite_block":7,"minecraft:water_bucket":16,"minecraft:light":66,"minecraft:iron_shovel":3,"minecraft:snow_block":7,"minecraft:flint_and_steel":7,"minecraft:iron_block":1,"minecraft:yellow_stained_glass":41,"minecraft:lantern":2,"minecraft:grass_block":273,"minecraft:oak_stairs":45,"minecraft:polished_blackstone":60,"minecraft:oak_button":5,"minecraft:stone_button":1,"minecraft:andesite_slab":4,"minecraft:polished_blackstone_brick_stairs":3,"minecraft:brown_mushroom":5,"minecraft:structure_void":4,"minecraft:glow_ink_sac":1,"minecraft:warped_sign":1,"minecraft:grass":15,"minecraft:bell":9,"minecraft:cat_spawn_egg":3,"minecraft:smooth_sandstone_stairs":11,"minecraft:deepslate_bricks":1,"minecraft:polished_blackstone_bricks":31,"minecraft:oak_leaves":38,"minecraft:orange_stained_glass":140,"minecraft:dark_oak_trapdoor":40,"minecraft:dirt":3,"minecraft:sand":30,"minecraft:anvil":3,"minecraft:snow":39,"minecraft:vine":9,"minecraft:light_blue_concrete":195,"minecraft:oak_sapling":7,"minecraft:white_stained_glass":66,"minecraft:andesite_stairs":4,"minecraft:yellow_concrete":23,"minecraft:chain":4,"minecraft:stripped_oak_log":65,"minecraft:red_dye":1,"minecraft:spruce_fence":47,"minecraft:bone_meal":207,"minecraft:oak_fence_gate":17,"minecraft:milk_bucket":2,"minecraft:big_dripleaf":3,"minecraft:fern":6,"minecraft:orange_candle":8},"minecraft:custom":{"minecraft:time_since_rest":123884,"minecraft:sprint_one_cm":180887,"minecraft:damage_taken":30,"minecraft:walk_one_cm":203050,"minecraft:interact_with_anvil":8,"minecraft:swim_one_cm":1696,"minecraft:fly_one_cm":1395306,"minecraft:open_chest":3,"minecraft:crouch_one_cm":2877,"minecraft:play_time":180094,"minecraft:sneak_time":4401,"minecraft:walk_under_water_one_cm":5070,"minecraft:jump":966,"minecraft:leave_game":3,"minecraft:time_since_death":180094,"minecraft:walk_on_water_one_cm":2493,"minecraft:sleep_in_bed":1,"minecraft:total_world_time":180094,"minecraft:climb_one_cm":5315,"minecraft:fall_one_cm":566}},"DataVersion":2975}