{"stats":{"minecraft:used":{"minecraft:polished_andesite":1,"minecraft:lever":3,"minecraft:quartz_pillar":1,"minecraft:command_block":3},"minecraft:custom":{"minecraft:jump":378,"minecraft:time_since_rest":42359,"minecraft:damage_taken":600,"minecraft:crouch_one_cm":4,"minecraft:leave_game":3,"minecraft:sprint_one_cm":53970,"minecraft:play_time":83474,"minecraft:walk_one_cm":24175,"minecraft:time_since_death":42338,"minecraft:deaths":2,"minecraft:sneak_time":223,"minecraft:total_world_time":83474,"minecraft:fall_one_cm":6771,"minecraft:fly_one_cm":433275}},"DataVersion":2975}