{
  "type": "minecraft:entity",
  "pools": [
     {
      "bonus_rolls": 0.0,
      "conditions": [
        {
          "condition": "minecraft:killed_by_player"
        }
      ],
      "entries": [
	    {
          "type": "minecraft:item",
          "functions": [
            {
              "add": false,
              "count": {
                "type": "minecraft:uniform",
                "max": 1.0,
                "min": 1.0
              },
              "function": "minecraft:set_count"
            }
          ],
          "name": "minecraft:blue_dye"
        }
      ],
      "rolls": 1.0
    },
    {
      "bonus_rolls": 0.0,
      "conditions": [
        {
          "condition": "minecraft:killed_by_player"
        }
      ],
      "entries": [
	    {
          "type": "minecraft:item",
          "functions": [
            {
              "add": false,
              "count": {
                "type": "minecraft:uniform",
                "max": 3.0,
                "min": 3.0
              },
              "function": "minecraft:set_count"
            }
          ],
          "name": "minecraft:cocoa_beans"
        }
      ],
      "rolls": 1.0
    },
    {
      "bonus_rolls": 0.0,
      "entries": [
        {
          "type": "minecraft:item",
          "functions": [
            {
              "add": false,
              "count": {
                "type": "minecraft:uniform",
                "max": 2.0,
                "min": 0.0
              },
              "function": "minecraft:set_count"
            },
            {
              "count": {
                "type": "minecraft:uniform",
                "max": 1.0,
                "min": 0.0
              },
              "function": "minecraft:looting_enchant"
            }
          ],
          "name": "minecraft:emerald"
        }
      ],
      "rolls": 1.0
    },
    {
      "bonus_rolls": 0.0,
      "conditions": [
        {
          "condition": "minecraft:entity_properties",
          "entity": "killer",
          "predicate": {
            "type": "#minecraft:skeletons"
          }
        }
      ],
      "entries": [
        {
          "type": "minecraft:tag",
          "expand": true,
          "name": "minecraft:creeper_drop_music_discs"
        }
      ],
      "rolls": 1.0
    }
  ],
  "random_sequence": "minecraft:entities/creeper"
}