[
    {
        "function": "minecraft:set_lore",
        "lore": [
            [
                {
                    "text": "- ",
                    "color": "gray",
                    "italic": false
                },
                {
                    "selector": "@s",
                    "italic": true,
                    "color": "white"
                },
                {
                    "text": " 已添加信任签名",
                    "color": "gray",
                    "italic": true
                }
            ]
        ],
        "entity": "this",
        "mode": "append"
    }
]