[
    {
        "function": "set_custom_data",
        "tag": "{ps_photopaper:10,ps_photo:1}"
    },
    {
        "function": "set_components",
        "components": {
            "item_name": "\"相片\"",
            "custom_model_data": 4
        }
    },
    {
        "function": "set_lore",
        "mode": "replace_all",
        "lore": [
            [
                {
                    "text": "摄影：",
                    "color": "gray"
                },
                {
                    "selector": "@s"
                }
            ],
            [
                {
                    "text": "【红沙发照相馆】",
                    "color": "dark_gray"
                }
            ]
        ]
    }
]