{"stats":{"minecraft:dropped":{"minecraft:cooked_beef":1,"minecraft:red_stained_glass":1,"minecraft:lightning_rod":2,"minecraft:bow":1,"minecraft:chain_command_block":1,"minecraft:gray_carpet":263,"minecraft:redstone_block":62,"minecraft:stone_brick_slab":1,"minecraft:redstone":3},"minecraft:custom":{"minecraft:mob_kills":1,"minecraft:inspect_hopper":26,"minecraft:traded_with_villager":9,"minecraft:open_barrel":5,"minecraft:interact_with_campfire":8,"minecraft:leave_game":6,"minecraft:time_since_death":98,"minecraft:sleep_in_bed":2,"minecraft:climb_one_cm":2735,"minecraft:time_since_rest":128,"minecraft:sprint_one_cm":541413,"minecraft:damage_taken":2590,"minecraft:walk_one_cm":698638,"minecraft:drop":23,"minecraft:use_wand":6767,"minecraft:damage_dealt":140,"minecraft:talked_to_villager":28,"minecraft:fly_one_cm":7389755,"minecraft:open_chest":25,"minecraft:crouch_one_cm":15234,"minecraft:play_time":1504885,"minecraft:deaths":34,"minecraft:sneak_time":18163,"minecraft:walk_under_water_one_cm":67,"minecraft:jump":6598,"minecraft:walk_on_water_one_cm":2377,"minecraft:total_world_time":1754330,"minecraft:fall_one_cm":53975},"minecraft:used":{"minecraft:bamboo_trapdoor":49,"minecraft:writable_book":1,"minecraft:iron_bars":7229,"minecraft:cobblestone_stairs":2,"minecraft:spruce_door":1,"minecraft:snow_block":308,"minecraft:polished_andesite":100,"minecraft:red_stained_glass":4,"minecraft:red_concrete":51,"minecraft:redstone":72,"minecraft:dark_oak_sign":2,"minecraft:mangrove_planks":2,"minecraft:bamboo_sign":1,"minecraft:polished_basalt":16,"minecraft:chest":5,"minecraft:stone":212,"minecraft:redstone_block":60,"minecraft:white_dye":1,"minecraft:bell":3,"minecraft:glow_ink_sac":4,"minecraft:bamboo_door":2,"minecraft:cracked_stone_bricks":19,"minecraft:smooth_quartz_stairs":12,"minecraft:debug_stick":19,"minecraft:polished_blackstone_pressure_plate":9,"minecraft:dirt":3,"minecraft:comparator":7,"minecraft:white_carpet":1,"minecraft:tnt":3,"minecraft:hopper":10,"minecraft:crimson_trapdoor":7,"minecraft:birch_sign":10,"minecraft:white_bed":4,"minecraft:campfire":5,"minecraft:polar_bear_spawn_egg":1,"minecraft:stone_brick_wall":28,"minecraft:painting":2,"minecraft:spruce_fence":7,"minecraft:bamboo_button":4,"minecraft:dark_oak_door":1,"minecraft:lightning_rod":2,"minecraft:dark_oak_planks":11,"minecraft:redstone_torch":12,"minecraft:birch_door":1,"minecraft:glass":29,"minecraft:sticky_piston":14,"minecraft:packed_ice":36,"minecraft:stone_brick_slab":2,"minecraft:lever":2,"minecraft:black_wool":15,"minecraft:black_concrete":79,"minecraft:netherite_shovel":3,"minecraft:birch_hanging_sign":1,"minecraft:mangrove_door":1,"minecraft:command_block":87,"minecraft:dark_oak_log":3,"minecraft:spruce_wood":10,"minecraft:red_wool":7,"minecraft:iron_block":6,"minecraft:string":6,"constructionwand:infinity_wand":500,"minecraft:barrier":133,"minecraft:stone_button":8,"minecraft:spawner":2,"minecraft:spruce_trapdoor":1,"minecraft:smooth_quartz":34,"minecraft:iron_door":3,"minecraft:gravel":1,"minecraft:barrel":1,"minecraft:stone_brick_stairs":55,"minecraft:stone_bricks":336,"minecraft:repeater":62,"minecraft:porkchop":3,"minecraft:emerald_block":2,"minecraft:coal_block":19,"minecraft:birch_trapdoor":1,"minecraft:birch_button":9,"minecraft:tripwire_hook":1,"minecraft:cobblestone":2,"minecraft:red_carpet":41,"minecraft:redstone_lamp":30,"minecraft:brown_carpet":14,"minecraft:snow":963,"minecraft:written_book":1,"minecraft:hay_block":4,"minecraft:scaffolding":37,"minecraft:white_banner":6,"minecraft:cooked_porkchop":4,"minecraft:mangrove_slab":26,"minecraft:crimson_door":3,"minecraft:andesite":3,"minecraft:chain_command_block":101,"minecraft:lapis_block":4,"minecraft:repeating_command_block":55,"minecraft:polished_blackstone_button":5,"minecraft:brush":1,"minecraft:stone_pressure_plate":5,"minecraft:red_dye":3,"minecraft:cooked_beef":8,"minecraft:gray_wool":111,"minecraft:polished_blackstone_stairs":2,"minecraft:pointed_dripstone":92,"minecraft:smooth_stone":1377},"minecraft:picked_up":{"minecraft:redstone_block":90,"minecraft:birch_button":2,"minecraft:sticky_piston":1,"minecraft:red_carpet":46,"minecraft:gray_carpet":321,"minecraft:bow":1,"minecraft:iron_ingot":113,"minecraft:redstone_torch":2,"minecraft:scaffolding":2,"minecraft:stick":373,"minecraft:chain_command_block":1,"minecraft:cooked_porkchop":7,"minecraft:stone_brick_slab":1,"minecraft:gravel":1,"minecraft:porkchop":5,"minecraft:lightning_rod":2,"minecraft:pointed_dripstone":1,"minecraft:diorite":5,"minecraft:redstone":1,"minecraft:bamboo_button":4,"minecraft:polished_blackstone_pressure_plate":7,"minecraft:lever":3,"minecraft:polished_blackstone_button":3,"minecraft:granite":15,"minecraft:bread":3,"minecraft:oak_sapling":1,"minecraft:snowball":44,"minecraft:cobblestone":55},"minecraft:crafted":{"minecraft:air":0,"minecraft:bow":2,"minecraft:gray_carpet":7},"minecraft:killed":{"minecraft:pig":1}},"DataVersion":3465}