{"stats":{"minecraft:custom":{"minecraft:leave_game":3,"minecraft:time_since_death":1477,"minecraft:climb_one_cm":1561,"minecraft:time_since_rest":1501,"minecraft:sprint_one_cm":159263,"minecraft:walk_one_cm":215455,"minecraft:damage_taken":240,"minecraft:fly_one_cm":1602360,"minecraft:open_chest":3,"minecraft:crouch_one_cm":7637,"minecraft:play_time":393512,"minecraft:deaths":3,"minecraft:sneak_time":7116,"minecraft:walk_under_water_one_cm":1388,"minecraft:jump":1184,"minecraft:walk_on_water_one_cm":6213,"minecraft:total_world_time":419099},"minecraft:picked_up":{"minecraft:lantern":1,"minecraft:stone_button":4,"minecraft:bone_meal":2},"minecraft:used":{"minecraft:dark_oak_stairs":89,"minecraft:water_bucket":2,"minecraft:iron_bars":360,"minecraft:cobblestone_stairs":2,"minecraft:flint_and_steel":8,"minecraft:wither_skeleton_skull":3,"minecraft:snow_block":664,"minecraft:dark_oak_hanging_sign":4,"minecraft:dark_oak_sign":4,"minecraft:polished_andesite":21,"minecraft:stone_shovel":1,"minecraft:spruce_slab":226,"minecraft:polished_blackstone":102,"minecraft:mangrove_planks":120,"minecraft:ladder":17,"minecraft:oak_sign":8,"minecraft:chest":3,"minecraft:spruce_planks":20,"minecraft:creeper_head":10,"minecraft:redstone_block":2,"minecraft:composter":8,"minecraft:white_dye":7,"minecraft:cobblestone_slab":1,"minecraft:glow_ink_sac":16,"minecraft:spruce_fence_gate":1,"minecraft:player_head":9,"minecraft:white_candle":8,"minecraft:debug_stick":23,"minecraft:blue_dye":2,"minecraft:white_carpet":3,"minecraft:green_dye":3,"minecraft:birch_sign":5,"minecraft:white_bed":1,"minecraft:campfire":4,"minecraft:ochre_froglight":40,"minecraft:painting":3,"minecraft:stone_brick_wall":9,"minecraft:spruce_fence":34,"minecraft:spruce_log":13,"minecraft:redstone_torch":27,"minecraft:andesite_wall":5,"minecraft:oak_log":16,"minecraft:glass":41,"minecraft:dark_oak_planks":203,"minecraft:yellow_dye":1,"minecraft:sea_lantern":45,"minecraft:black_concrete":142,"minecraft:netherite_shovel":1,"minecraft:mangrove_pressure_plate":1,"minecraft:mangrove_door":2,"minecraft:dark_oak_log":164,"minecraft:quartz_slab":42,"minecraft:command_block":31,"minecraft:red_wool":95,"minecraft:zombie_head":9,"minecraft:spruce_wood":43,"minecraft:lantern":4,"minecraft:barrier":77,"minecraft:stone_button":14,"minecraft:birch_hanging_sign":1,"minecraft:jungle_stairs":2,"minecraft:polished_granite":369,"minecraft:spruce_trapdoor":4,"minecraft:smooth_quartz":846,"minecraft:lime_dye":2,"minecraft:iron_door":8,"minecraft:dark_oak_button":1,"minecraft:flowering_azalea_leaves":150,"minecraft:stone_bricks":1,"minecraft:item_frame":4,"minecraft:chiseled_stone_bricks":5,"minecraft:birch_button":7,"minecraft:coal_block":19,"minecraft:glowstone":7,"minecraft:red_carpet":5,"minecraft:brown_carpet":14,"minecraft:cobblestone":13,"minecraft:snow":79,"minecraft:iron_trapdoor":1,"minecraft:mud_brick_wall":18,"minecraft:mangrove_slab":67,"minecraft:white_stained_glass":9,"minecraft:chain":5,"minecraft:glass_pane":6,"minecraft:stripped_cherry_log":11,"minecraft:red_dye":2,"minecraft:magenta_dye":2,"minecraft:smooth_stone":559}},"DataVersion":3578}