{"stats":{"minecraft:picked_up":{"minecraft:green_dye":5},"minecraft:killed_by":{"minecraft:player":2},"minecraft:custom":{"minecraft:jump":225,"minecraft:time_since_rest":1854,"minecraft:damage_dealt":124,"minecraft:crouch_one_cm":351,"minecraft:walk_one_cm":19248,"minecraft:play_time":52133,"minecraft:sprint_one_cm":20853,"minecraft:damage_taken":1245,"minecraft:time_since_death":1854,"minecraft:deaths":2,"minecraft:sneak_time":39,"minecraft:total_world_time":52133,"minecraft:fall_one_cm":7107,"minecraft:fly_one_cm":43912},"minecraft:mined":{"minecraft:green_concrete_powder":7},"minecraft:used":{"minecraft:netherite_axe":1,"minecraft:potion":1,"minecraft:splash_potion":1}},"DataVersion":3700}