{"stats":{"minecraft:killed_by":{"minecraft:vindicator":1,"minecraft:player":1},"minecraft:mined":{"minecraft:green_concrete_powder":11},"minecraft:custom":{"minecraft:interact_with_smithing_table":6,"minecraft:mob_kills":3,"minecraft:open_shulker_box":2,"minecraft:leave_game":20,"minecraft:time_since_death":1266,"minecraft:damage_resisted":101,"minecraft:time_since_rest":1267,"minecraft:damage_absorbed":160,"minecraft:sprint_one_cm":789865,"minecraft:damage_taken":1890,"minecraft:walk_one_cm":437565,"minecraft:damage_blocked_by_shield":1663,"minecraft:drop":24,"minecraft:damage_dealt":547,"minecraft:target_hit":35,"minecraft:fly_one_cm":10615766,"minecraft:crouch_one_cm":18274,"minecraft:play_time":1480836,"minecraft:deaths":10,"minecraft:sneak_time":60737,"minecraft:aviate_one_cm":18113674,"minecraft:jump":7929,"minecraft:total_world_time":1480836,"minecraft:fall_one_cm":96535},"minecraft:used":{"minecraft:mangrove_leaves":121,"minecraft:deepslate_brick_wall":2,"minecraft:short_grass":3,"minecraft:moss_block":407,"minecraft:bamboo_trapdoor":1,"minecraft:netherite_sword":3,"minecraft:blue_terracotta":17,"minecraft:end_rod":6,"minecraft:birch_planks":8,"minecraft:melon":4,"minecraft:oak_planks":10,"minecraft:stripped_birch_log":9,"minecraft:bundle":2,"minecraft:suspicious_sand":3,"minecraft:mud_brick_slab":2,"minecraft:spruce_slab":14,"minecraft:elytra":4,"minecraft:lime_wool":541,"minecraft:bone_block":5,"minecraft:birch_wood":4,"minecraft:light_blue_terracotta":39,"minecraft:black_carpet":22,"minecraft:andesite_slab":28,"minecraft:lime_concrete_powder":14,"minecraft:white_concrete_powder":15,"minecraft:wooden_pickaxe":7,"minecraft:shield":22,"minecraft:white_terracotta":3,"minecraft:stone":8,"minecraft:brown_concrete":266,"minecraft:stripped_birch_wood":173,"minecraft:player_head":12,"minecraft:green_terracotta":1087,"minecraft:white_wool":44,"minecraft:lime_terracotta":1029,"minecraft:sand":1,"minecraft:target":5,"minecraft:terracotta":1,"minecraft:yellow_terracotta":61,"minecraft:white_carpet":96,"minecraft:lime_stained_glass_pane":2,"minecraft:blue_stained_glass":3,"minecraft:light_blue_wool":6,"minecraft:spruce_stairs":1,"minecraft:light_gray_terracotta":19,"minecraft:jungle_slab":4,"minecraft:yellow_concrete":14,"minecraft:orange_wool":4,"minecraft:pink_terracotta":4,"minecraft:dark_oak_fence_gate":16,"minecraft:tuff":20,"minecraft:cyan_wool":2,"minecraft:light_blue_stained_glass":4,"minecraft:stripped_spruce_log":13,"minecraft:cyan_stained_glass":7,"minecraft:purple_concrete_powder":4,"minecraft:birch_fence":30,"minecraft:black_terracotta":104,"minecraft:brown_terracotta":901,"minecraft:gray_terracotta":566,"minecraft:dark_oak_planks":1,"minecraft:green_concrete":438,"minecraft:lever":4,"minecraft:cyan_terracotta":22,"minecraft:black_wool":87,"minecraft:firework_rocket":323,"minecraft:birch_fence_gate":54,"minecraft:birch_slab":179,"minecraft:stripped_jungle_log":7,"minecraft:stripped_bamboo_block":58,"minecraft:lime_carpet":21,"minecraft:red_wool":33,"minecraft:muddy_mangrove_roots":10,"minecraft:rooted_dirt":32,"minecraft:string":157,"minecraft:brown_wool":123,"minecraft:barrier":164,"minecraft:packed_mud":6,"minecraft:stone_button":7,"minecraft:green_wool":867,"minecraft:spruce_pressure_plate":1,"minecraft:jungle_stairs":5,"minecraft:dark_oak_slab":49,"minecraft:spruce_trapdoor":15,"minecraft:pink_wool":20,"minecraft:yellow_wool":127,"minecraft:yellow_concrete_powder":8,"minecraft:light_gray_wool":3,"minecraft:green_carpet":145,"minecraft:birch_trapdoor":25,"minecraft:green_shulker_box":12,"minecraft:purple_concrete":1,"minecraft:red_carpet":1,"minecraft:bow":152,"minecraft:lime_concrete":5,"minecraft:brown_carpet":7,"minecraft:azalea_leaves":958,"minecraft:mangrove_roots":1,"minecraft:jungle_button":4,"minecraft:mud_brick_wall":3,"minecraft:stripped_oak_wood":12,"minecraft:smithing_table":1,"minecraft:dark_oak_fence":3,"minecraft:andesite":18,"minecraft:green_concrete_powder":92,"minecraft:andesite_stairs":6,"minecraft:birch_log":5,"minecraft:enchanted_golden_apple":1,"minecraft:black_candle":2,"minecraft:pink_stained_glass":37,"minecraft:green_stained_glass_pane":2,"minecraft:splash_potion":12,"minecraft:stone_pressure_plate":19,"minecraft:granite_wall":3,"minecraft:pointed_dripstone":22,"minecraft:white_concrete":1429,"minecraft:coarse_dirt":44,"minecraft:gray_wool":6,"minecraft:purple_wool":6,"minecraft:brown_candle":14,"minecraft:orange_terracotta":5,"minecraft:birch_stairs":64,"minecraft:brown_concrete_powder":21,"minecraft:hanging_roots":9,"minecraft:lime_glazed_terracotta":27,"minecraft:green_stained_glass":1},"minecraft:crafted":{"minecraft:netherite_helmet":1},"minecraft:killed":{"minecraft:pig":1,"minecraft:vindicator":1,"minecraft:silverfish":1},"minecraft:dropped":{"minecraft:player_head":2,"minecraft:yellow_concrete":1,"minecraft:netherite_sword":1,"minecraft:wheat":1,"minecraft:pointed_dripstone":1,"minecraft:barrier":1,"minecraft:lime_terracotta":1,"minecraft:yellow_terracotta":1,"minecraft:white_carpet":1,"minecraft:elytra":3,"minecraft:bow":1,"minecraft:firework_rocket":132,"minecraft:green_wool":2},"minecraft:picked_up":{"minecraft:barrier":1,"minecraft:splash_potion":4,"minecraft:bow":1,"minecraft:player_head":2,"minecraft:green_dye":12,"minecraft:lime_wool":1,"minecraft:green_carpet":8,"minecraft:green_terracotta":1,"minecraft:firework_rocket":128,"minecraft:green_wool":2,"minecraft:saddle":2}},"DataVersion":3700}