{"stats":{"minecraft:killed":{"minecraft:vindicator":6},"minecraft:used":{"minecraft:turtle_spawn_egg":10,"minecraft:trident":112,"minecraft:brown_terracotta":3,"minecraft:firework_rocket":22,"minecraft:iron_block":2,"minecraft:carrot_on_a_stick":20,"minecraft:barrier":1,"minecraft:brown_concrete":3,"minecraft:zombie_spawn_egg":6,"minecraft:stripped_birch_wood":2,"minecraft:vindicator_spawn_egg":11,"minecraft:target":5,"minecraft:crossbow":47,"minecraft:splash_potion":627},"minecraft:custom":{"minecraft:time_since_rest":2855,"minecraft:sprint_one_cm":1500883,"minecraft:damage_taken":800,"minecraft:walk_one_cm":830948,"minecraft:mob_kills":6,"minecraft:drop":25,"minecraft:damage_dealt":107,"minecraft:fly_one_cm":932824,"minecraft:target_hit":2,"minecraft:pig_one_cm":47929,"minecraft:play_time":145402,"minecraft:deaths":8,"minecraft:sneak_time":832,"minecraft:aviate_one_cm":539294,"minecraft:jump":2511,"minecraft:leave_game":4,"minecraft:time_since_death":2854,"minecraft:total_world_time":145402,"minecraft:damage_resisted":63054,"minecraft:fall_one_cm":48656},"minecraft:dropped":{"minecraft:iron_block":2,"minecraft:sea_lantern":2,"minecraft:trident":2,"minecraft:player_head":2,"minecraft:bundle":1,"minecraft:stripped_birch_wood":2,"minecraft:brown_terracotta":4,"minecraft:saddle":1,"minecraft:splash_potion":6,"minecraft:brown_concrete":3},"minecraft:picked_up":{"minecraft:splash_potion":8,"minecraft:brown_terracotta":2,"minecraft:brown_concrete":1,"minecraft:sea_lantern":1,"minecraft:netherite_sword":1,"minecraft:iron_block":1,"minecraft:player_head":2,"minecraft:stripped_birch_wood":1}},"DataVersion":3700}