{"stats":{"minecraft:killed":{"minecraft:player":3},"minecraft:picked_up":{"minecraft:splash_potion":1,"minecraft:brown_terracotta":2,"minecraft:brown_concrete":2,"minecraft:trident":2,"minecraft:green_carpet":1,"minecraft:sea_lantern":1,"minecraft:iron_block":1,"minecraft:stripped_birch_wood":1,"minecraft:green_dye":46},"minecraft:crafted":{"minecraft:leather_boots":1,"minecraft:leather_helmet":1},"minecraft:custom":{"minecraft:time_since_rest":41473,"minecraft:walk_one_cm":471994,"minecraft:sprint_one_cm":587337,"minecraft:damage_taken":1931,"minecraft:damage_blocked_by_shield":763,"minecraft:damage_dealt":1039,"minecraft:interact_with_crafting_table":10,"minecraft:fly_one_cm":3883465,"minecraft:player_kills":3,"minecraft:crouch_one_cm":3553,"minecraft:play_time":1342745,"minecraft:deaths":8,"minecraft:sneak_time":7060,"minecraft:jump":8892,"minecraft:leave_game":15,"minecraft:time_since_death":41472,"minecraft:total_world_time":1380929,"minecraft:damage_resisted":5209,"minecraft:fall_one_cm":102094},"minecraft:mined":{"minecraft:green_concrete_powder":47},"minecraft:used":{"minecraft:wooden_axe":5,"minecraft:netherite_sword":11,"minecraft:brown_terracotta":464,"minecraft:trident":74,"minecraft:moss_block":42,"minecraft:flower_pot":1,"minecraft:gray_terracotta":4,"minecraft:lever":1,"minecraft:green_concrete":9,"minecraft:light":7,"minecraft:cyan_terracotta":29,"minecraft:command_block":13,"minecraft:birch_slab":8,"minecraft:muddy_mangrove_roots":154,"minecraft:red_stained_glass":52,"minecraft:grass_block":4,"minecraft:barrier":71,"minecraft:oak_button":3,"minecraft:lime_wool":2,"minecraft:green_wool":8,"minecraft:netherite_axe":2,"minecraft:black_carpet":5,"minecraft:shield":140,"minecraft:stone":69,"minecraft:brown_concrete":45,"minecraft:pink_wool":5,"minecraft:stripped_birch_wood":31,"minecraft:player_head":7,"minecraft:farmland":5,"minecraft:green_terracotta":14,"minecraft:green_carpet":9,"minecraft:soul_sand":3,"minecraft:lime_terracotta":28,"minecraft:potion":1,"minecraft:bow":4,"minecraft:azalea_leaves":65,"minecraft:mangrove_roots":9,"minecraft:crafting_table":16,"minecraft:stripped_oak_wood":24,"minecraft:green_concrete_powder":60,"minecraft:yellow_concrete":28,"minecraft:pink_stained_glass":19,"minecraft:dripstone_block":1,"minecraft:gray_concrete":4,"minecraft:white_concrete":247,"minecraft:pointed_dripstone":10}},"DataVersion":3700}