{
	"format_version": "1.12.0",
	"minecraft:geometry": [
		{
			"description": {
				"identifier": "geometry.unknown",
				"texture_width": 128,
				"texture_height": 128,
				"visible_bounds_width": 4,
				"visible_bounds_height": 3.5,
				"visible_bounds_offset": [0, 1.25, 0]
			},
			"bones": [
				{
					"name": "anthor",
					"pivot": [0, 0, 0],
					"cubes": [
						{
							"origin": [-24, -1, 7.5],
							"size": [1, 36, 1],
							"pivot": [0, 0, 8],
							"rotation": [15, 0, 0],
							"uv": {
								"north": {"uv": [46, 28], "uv_size": [1, 36]},
								"east": {"uv": [47, 28], "uv_size": [1, 36]},
								"south": {"uv": [0, 48], "uv_size": [1, 36]},
								"west": {"uv": [1, 48], "uv_size": [1, 36]},
								"up": {"uv": [48, 34], "uv_size": [1, 1]},
								"down": {"uv": [48, 36], "uv_size": [1, -1]}
							}
						},
						{
							"origin": [23, -1, 7.5],
							"size": [1, 36, 1],
							"pivot": [0, 0, 8],
							"rotation": [15, 0, 0],
							"uv": {
								"north": {"uv": [2, 48], "uv_size": [1, 36]},
								"east": {"uv": [3, 48], "uv_size": [1, 36]},
								"south": {"uv": [4, 48], "uv_size": [1, 36]},
								"west": {"uv": [5, 48], "uv_size": [1, 36]},
								"up": {"uv": [48, 36], "uv_size": [1, 1]},
								"down": {"uv": [48, 38], "uv_size": [1, -1]}
							}
						},
						{
							"origin": [-24, -1, -8.5],
							"size": [1, 36, 1],
							"pivot": [0, 0, -8],
							"rotation": [-15, 0, 0],
							"uv": {
								"north": {"uv": [10, 48], "uv_size": [1, 36]},
								"east": {"uv": [11, 48], "uv_size": [1, 36]},
								"south": {"uv": [12, 48], "uv_size": [1, 36]},
								"west": {"uv": [13, 48], "uv_size": [1, 36]},
								"up": {"uv": [40, 48], "uv_size": [1, 1]},
								"down": {"uv": [48, 41], "uv_size": [1, -1]}
							}
						},
						{
							"origin": [23, -1, -8.5],
							"size": [1, 36, 1],
							"pivot": [0, 0, -8],
							"rotation": [-15, 0, 0],
							"uv": {
								"north": {"uv": [6, 48], "uv_size": [1, 36]},
								"east": {"uv": [7, 48], "uv_size": [1, 36]},
								"south": {"uv": [8, 48], "uv_size": [1, 36]},
								"west": {"uv": [9, 48], "uv_size": [1, 36]},
								"up": {"uv": [48, 38], "uv_size": [1, 1]},
								"down": {"uv": [48, 40], "uv_size": [1, -1]}
							}
						},
						{
							"origin": [-23, 29, -0.5],
							"size": [46, 1, 1],
							"uv": {
								"north": {"uv": [46, 18], "uv_size": [46, 1]},
								"east": {"uv": [48, 32], "uv_size": [1, 1]},
								"south": {"uv": [46, 19], "uv_size": [46, 1]},
								"west": {"uv": [48, 33], "uv_size": [1, 1]},
								"up": {"uv": [46, 20], "uv_size": [46, 1]},
								"down": {"uv": [46, 22], "uv_size": [46, -1]}
							}
						}
					]
				},
				{
					"name": "floor1",
					"parent": "anthor",
					"pivot": [0, 21.5, 0],
					"cubes": [
						{
							"origin": [-23, 21, -4.5],
							"size": [46, 1, 9],
							"uv": {
								"north": {"uv": [46, 26], "uv_size": [46, 1]},
								"east": {"uv": [48, 30], "uv_size": [9, 1]},
								"south": {"uv": [46, 27], "uv_size": [46, 1]},
								"west": {"uv": [48, 31], "uv_size": [9, 1]},
								"up": {"uv": [46, 0], "uv_size": [46, 9]},
								"down": {"uv": [46, 18], "uv_size": [46, -9]}
							}
						}
					]
				},
				{
					"name": "floor2",
					"parent": "anthor",
					"pivot": [0, 14.5, 0],
					"cubes": [
						{
							"origin": [-23, 14, -5.5],
							"size": [46, 1, 11],
							"uv": {
								"north": {"uv": [46, 24], "uv_size": [46, 1]},
								"east": {"uv": [48, 28], "uv_size": [11, 1]},
								"south": {"uv": [46, 25], "uv_size": [46, 1]},
								"west": {"uv": [48, 29], "uv_size": [11, 1]},
								"up": {"uv": [0, 26], "uv_size": [46, 11]},
								"down": {"uv": [0, 48], "uv_size": [46, -11]}
							}
						}
					]
				},
				{
					"name": "floor3",
					"parent": "anthor",
					"pivot": [0, 7.5, 0],
					"cubes": [
						{
							"origin": [-23, 7, -6.5],
							"size": [46, 1, 13],
							"uv": {
								"north": {"uv": [46, 22], "uv_size": [46, 1]},
								"east": {"uv": [14, 48], "uv_size": [13, 1]},
								"south": {"uv": [46, 23], "uv_size": [46, 1]},
								"west": {"uv": [27, 48], "uv_size": [13, 1]},
								"up": {"uv": [0, 0], "uv_size": [46, 13]},
								"down": {"uv": [0, 26], "uv_size": [46, -13]}
							}
						}
					]
				}
			]
		}
	]
}