{
	"format_version": "1.12.0",
	"minecraft:geometry": [
		{
			"description": {
				"identifier": "geometry.unknown",
				"texture_width": 32,
				"texture_height": 32,
				"visible_bounds_width": 2,
				"visible_bounds_height": 1.5,
				"visible_bounds_offset": [0, 0.25, 0]
			},
			"bones": [
				{
					"name": "anthor",
					"pivot": [0, 0, 0]
				},
				{
					"name": "bottom",
					"parent": "anthor",
					"pivot": [0, 0, 0],
					"cubes": [
						{
							"origin": [-2, 0, -3],
							"size": [4, 1, 6],
							"uv": {
								"north": {"uv": [19, 6], "uv_size": [4, 1]},
								"east": {"uv": [1, 18], "uv_size": [6, 1]},
								"south": {"uv": [8, 19], "uv_size": [4, 1]},
								"west": {"uv": [18, 7], "uv_size": [6, 1]},
								"up": {"uv": [0, 0], "uv_size": [4, 6]},
								"down": {"uv": [4, 6], "uv_size": [4, -6]}
							}
						},
						{
							"origin": [2, 0, -2],
							"size": [1, 1, 4],
							"uv": {
								"north": {"uv": [17, 22], "uv_size": [1, 1]},
								"east": {"uv": [19, 10], "uv_size": [4, 1]},
								"south": {"uv": [22, 18], "uv_size": [1, 1]},
								"west": {"uv": [19, 11], "uv_size": [4, 1]},
								"up": {"uv": [5, 19], "uv_size": [1, 4]},
								"down": {"uv": [6, 23], "uv_size": [1, -4]}
							}
						},
						{
							"origin": [-3, 0, -2],
							"size": [1, 1, 4],
							"uv": {
								"north": {"uv": [19, 22], "uv_size": [1, 1]},
								"east": {"uv": [12, 19], "uv_size": [4, 1]},
								"south": {"uv": [22, 19], "uv_size": [1, 1]},
								"west": {"uv": [19, 12], "uv_size": [4, 1]},
								"up": {"uv": [19, 13], "uv_size": [1, 4]},
								"down": {"uv": [19, 21], "uv_size": [1, -4]}
							}
						}
					]
				},
				{
					"name": "side1",
					"parent": "anthor",
					"pivot": [0, 0, 0],
					"cubes": [
						{
							"origin": [-2, 1, 2],
							"size": [4, 6, 1],
							"uv": {
								"north": {"uv": [0, 6], "uv_size": [4, 6]},
								"east": {"uv": [7, 18], "uv_size": [1, 6]},
								"south": {"uv": [4, 6], "uv_size": [4, 6]},
								"west": {"uv": [18, 8], "uv_size": [1, 6]},
								"up": {"uv": [19, 8], "uv_size": [4, 1]},
								"down": {"uv": [19, 10], "uv_size": [4, -1]}
							}
						},
						{
							"origin": [-3.26, 0.01, 1.35],
							"size": [1.41, 7, 1],
							"pivot": [-2.705, 0.5, 2.5],
							"rotation": [0, -45, 0],
							"uv": {
								"north": {"uv": [8, 12], "uv_size": [1, 7]},
								"east": {"uv": [9, 12], "uv_size": [1, 7]},
								"south": {"uv": [10, 12], "uv_size": [1, 7]},
								"west": {"uv": [11, 12], "uv_size": [1, 7]},
								"up": {"uv": [20, 22], "uv_size": [1, 1]},
								"down": {"uv": [22, 21], "uv_size": [1, -1]}
							}
						}
					]
				},
				{
					"name": "side2",
					"parent": "anthor",
					"pivot": [0, 0, 0],
					"rotation": [0, -90, 0],
					"cubes": [
						{
							"origin": [-2, 1, 2],
							"size": [4, 6, 1],
							"uv": {
								"north": {"uv": [8, 0], "uv_size": [4, 6]},
								"east": {"uv": [18, 14], "uv_size": [1, 6]},
								"south": {"uv": [8, 6], "uv_size": [4, 6]},
								"west": {"uv": [19, 0], "uv_size": [1, 6]},
								"up": {"uv": [20, 0], "uv_size": [4, 1]},
								"down": {"uv": [20, 2], "uv_size": [4, -1]}
							}
						},
						{
							"origin": [-3.26, 0.01, 1.35],
							"size": [1.41, 7, 1],
							"pivot": [-2.705, 0.5, 2.5],
							"rotation": [0, -45, 0],
							"uv": {
								"north": {"uv": [12, 12], "uv_size": [1, 7]},
								"east": {"uv": [13, 12], "uv_size": [1, 7]},
								"south": {"uv": [14, 12], "uv_size": [1, 7]},
								"west": {"uv": [15, 12], "uv_size": [1, 7]},
								"up": {"uv": [21, 22], "uv_size": [1, 1]},
								"down": {"uv": [22, 22], "uv_size": [1, -1]}
							}
						}
					]
				},
				{
					"name": "side3",
					"parent": "anthor",
					"pivot": [0, 0, 0],
					"rotation": [-180, 0, 180],
					"cubes": [
						{
							"origin": [-2, 1, 2],
							"size": [4, 6, 1],
							"uv": {
								"north": {"uv": [0, 12], "uv_size": [4, 6]},
								"east": {"uv": [1, 19], "uv_size": [1, 6]},
								"south": {"uv": [12, 0], "uv_size": [4, 6]},
								"west": {"uv": [2, 19], "uv_size": [1, 6]},
								"up": {"uv": [20, 2], "uv_size": [4, 1]},
								"down": {"uv": [20, 4], "uv_size": [4, -1]}
							}
						},
						{
							"origin": [-3.26, 0.01, 1.35],
							"size": [1.41, 7, 1],
							"pivot": [-2.705, 0.5, 2.5],
							"rotation": [0, -45, 0],
							"uv": {
								"north": {"uv": [16, 0], "uv_size": [1, 7]},
								"east": {"uv": [16, 7], "uv_size": [1, 7]},
								"south": {"uv": [16, 14], "uv_size": [1, 7]},
								"west": {"uv": [17, 0], "uv_size": [1, 7]},
								"up": {"uv": [22, 22], "uv_size": [1, 1]},
								"down": {"uv": [5, 24], "uv_size": [1, -1]}
							}
						}
					]
				},
				{
					"name": "side4",
					"parent": "anthor",
					"pivot": [0, 0, 0],
					"rotation": [0, 90, 0],
					"cubes": [
						{
							"origin": [-2, 1, 2],
							"size": [4, 6, 1],
							"uv": {
								"north": {"uv": [4, 12], "uv_size": [4, 6]},
								"east": {"uv": [3, 19], "uv_size": [1, 6]},
								"south": {"uv": [12, 6], "uv_size": [4, 6]},
								"west": {"uv": [4, 19], "uv_size": [1, 6]},
								"up": {"uv": [20, 4], "uv_size": [4, 1]},
								"down": {"uv": [20, 6], "uv_size": [4, -1]}
							}
						},
						{
							"origin": [-3.26, 0.01, 1.35],
							"size": [1.41, 7, 1],
							"pivot": [-2.705, 0.5, 2.5],
							"rotation": [0, -45, 0],
							"uv": {
								"north": {"uv": [17, 7], "uv_size": [1, 7]},
								"east": {"uv": [17, 14], "uv_size": [1, 7]},
								"south": {"uv": [0, 18], "uv_size": [1, 7]},
								"west": {"uv": [18, 0], "uv_size": [1, 7]},
								"up": {"uv": [6, 23], "uv_size": [1, 1]},
								"down": {"uv": [23, 7], "uv_size": [1, -1]}
							}
						}
					]
				},
				{
					"name": "handle",
					"parent": "anthor",
					"pivot": [0, 4.91777, -5.36665],
					"cubes": [
						{
							"origin": [-0.5, 5, -5.25],
							"size": [1, 1, 3],
							"uv": {
								"north": {"uv": [21, 13], "uv_size": [1, 1]},
								"east": {"uv": [8, 20], "uv_size": [3, 1]},
								"south": {"uv": [21, 14], "uv_size": [1, 1]},
								"west": {"uv": [11, 20], "uv_size": [3, 1]},
								"up": {"uv": [20, 13], "uv_size": [1, 3]},
								"down": {"uv": [14, 23], "uv_size": [1, -3]}
							}
						},
						{
							"origin": [-0.5, 1, -5.25],
							"size": [1, 1, 3],
							"uv": {
								"north": {"uv": [21, 15], "uv_size": [1, 1]},
								"east": {"uv": [20, 16], "uv_size": [3, 1]},
								"south": {"uv": [16, 21], "uv_size": [1, 1]},
								"west": {"uv": [20, 17], "uv_size": [3, 1]},
								"up": {"uv": [15, 20], "uv_size": [1, 3]},
								"down": {"uv": [18, 23], "uv_size": [1, -3]}
							}
						},
						{
							"origin": [-0.5, 2.81738, -6.09524],
							"size": [1, 1.37, 1],
							"uv": {
								"north": {"uv": [17, 21], "uv_size": [1, 1]},
								"east": {"uv": [21, 18], "uv_size": [1, 1]},
								"south": {"uv": [19, 21], "uv_size": [1, 1]},
								"west": {"uv": [21, 19], "uv_size": [1, 1]},
								"up": {"uv": [21, 20], "uv_size": [1, 1]},
								"down": {"uv": [21, 22], "uv_size": [1, -1]}
							}
						},
						{
							"origin": [-0.49, 3.88238, -5.71946],
							"size": [0.98, 2, 1],
							"pivot": [0, 4.88238, -5.21946],
							"rotation": [-25, 0, 0],
							"uv": {
								"north": {"uv": [20, 18], "uv_size": [1, 2]},
								"east": {"uv": [20, 20], "uv_size": [1, 2]},
								"south": {"uv": [8, 21], "uv_size": [1, 2]},
								"west": {"uv": [9, 21], "uv_size": [1, 2]},
								"up": {"uv": [22, 13], "uv_size": [1, 1]},
								"down": {"uv": [22, 15], "uv_size": [1, -1]}
							}
						},
						{
							"origin": [-0.49, 1.11762, -5.71946],
							"size": [0.98, 2, 1],
							"pivot": [0, 2.11762, -5.21946],
							"rotation": [25, 0, 0],
							"uv": {
								"north": {"uv": [10, 21], "uv_size": [1, 2]},
								"east": {"uv": [11, 21], "uv_size": [1, 2]},
								"south": {"uv": [12, 21], "uv_size": [1, 2]},
								"west": {"uv": [13, 21], "uv_size": [1, 2]},
								"up": {"uv": [22, 15], "uv_size": [1, 1]},
								"down": {"uv": [16, 23], "uv_size": [1, -1]}
							}
						}
					]
				}
			]
		}
	]
}