{
	"format_version": "1.8.0",
	"animations": {
		"animation.unknown.go": {
			"loop": true,
			"animation_length": 0.52,
			"bones": {
				"wheel1": {
					"rotation": {
						"0.0": [0, 0, 0],
						"0.52": [360, 0, 0]
					}
				},
				"wheel2": {
					"rotation": {
						"0.0": [0, 0, 0],
						"0.52": [360, 0, 0]
					}
				},
				"wheel3": {
					"rotation": {
						"0.0": [0, 0, 0],
						"0.52": [360, 0, 0]
					}
				},
				"wheel4": {
					"rotation": {
						"0.0": [0, 0, 0],
						"0.52": [360, 0, 0]
					}
				}
			}
		}
	},
	"geckolib_format_version": 2
}