{
	"credit": "Made with Blockbench",
	"texture_size": [32, 32],
	"textures": {
		"1": "move/headphone"
	},
	"elements": [
		{
			"from": [4, 9, 6.5],
			"to": [12, 10, 9.5],
			"faces": {
				"north": {"uv": [6.5, 0, 10.5, 0.5], "texture": "#1"},
				"east": {"uv": [7.5, 3, 9, 3.5], "texture": "#1"},
				"south": {"uv": [6.5, 0.5, 10.5, 1], "texture": "#1"},
				"west": {"uv": [7.5, 3.5, 9, 4], "texture": "#1"},
				"up": {"uv": [4, 1.5, 0, 0], "texture": "#1"},
				"down": {"uv": [4, 1.5, 0, 3], "texture": "#1"}
			}
		},
		{
			"from": [1.5, 2, 6],
			"to": [3.5, 3, 10],
			"faces": {
				"north": {"uv": [4, 8, 5, 8.5], "texture": "#1"},
				"east": {"uv": [7, 4, 9, 4.5], "texture": "#1"},
				"south": {"uv": [5, 8, 6, 8.5], "texture": "#1"},
				"west": {"uv": [7, 4.5, 9, 5], "texture": "#1"},
				"up": {"uv": [5, 6, 4, 4], "texture": "#1"},
				"down": {"uv": [1, 5, 0, 7], "texture": "#1"}
			}
		},
		{
			"from": [2, 3, 6.5],
			"to": [3, 7, 9.5],
			"faces": {
				"north": {"uv": [2, 7, 2.5, 9], "texture": "#1"},
				"east": {"uv": [4, 0, 5.5, 2], "texture": "#1"},
				"south": {"uv": [2.5, 7, 3, 9], "texture": "#1"},
				"west": {"uv": [4, 2, 5.5, 4], "texture": "#1"},
				"up": {"uv": [8, 7.5, 7.5, 6], "texture": "#1"},
				"down": {"uv": [8, 7.5, 7.5, 9], "texture": "#1"}
			}
		},
		{
			"from": [1.5, -2, 10],
			"to": [3.5, 2, 11],
			"faces": {
				"north": {"uv": [1, 5, 2, 7], "texture": "#1"},
				"east": {"uv": [3, 7, 3.5, 9], "texture": "#1"},
				"south": {"uv": [2, 5, 3, 7], "texture": "#1"},
				"west": {"uv": [3.5, 7, 4, 9], "texture": "#1"},
				"up": {"uv": [7, 8.5, 6, 8], "texture": "#1"},
				"down": {"uv": [9, 6, 8, 6.5], "texture": "#1"}
			}
		},
		{
			"from": [1.5, -3, 6],
			"to": [3.5, -2, 10],
			"faces": {
				"north": {"uv": [8, 6.5, 9, 7], "texture": "#1"},
				"east": {"uv": [7, 5, 9, 5.5], "texture": "#1"},
				"south": {"uv": [8, 7, 9, 7.5], "texture": "#1"},
				"west": {"uv": [7, 5.5, 9, 6], "texture": "#1"},
				"up": {"uv": [4, 7, 3, 5], "texture": "#1"},
				"down": {"uv": [6, 4, 5, 6], "texture": "#1"}
			}
		},
		{
			"from": [0.5, -2, 6],
			"to": [2.5, 2, 10],
			"faces": {
				"north": {"uv": [5.5, 0, 6.5, 2], "texture": "#1"},
				"east": {"uv": [0, 3, 2, 5], "texture": "#1"},
				"south": {"uv": [5.5, 2, 6.5, 4], "texture": "#1"},
				"west": {"uv": [2, 3, 4, 5], "texture": "#1"},
				"up": {"uv": [5, 8, 4, 6], "texture": "#1"},
				"down": {"uv": [7, 4, 6, 6], "texture": "#1"}
			}
		},
		{
			"from": [1.5, -2, 5],
			"to": [3.5, 2, 6],
			"faces": {
				"north": {"uv": [5, 6, 6, 8], "texture": "#1"},
				"east": {"uv": [7, 6, 7.5, 8], "texture": "#1"},
				"south": {"uv": [6, 6, 7, 8], "texture": "#1"},
				"west": {"uv": [7.5, 1, 8, 3], "texture": "#1"},
				"up": {"uv": [9, 8, 8, 7.5], "texture": "#1"},
				"down": {"uv": [9, 8, 8, 8.5], "texture": "#1"}
			}
		},
		{
			"from": [3, 8, 6.5],
			"to": [5, 9, 9.5],
			"faces": {
				"north": {"uv": [0, 8.5, 1, 9], "texture": "#1"},
				"east": {"uv": [8, 1, 9.5, 1.5], "texture": "#1"},
				"south": {"uv": [1, 8.5, 2, 9], "texture": "#1"},
				"west": {"uv": [8, 1.5, 9.5, 2], "texture": "#1"},
				"up": {"uv": [7.5, 2.5, 6.5, 1], "texture": "#1"},
				"down": {"uv": [7.5, 2.5, 6.5, 4], "texture": "#1"}
			}
		},
		{
			"from": [2, 7, 6.5],
			"to": [4, 8, 9.5],
			"faces": {
				"north": {"uv": [4, 8.5, 5, 9], "texture": "#1"},
				"east": {"uv": [8, 2, 9.5, 2.5], "texture": "#1"},
				"south": {"uv": [5, 8.5, 6, 9], "texture": "#1"},
				"west": {"uv": [8, 2.5, 9.5, 3], "texture": "#1"},
				"up": {"uv": [1, 8.5, 0, 7], "texture": "#1"},
				"down": {"uv": [2, 7, 1, 8.5], "texture": "#1"}
			}
		},
		{
			"from": [11, 8, 6.5],
			"to": [13, 9, 9.5],
			"rotation": {"angle": 0, "axis": "y", "origin": [16, 0, 0]},
			"faces": {
				"north": {"uv": [1, 8.5, 0, 9], "texture": "#1"},
				"east": {"uv": [9.5, 1.5, 8, 2], "texture": "#1"},
				"south": {"uv": [2, 8.5, 1, 9], "texture": "#1"},
				"west": {"uv": [9.5, 1, 8, 1.5], "texture": "#1"},
				"up": {"uv": [6.5, 2.5, 7.5, 1], "texture": "#1"},
				"down": {"uv": [6.5, 2.5, 7.5, 4], "texture": "#1"}
			}
		},
		{
			"from": [12, 7, 6.5],
			"to": [14, 8, 9.5],
			"rotation": {"angle": 0, "axis": "y", "origin": [16, 0, 0]},
			"faces": {
				"north": {"uv": [5, 8.5, 4, 9], "texture": "#1"},
				"east": {"uv": [9.5, 2.5, 8, 3], "texture": "#1"},
				"south": {"uv": [6, 8.5, 5, 9], "texture": "#1"},
				"west": {"uv": [9.5, 2, 8, 2.5], "texture": "#1"},
				"up": {"uv": [0, 8.5, 1, 7], "texture": "#1"},
				"down": {"uv": [1, 7, 2, 8.5], "texture": "#1"}
			}
		},
		{
			"from": [12.5, 2, 6],
			"to": [14.5, 3, 10],
			"rotation": {"angle": 0, "axis": "y", "origin": [16, 0, 0]},
			"faces": {
				"north": {"uv": [5, 8, 4, 8.5], "texture": "#1"},
				"east": {"uv": [9, 4.5, 7, 5], "texture": "#1"},
				"south": {"uv": [6, 8, 5, 8.5], "texture": "#1"},
				"west": {"uv": [9, 4, 7, 4.5], "texture": "#1"},
				"up": {"uv": [4, 6, 5, 4], "texture": "#1"},
				"down": {"uv": [0, 5, 1, 7], "texture": "#1"}
			}
		},
		{
			"from": [13, 3, 6.5],
			"to": [14, 7, 9.5],
			"rotation": {"angle": 0, "axis": "y", "origin": [16, 0, 0]},
			"faces": {
				"north": {"uv": [2.5, 7, 2, 9], "texture": "#1"},
				"east": {"uv": [5.5, 2, 4, 4], "texture": "#1"},
				"south": {"uv": [3, 7, 2.5, 9], "texture": "#1"},
				"west": {"uv": [5.5, 0, 4, 2], "texture": "#1"},
				"up": {"uv": [7.5, 7.5, 8, 6], "texture": "#1"},
				"down": {"uv": [7.5, 7.5, 8, 9], "texture": "#1"}
			}
		},
		{
			"from": [12.5, -2, 10],
			"to": [14.5, 2, 11],
			"rotation": {"angle": 0, "axis": "y", "origin": [16, 0, 0]},
			"faces": {
				"north": {"uv": [2, 5, 1, 7], "texture": "#1"},
				"east": {"uv": [4, 7, 3.5, 9], "texture": "#1"},
				"south": {"uv": [3, 5, 2, 7], "texture": "#1"},
				"west": {"uv": [3.5, 7, 3, 9], "texture": "#1"},
				"up": {"uv": [6, 8.5, 7, 8], "texture": "#1"},
				"down": {"uv": [8, 6, 9, 6.5], "texture": "#1"}
			}
		},
		{
			"from": [12.5, -3, 6],
			"to": [14.5, -2, 10],
			"rotation": {"angle": 0, "axis": "y", "origin": [16, 0, 0]},
			"faces": {
				"north": {"uv": [9, 6.5, 8, 7], "texture": "#1"},
				"east": {"uv": [9, 5.5, 7, 6], "texture": "#1"},
				"south": {"uv": [9, 7, 8, 7.5], "texture": "#1"},
				"west": {"uv": [9, 5, 7, 5.5], "texture": "#1"},
				"up": {"uv": [3, 7, 4, 5], "texture": "#1"},
				"down": {"uv": [5, 4, 6, 6], "texture": "#1"}
			}
		},
		{
			"from": [13.5, -2, 6],
			"to": [15.5, 2, 10],
			"rotation": {"angle": 0, "axis": "y", "origin": [16, 0, 0]},
			"faces": {
				"north": {"uv": [6.5, 0, 5.5, 2], "texture": "#1"},
				"east": {"uv": [4, 3, 2, 5], "texture": "#1"},
				"south": {"uv": [6.5, 2, 5.5, 4], "texture": "#1"},
				"west": {"uv": [2, 3, 0, 5], "texture": "#1"},
				"up": {"uv": [4, 8, 5, 6], "texture": "#1"},
				"down": {"uv": [6, 4, 7, 6], "texture": "#1"}
			}
		},
		{
			"from": [12.5, -2, 5],
			"to": [14.5, 2, 6],
			"rotation": {"angle": 0, "axis": "y", "origin": [16, 0, 0]},
			"faces": {
				"north": {"uv": [6, 6, 5, 8], "texture": "#1"},
				"east": {"uv": [8, 1, 7.5, 3], "texture": "#1"},
				"south": {"uv": [7, 6, 6, 8], "texture": "#1"},
				"west": {"uv": [7.5, 6, 7, 8], "texture": "#1"},
				"up": {"uv": [8, 8, 9, 7.5], "texture": "#1"},
				"down": {"uv": [8, 8, 9, 8.5], "texture": "#1"}
			}
		}
	],
	"display": {
		"thirdperson_righthand": {
			"translation": [0, 4.75, 2.5],
			"scale": [0.61, 0.61, 0.61]
		},
		"thirdperson_lefthand": {
			"translation": [0, 4.75, 2.5],
			"scale": [0.61, 0.61, 0.61]
		},
		"firstperson_righthand": {
			"rotation": [6, 9, 0],
			"translation": [0.5, 6.75, 0.75],
			"scale": [0.74, 0.74, 0.74]
		},
		"firstperson_lefthand": {
			"rotation": [6, 9, 0],
			"translation": [0.5, 6.75, 0.75],
			"scale": [0.74, 0.74, 0.74]
		},
		"ground": {
			"rotation": [-90, 0, 0],
			"translation": [0, 1, -5.5]
		},
		"gui": {
			"rotation": [30, 144, 0],
			"translation": [0, 4, 0],
			"scale": [0.9, 0.9, 0.9]
		},
		"head": {
			"translation": [-0.25, 10.75, 0],
			"scale": [1.4, 1.4, 1.4]
		},
		"fixed": {
			"translation": [0, 6, 0]
		}
	},
	"groups": [
		{
			"name": "group",
			"origin": [0, 0, 0],
			"color": 0,
			"children": [0, 1, 2, 3, 4, 5, 6, 7, 8, 9, 10, 11, 12, 13, 14, 15, 16]
		},
		{
			"name": "group",
			"origin": [0, 0, 0],
			"color": 0,
			"children": []
		}
	]
}