{
	"credit": "Made with Blockbench",
	"textures": {
		"0": "move/dodge",
		"particle": "move/dodge"
	},
	"elements": [
		{
			"from": [9.5, 1, 7],
			"to": [11.5, 4, 9],
			"faces": {
				"north": {"uv": [0, 0, 2, 3], "texture": "#0"},
				"east": {"uv": [0, 0, 2, 3], "texture": "#0"},
				"south": {"uv": [0, 0, 2, 3], "texture": "#0"},
				"west": {"uv": [0, 0, 2, 3], "texture": "#0"},
				"up": {"uv": [0, 0, 2, 2], "texture": "#0"},
				"down": {"uv": [0, 0, 2, 2], "texture": "#0"}
			}
		},
		{
			"from": [4.5, 1, 7],
			"to": [6.5, 4, 9],
			"faces": {
				"north": {"uv": [0, 0, 2, 3], "texture": "#0"},
				"east": {"uv": [0, 0, 2, 3], "texture": "#0"},
				"south": {"uv": [0, 0, 2, 3], "texture": "#0"},
				"west": {"uv": [0, 0, 2, 3], "texture": "#0"},
				"up": {"uv": [0, 0, 2, 2], "texture": "#0"},
				"down": {"uv": [0, 0, 2, 2], "texture": "#0"}
			}
		},
		{
			"from": [5.5, 0, 7],
			"to": [10.5, 1, 9],
			"faces": {
				"north": {"uv": [0, 0, 5, 1], "texture": "#0"},
				"east": {"uv": [0, 0, 2, 1], "texture": "#0"},
				"south": {"uv": [0, 0, 5, 1], "texture": "#0"},
				"west": {"uv": [0, 0, 2, 1], "texture": "#0"},
				"up": {"uv": [0, 0, 5, 2], "texture": "#0"},
				"down": {"uv": [0, 0, 5, 2], "texture": "#0"}
			}
		},
		{
			"from": [5.5, 4, 7],
			"to": [10.5, 5, 9],
			"faces": {
				"north": {"uv": [0, 0, 5, 1], "texture": "#0"},
				"east": {"uv": [0, 0, 2, 1], "texture": "#0"},
				"south": {"uv": [0, 0, 5, 1], "texture": "#0"},
				"west": {"uv": [0, 0, 2, 1], "texture": "#0"},
				"up": {"uv": [0, 0, 5, 2], "texture": "#0"},
				"down": {"uv": [0, 0, 5, 2], "texture": "#0"}
			}
		},
		{
			"from": [7, 1.5, 7.5],
			"to": [9, 3.5, 8.5],
			"faces": {
				"north": {"uv": [14, 0, 16, 2], "texture": "#0"},
				"east": {"uv": [15, 0, 16, 2], "texture": "#0"},
				"south": {"uv": [14, 0, 16, 2], "texture": "#0"},
				"west": {"uv": [15, 0, 16, 2], "texture": "#0"},
				"up": {"uv": [14, 0, 16, 1], "texture": "#0"},
				"down": {"uv": [14, 0, 16, 1], "texture": "#0"}
			}
		},
		{
			"from": [1, 1, 7.825],
			"to": [10, 9, 8.075],
			"faces": {
				"north": {"uv": [6, 8, 15, 16], "texture": "#0"},
				"south": {"uv": [15, 8, 6, 16], "texture": "#0"}
			}
		},
		{
			"from": [3.5, 1.75, 6.825],
			"to": [8.5, 6.75, 7.075],
			"faces": {
				"north": {"uv": [0, 11, 5, 16], "texture": "#0"},
				"south": {"uv": [5, 11, 0, 16], "texture": "#0"}
			}
		}
	],
	"gui_light": "front",
	"display": {
		"thirdperson_righthand": {
			"translation": [0, 5.25, 0],
			"scale": [0.6, 0.6, 0.6]
		},
		"thirdperson_lefthand": {
			"translation": [0, 4.25, 0],
			"scale": [0.49, 0.49, 0.49]
		},
		"firstperson_righthand": {
			"rotation": [-8, 130, -9],
			"translation": [-2.25, 5.75, 1.25],
			"scale": [0.6, 0.6, 0.6]
		},
		"firstperson_lefthand": {
			"rotation": [-8, -50, -9],
			"translation": [-2.25, 5.75, 1.25],
			"scale": [0.6, 0.6, 0.6]
		},
		"ground": {
			"rotation": [90, 0, 0],
			"translation": [0, -1, 5.5]
		},
		"gui": {
			"rotation": [15, 159, 0],
			"translation": [-1.25, 5, 0],
			"scale": [1.2, 1.2, 1.2]
		},
		"head": {
			"translation": [-3.5, 6.25, -6.5],
			"scale": [1.18, 1.18, 1.18]
		},
		"fixed": {
			"translation": [0, 4.25, -0.25]
		}
	}
}