{
	"credit": "Made with Blockbench",
	"textures": {
		"0": "move/bone"
	},
	"elements": [
		{
			"from": [3, -1, 3],
			"to": [5, 1, 13],
			"rotation": {"angle": 0, "axis": "y", "origin": [-4, 0, 0]},
			"faces": {
				"north": {"uv": [0, 0, 2, 2], "texture": "#0"},
				"east": {"uv": [0, 0, 10, 2], "texture": "#0"},
				"south": {"uv": [0, 0, 2, 2], "texture": "#0"},
				"west": {"uv": [0, 0, 10, 2], "texture": "#0"},
				"up": {"uv": [0, 0, 2, 10], "texture": "#0"},
				"down": {"uv": [0, 0, 2, 10], "texture": "#0"}
			}
		},
		{
			"from": [1, -1, 0],
			"to": [3, 1, 3],
			"rotation": {"angle": 45, "axis": "y", "origin": [4, 0, 1.5]},
			"faces": {
				"north": {"uv": [0, 0, 2, 2], "texture": "#0"},
				"east": {"uv": [0, 0, 3, 2], "texture": "#0"},
				"south": {"uv": [0, 0, 2, 2], "texture": "#0"},
				"west": {"uv": [0, 0, 3, 2], "texture": "#0"},
				"up": {"uv": [0, 0, 2, 3], "texture": "#0"},
				"down": {"uv": [0, 0, 2, 3], "texture": "#0"}
			}
		},
		{
			"from": [5, -1, 0],
			"to": [7, 1, 3],
			"rotation": {"angle": -45, "axis": "y", "origin": [4, 0, 1.5]},
			"faces": {
				"north": {"uv": [0, 0, 2, 2], "texture": "#0"},
				"east": {"uv": [0, 0, 3, 2], "texture": "#0"},
				"south": {"uv": [0, 0, 2, 2], "texture": "#0"},
				"west": {"uv": [0, 0, 3, 2], "texture": "#0"},
				"up": {"uv": [0, 0, 2, 3], "texture": "#0"},
				"down": {"uv": [0, 0, 2, 3], "texture": "#0"}
			}
		},
		{
			"from": [5, -1, 13],
			"to": [7, 1, 16],
			"rotation": {"angle": 45, "axis": "y", "origin": [4, 0, 14.5]},
			"faces": {
				"north": {"uv": [0, 0, 2, 2], "texture": "#0"},
				"east": {"uv": [0, 0, 3, 2], "texture": "#0"},
				"south": {"uv": [0, 0, 2, 2], "texture": "#0"},
				"west": {"uv": [0, 0, 3, 2], "texture": "#0"},
				"up": {"uv": [0, 0, 2, 3], "texture": "#0"},
				"down": {"uv": [0, 0, 2, 3], "texture": "#0"}
			}
		},
		{
			"from": [1, -1, 13],
			"to": [3, 1, 16],
			"rotation": {"angle": -45, "axis": "y", "origin": [4, 0, 14.5]},
			"faces": {
				"north": {"uv": [0, 0, 2, 2], "texture": "#0"},
				"east": {"uv": [0, 0, 3, 2], "texture": "#0"},
				"south": {"uv": [0, 0, 2, 2], "texture": "#0"},
				"west": {"uv": [0, 0, 3, 2], "texture": "#0"},
				"up": {"uv": [0, 0, 2, 3], "texture": "#0"},
				"down": {"uv": [0, 0, 2, 3], "texture": "#0"}
			}
		},
		{
			"from": [16, -1, 3],
			"to": [18, 1, 13],
			"rotation": {"angle": 0, "axis": "y", "origin": [9, 0, 0]},
			"faces": {
				"north": {"uv": [0, 0, 2, 2], "texture": "#0"},
				"east": {"uv": [0, 0, 10, 2], "texture": "#0"},
				"south": {"uv": [0, 0, 2, 2], "texture": "#0"},
				"west": {"uv": [0, 0, 10, 2], "texture": "#0"},
				"up": {"uv": [0, 0, 2, 10], "texture": "#0"},
				"down": {"uv": [0, 0, 2, 10], "texture": "#0"}
			}
		},
		{
			"from": [14, -1, 0],
			"to": [16, 1, 3],
			"rotation": {"angle": 45, "axis": "y", "origin": [17, 0, 1.5]},
			"faces": {
				"north": {"uv": [0, 0, 2, 2], "texture": "#0"},
				"east": {"uv": [0, 0, 3, 2], "texture": "#0"},
				"south": {"uv": [0, 0, 2, 2], "texture": "#0"},
				"west": {"uv": [0, 0, 3, 2], "texture": "#0"},
				"up": {"uv": [0, 0, 2, 3], "texture": "#0"},
				"down": {"uv": [0, 0, 2, 3], "texture": "#0"}
			}
		},
		{
			"from": [18, -1, 0],
			"to": [20, 1, 3],
			"rotation": {"angle": -45, "axis": "y", "origin": [17, 0, 1.5]},
			"faces": {
				"north": {"uv": [0, 0, 2, 2], "texture": "#0"},
				"east": {"uv": [0, 0, 3, 2], "texture": "#0"},
				"south": {"uv": [0, 0, 2, 2], "texture": "#0"},
				"west": {"uv": [0, 0, 3, 2], "texture": "#0"},
				"up": {"uv": [0, 0, 2, 3], "texture": "#0"},
				"down": {"uv": [0, 0, 2, 3], "texture": "#0"}
			}
		},
		{
			"from": [18, -1, 13],
			"to": [20, 1, 16],
			"rotation": {"angle": 45, "axis": "y", "origin": [17, 0, 14.5]},
			"faces": {
				"north": {"uv": [0, 0, 2, 2], "texture": "#0"},
				"east": {"uv": [0, 0, 3, 2], "texture": "#0"},
				"south": {"uv": [0, 0, 2, 2], "texture": "#0"},
				"west": {"uv": [0, 0, 3, 2], "texture": "#0"},
				"up": {"uv": [0, 0, 2, 3], "texture": "#0"},
				"down": {"uv": [0, 0, 2, 3], "texture": "#0"}
			}
		},
		{
			"from": [14, -1, 13],
			"to": [16, 1, 16],
			"rotation": {"angle": -45, "axis": "y", "origin": [17, 0, 14.5]},
			"faces": {
				"north": {"uv": [0, 0, 2, 2], "texture": "#0"},
				"east": {"uv": [0, 0, 3, 2], "texture": "#0"},
				"south": {"uv": [0, 0, 2, 2], "texture": "#0"},
				"west": {"uv": [0, 0, 3, 2], "texture": "#0"},
				"up": {"uv": [0, 0, 2, 3], "texture": "#0"},
				"down": {"uv": [0, 0, 2, 3], "texture": "#0"}
			}
		}
	],
	"display": {
		"thirdperson_righthand": {
			"rotation": [90, 0, 0],
			"translation": [0, 0, 10]
		},
		"thirdperson_lefthand": {
			"rotation": [90, 0, 0],
			"translation": [0, 0, 10]
		},
		"firstperson_righthand": {
			"rotation": [36, 0, 0],
			"translation": [4.5, 2.75, 2]
		},
		"firstperson_lefthand": {
			"rotation": [36, 0, 0],
			"translation": [4.5, 2.75, 0]
		},
		"ground": {
			"translation": [0, 5.75, 0]
		},
		"gui": {
			"rotation": [45, 50, 0],
			"translation": [0, 5, 0]
		},
		"head": {
			"rotation": [0, -90, 90],
			"translation": [-0.75, -26, -11],
			"scale": [2.2, 2.2, 2.2]
		},
		"fixed": {
			"rotation": [90, 90, 0],
			"translation": [0, 0, 7.5]
		}
	},
	"groups": [
		{
			"name": "group",
			"origin": [8, 0, 14.5],
			"color": 0,
			"children": [0, 1, 2, 3, 4]
		},
		{
			"name": "group",
			"origin": [8, 0, 14.5],
			"color": 0,
			"children": [5, 6, 7, 8, 9]
		}
	]
}