{
	"credit": "Made with Blockbench",
	"textures": {
		"1": "move/can",
		"2": "move/canglass2",
		"3": "move/canglass",
		"particle": "move/red_heart"
	},
	"elements": [
		{
			"from": [3, -1, 5],
			"to": [13, 1, 11],
			"faces": {
				"north": {"uv": [2, 14, 12, 16], "texture": "#1"},
				"east": {"uv": [1, 14, 7, 16], "texture": "#1"},
				"south": {"uv": [0, 14, 10, 16], "texture": "#1"},
				"west": {"uv": [0, 14, 6, 16], "texture": "#1"},
				"up": {"uv": [2, 4, 12, 10], "texture": "#1"},
				"down": {"uv": [3, 10, 13, 16], "texture": "#1"}
			}
		},
		{
			"from": [3, 12, 5],
			"to": [13, 14, 11],
			"faces": {
				"north": {"uv": [0, 14, 10, 16], "texture": "#1"},
				"east": {"uv": [0, 14, 6, 16], "texture": "#1"},
				"south": {"uv": [0, 14, 10, 16], "texture": "#1"},
				"west": {"uv": [0, 14, 6, 16], "texture": "#1"},
				"up": {"uv": [6, 10, 16, 16], "texture": "#1"},
				"down": {"uv": [2, 4, 12, 10], "texture": "#1"}
			}
		},
		{
			"from": [5, -1, 11],
			"to": [11, 1, 13],
			"faces": {
				"north": {"uv": [0, 0, 6, 2], "texture": "#1"},
				"east": {"uv": [0, 0, 2, 2], "texture": "#1"},
				"south": {"uv": [0, 14, 6, 16], "texture": "#1"},
				"west": {"uv": [0, 0, 2, 2], "texture": "#1"},
				"up": {"uv": [4, 0, 10, 2], "texture": "#1"},
				"down": {"uv": [0, 14, 6, 16], "texture": "#1"}
			}
		},
		{
			"from": [5, 12, 11],
			"to": [11, 14, 13],
			"faces": {
				"north": {"uv": [0, 0, 6, 2], "texture": "#1"},
				"east": {"uv": [0, 0, 2, 2], "texture": "#1"},
				"south": {"uv": [0, 13, 6, 15], "texture": "#1"},
				"west": {"uv": [0, 0, 2, 2], "texture": "#1"},
				"up": {"uv": [4, 10, 10, 12], "texture": "#1"},
				"down": {"uv": [4, 2, 10, 4], "texture": "#1"}
			}
		},
		{
			"from": [5, -1, 3],
			"to": [11, 1, 5],
			"faces": {
				"north": {"uv": [4, 14, 10, 16], "texture": "#1"},
				"east": {"uv": [0, 0, 2, 2], "texture": "#1"},
				"south": {"uv": [0, 0, 6, 2], "texture": "#1"},
				"west": {"uv": [0, 14, 2, 16], "texture": "#1"},
				"up": {"uv": [4, 2, 10, 4], "texture": "#1"},
				"down": {"uv": [4, 14, 10, 16], "texture": "#1"}
			}
		},
		{
			"from": [5, 12, 3],
			"to": [11, 14, 5],
			"faces": {
				"north": {"uv": [0, 14, 6, 16], "texture": "#1"},
				"east": {"uv": [0, 0, 2, 2], "texture": "#1"},
				"south": {"uv": [0, 0, 6, 2], "texture": "#1"},
				"west": {"uv": [0, 0, 2, 2], "texture": "#1"},
				"up": {"uv": [10, 14, 16, 16], "texture": "#1"},
				"down": {"uv": [4, 0, 10, 2], "texture": "#1"}
			}
		},
		{
			"from": [5.49, 1, 3.5],
			"to": [10.51, 12, 12.5],
			"faces": {
				"north": {"uv": [8, 0, 13.02, 11], "texture": "#2"},
				"east": {"uv": [0, 0, 9, 11], "texture": "#2"},
				"south": {"uv": [8, 0, 13.02, 11], "texture": "#2"},
				"west": {"uv": [0, 0, 9, 11], "texture": "#2"},
				"up": {"uv": [0, 0, 5.02, 9], "texture": "#2"},
				"down": {"uv": [0, 0, 5.02, 9], "texture": "#2"}
			}
		},
		{
			"from": [3.5, 1, 5.5],
			"to": [12.5, 12, 10.5],
			"faces": {
				"north": {"uv": [0, 0, 9, 11], "texture": "#3"},
				"east": {"uv": [8, 0, 13, 11], "texture": "#3"},
				"south": {"uv": [0, 0, 9, 11], "texture": "#3"},
				"west": {"uv": [8, 0, 13, 11], "texture": "#3"},
				"up": {"uv": [0, 0, 9, 5], "texture": "#2"},
				"down": {"uv": [0, 0, 9, 5], "texture": "#2"}
			}
		}
	],
	"display": {
		"thirdperson_righthand": {
			"translation": [0, -1.25, -0.25],
			"scale": [0.49, 0.49, 0.49]
		},
		"thirdperson_lefthand": {
			"translation": [0, -1.25, -0.25],
			"scale": [0.49, 0.49, 0.49]
		},
		"firstperson_righthand": {
			"rotation": [2, -45, 0],
			"translation": [0, 4.2, 1.13],
			"scale": [0.5, 0.5, 0.5]
		},
		"firstperson_lefthand": {
			"rotation": [2, -45, 0],
			"translation": [0, 4.2, 1.13],
			"scale": [0.5, 0.5, 0.5]
		},
		"ground": {
			"translation": [0, 5, 0],
			"scale": [0.9, 0.9, 0.9]
		},
		"gui": {
			"rotation": [15, -36, 0],
			"translation": [0, 1.25, 0],
			"scale": [0.85, 0.85, 0.85]
		},
		"head": {
			"translation": [0, -10.5, 0],
			"scale": [4, 4, 4]
		},
		"fixed": {
			"translation": [0, 2, 0]
		}
	},
	"groups": [
		{
			"name": "group",
			"origin": [0, 0, 0],
			"color": 0,
			"children": [0, 1, 2, 3, 4, 5]
		}, 6, 7]
}