{
	"credit": "Made with Blockbench",
	"textures": {
		"0": "move/piranha",
		"particle": "move/piranha"
	},
	"overrides": [
		{"predicate":{"custom_model_data":1},"model":"item/cod1"}
	],
	"elements": [
		{
			"from": [4, 0, 2],
			"to": [6, 3, 3],
			"faces": {
				"north": {"uv": [2, 6, 4, 9], "texture": "#0"},
				"east": {"uv": [0, 9, 1, 12], "texture": "#0"},
				"south": {"uv": [6, 4, 8, 7], "texture": "#0"},
				"west": {"uv": [1, 9, 2, 12], "texture": "#0"},
				"up": {"uv": [11, 6, 9, 5], "texture": "#0"},
				"down": {"uv": [11, 6, 9, 7], "texture": "#0"}
			}
		},
		{
			"from": [3, 0, 3],
			"to": [7, 3, 5],
			"faces": {
				"north": {"uv": [0, 0, 4, 3], "texture": "#0"},
				"east": {"uv": [4, 7, 6, 10], "texture": "#0"},
				"south": {"uv": [0, 3, 4, 6], "texture": "#0"},
				"west": {"uv": [6, 7, 8, 10], "texture": "#0"},
				"up": {"uv": [8, 2, 4, 0], "texture": "#0"},
				"down": {"uv": [8, 2, 4, 4], "texture": "#0"}
			}
		},
		{
			"from": [3, 3, 3],
			"to": [4, 4, 5],
			"faces": {
				"north": {"uv": [11, 0, 12, 1], "texture": "#0"},
				"east": {"uv": [9, 7, 11, 8], "texture": "#0"},
				"south": {"uv": [11, 1, 12, 2], "texture": "#0"},
				"west": {"uv": [9, 8, 11, 9], "texture": "#0"},
				"up": {"uv": [10, 11, 9, 9], "texture": "#0"},
				"down": {"uv": [11, 0, 10, 2], "texture": "#0"}
			}
		},
		{
			"from": [6, 3, 3],
			"to": [7, 4, 5],
			"faces": {
				"north": {"uv": [2, 10, 3, 11], "texture": "#0"},
				"east": {"uv": [10, 2, 12, 3], "texture": "#0"},
				"south": {"uv": [11, 3, 12, 4], "texture": "#0"},
				"west": {"uv": [4, 10, 6, 11], "texture": "#0"},
				"up": {"uv": [9, 2, 8, 0], "texture": "#0"},
				"down": {"uv": [9, 2, 8, 4], "texture": "#0"}
			}
		},
		{
			"from": [13, 3, 5],
			"to": [14, 4, 7],
			"faces": {
				"north": {"uv": [2, 10, 3, 11], "texture": "#0"},
				"east": {"uv": [10, 2, 12, 3], "texture": "#0"},
				"south": {"uv": [11, 3, 12, 4], "texture": "#0"},
				"west": {"uv": [4, 10, 6, 11], "texture": "#0"},
				"up": {"uv": [9, 2, 8, 0], "texture": "#0"},
				"down": {"uv": [9, 2, 8, 4], "texture": "#0"}
			}
		},
		{
			"from": [8, 3, 11],
			"to": [9, 4, 13],
			"faces": {
				"north": {"uv": [2, 10, 3, 11], "texture": "#0"},
				"east": {"uv": [10, 2, 12, 3], "texture": "#0"},
				"south": {"uv": [11, 3, 12, 4], "texture": "#0"},
				"west": {"uv": [4, 10, 6, 11], "texture": "#0"},
				"up": {"uv": [9, 2, 8, 0], "texture": "#0"},
				"down": {"uv": [9, 2, 8, 4], "texture": "#0"}
			}
		},
		{
			"from": [5, 3, 3],
			"to": [6, 4, 5],
			"faces": {
				"north": {"uv": [2, 11, 3, 12], "texture": "#0"},
				"east": {"uv": [6, 10, 8, 11], "texture": "#0"},
				"south": {"uv": [3, 11, 4, 12], "texture": "#0"},
				"west": {"uv": [10, 9, 12, 10], "texture": "#0"},
				"up": {"uv": [9, 12, 8, 10], "texture": "#0"},
				"down": {"uv": [11, 10, 10, 12], "texture": "#0"}
			}
		},
		{
			"from": [4, 0, 5],
			"to": [6, 3, 6],
			"faces": {
				"north": {"uv": [4, 4, 6, 7], "texture": "#0"},
				"east": {"uv": [8, 4, 9, 7], "texture": "#0"},
				"south": {"uv": [0, 6, 2, 9], "texture": "#0"},
				"west": {"uv": [8, 7, 9, 10], "texture": "#0"},
				"up": {"uv": [4, 10, 2, 9], "texture": "#0"},
				"down": {"uv": [11, 4, 9, 5], "texture": "#0"}
			}
		},
		{
			"from": [11, 0, 4],
			"to": [13, 3, 5],
			"faces": {
				"north": {"uv": [2, 6, 4, 9], "texture": "#0"},
				"east": {"uv": [0, 9, 1, 12], "texture": "#0"},
				"south": {"uv": [6, 4, 8, 7], "texture": "#0"},
				"west": {"uv": [1, 9, 2, 12], "texture": "#0"},
				"up": {"uv": [11, 6, 9, 5], "texture": "#0"},
				"down": {"uv": [11, 6, 9, 7], "texture": "#0"}
			}
		},
		{
			"from": [10, 0, 5],
			"to": [14, 3, 7],
			"faces": {
				"north": {"uv": [0, 0, 4, 3], "texture": "#0"},
				"east": {"uv": [4, 7, 6, 10], "texture": "#0"},
				"south": {"uv": [0, 3, 4, 6], "texture": "#0"},
				"west": {"uv": [6, 7, 8, 10], "texture": "#0"},
				"up": {"uv": [8, 2, 4, 0], "texture": "#0"},
				"down": {"uv": [8, 2, 4, 4], "texture": "#0"}
			}
		},
		{
			"from": [10, 3, 5],
			"to": [11, 4, 7],
			"faces": {
				"north": {"uv": [11, 0, 12, 1], "texture": "#0"},
				"east": {"uv": [9, 7, 11, 8], "texture": "#0"},
				"south": {"uv": [11, 1, 12, 2], "texture": "#0"},
				"west": {"uv": [9, 8, 11, 9], "texture": "#0"},
				"up": {"uv": [10, 11, 9, 9], "texture": "#0"},
				"down": {"uv": [11, 0, 10, 2], "texture": "#0"}
			}
		},
		{
			"from": [12, 3, 5],
			"to": [13, 4, 7],
			"faces": {
				"north": {"uv": [2, 11, 3, 12], "texture": "#0"},
				"east": {"uv": [6, 10, 8, 11], "texture": "#0"},
				"south": {"uv": [3, 11, 4, 12], "texture": "#0"},
				"west": {"uv": [10, 9, 12, 10], "texture": "#0"},
				"up": {"uv": [9, 12, 8, 10], "texture": "#0"},
				"down": {"uv": [11, 10, 10, 12], "texture": "#0"}
			}
		},
		{
			"from": [11, 0, 7],
			"to": [13, 3, 8],
			"faces": {
				"north": {"uv": [4, 4, 6, 7], "texture": "#0"},
				"east": {"uv": [8, 4, 9, 7], "texture": "#0"},
				"south": {"uv": [0, 6, 2, 9], "texture": "#0"},
				"west": {"uv": [8, 7, 9, 10], "texture": "#0"},
				"up": {"uv": [4, 10, 2, 9], "texture": "#0"},
				"down": {"uv": [11, 4, 9, 5], "texture": "#0"}
			}
		},
		{
			"from": [6, 0, 10],
			"to": [8, 3, 11],
			"faces": {
				"north": {"uv": [2, 6, 4, 9], "texture": "#0"},
				"east": {"uv": [0, 9, 1, 12], "texture": "#0"},
				"south": {"uv": [6, 4, 8, 7], "texture": "#0"},
				"west": {"uv": [1, 9, 2, 12], "texture": "#0"},
				"up": {"uv": [11, 6, 9, 5], "texture": "#0"},
				"down": {"uv": [11, 6, 9, 7], "texture": "#0"}
			}
		},
		{
			"from": [5, 0, 11],
			"to": [9, 3, 13],
			"faces": {
				"north": {"uv": [0, 0, 4, 3], "texture": "#0"},
				"east": {"uv": [4, 7, 6, 10], "texture": "#0"},
				"south": {"uv": [0, 3, 4, 6], "texture": "#0"},
				"west": {"uv": [6, 7, 8, 10], "texture": "#0"},
				"up": {"uv": [8, 2, 4, 0], "texture": "#0"},
				"down": {"uv": [8, 2, 4, 4], "texture": "#0"}
			}
		},
		{
			"from": [5, 3, 11],
			"to": [6, 4, 13],
			"faces": {
				"north": {"uv": [11, 0, 12, 1], "texture": "#0"},
				"east": {"uv": [9, 7, 11, 8], "texture": "#0"},
				"south": {"uv": [11, 1, 12, 2], "texture": "#0"},
				"west": {"uv": [9, 8, 11, 9], "texture": "#0"},
				"up": {"uv": [10, 11, 9, 9], "texture": "#0"},
				"down": {"uv": [11, 0, 10, 2], "texture": "#0"}
			}
		},
		{
			"from": [7, 3, 11],
			"to": [8, 4, 13],
			"faces": {
				"north": {"uv": [2, 11, 3, 12], "texture": "#0"},
				"east": {"uv": [6, 10, 8, 11], "texture": "#0"},
				"south": {"uv": [3, 11, 4, 12], "texture": "#0"},
				"west": {"uv": [10, 9, 12, 10], "texture": "#0"},
				"up": {"uv": [9, 12, 8, 10], "texture": "#0"},
				"down": {"uv": [11, 10, 10, 12], "texture": "#0"}
			}
		},
		{
			"from": [6, 0, 13],
			"to": [8, 3, 14],
			"faces": {
				"north": {"uv": [4, 4, 6, 7], "texture": "#0"},
				"east": {"uv": [8, 4, 9, 7], "texture": "#0"},
				"south": {"uv": [0, 6, 2, 9], "texture": "#0"},
				"west": {"uv": [8, 7, 9, 10], "texture": "#0"},
				"up": {"uv": [4, 10, 2, 9], "texture": "#0"},
				"down": {"uv": [11, 4, 9, 5], "texture": "#0"}
			}
		}
	],
	"display": {
		"thirdperson_righthand": {
			"translation": [0, 3.5, 0],
			"scale": [0.48, 0.48, 0.48]
		},
		"thirdperson_lefthand": {
			"translation": [0, 3.5, 0],
			"scale": [0.48, 0.48, 0.48]
		},
		"firstperson_righthand": {
			"rotation": [0, 47, 29],
			"translation": [-2.75, 5.75, 0]
		},
		"firstperson_lefthand": {
			"rotation": [0, 47, 29],
			"translation": [-2.75, 5.75, 0]
		},
		"gui": {
			"rotation": [35, 29, 0],
			"translation": [0.5, 4.5, 0]
		},
		"head": {
			"translation": [0, -32.5, 0],
			"scale": [1.6, 1.6, 1.6]
		},
		"fixed": {
			"rotation": [-90, 0, 0],
			"translation": [0, 0, -8]
		}
	},
	"groups": [
		{
			"name": "group",
			"origin": [0, 0, 0],
			"color": 0,
			"children": [0, 1, 2, 3, 4, 5, 6, 7]
		},
		{
			"name": "group",
			"origin": [0, 0, 0],
			"color": 0,
			"children": [8, 9, 10, 11, 12]
		},
		{
			"name": "group",
			"origin": [0, 0, 0],
			"color": 0,
			"children": [13, 14, 15, 16, 17]
		}
	]
}