{
	"parent": "item/compass/t1/c1",
	"textures": {
		"3": "move/compassheart1"
	},
	"overrides":
	[	
		{ "predicate": { "angle": 0.00000 }, "model": "item/compass/t1/c1" },
        { "predicate": { "angle": 0.03125 }, "model": "item/compass/t1/c2" },
        { "predicate": { "angle": 0.09375 }, "model": "item/compass/t1/c3" },
        { "predicate": { "angle": 0.15625 }, "model": "item/compass/t1/c4" },
        { "predicate": { "angle": 0.21875 }, "model": "item/compass/t1/c5" },
        { "predicate": { "angle": 0.28125 }, "model": "item/compass/t1/c6" },
        { "predicate": { "angle": 0.35375 }, "model": "item/compass/t1/c7" },
        { "predicate": { "angle": 0.42625 }, "model": "item/compass/t1/c8" },
        { "predicate": { "angle": 0.48875 }, "model": "item/compass/t1/c9" },
        { "predicate": { "angle": 0.54125 }, "model": "item/compass/t1/c10" },
        { "predicate": { "angle": 0.60375 }, "model": "item/compass/t1/c11" },
        { "predicate": { "angle": 0.67625 }, "model": "item/compass/t1/c12" },
        { "predicate": { "angle": 0.73875 }, "model": "item/compass/t1/c13" },
        { "predicate": { "angle": 0.79125 }, "model": "item/compass/t1/c14" },
        { "predicate": { "angle": 0.85375 }, "model": "item/compass/t1/c15" },
        { "predicate": { "angle": 0.92625 }, "model": "item/compass/t1/c16" },
        { "predicate": { "angle": 0.96875 }, "model": "item/compass/t1/c1" },
		{ "predicate": {"custom_model_data":2, "angle": 0.00000 }, "model": "item/compass/t2/c1" },
        { "predicate": {"custom_model_data":2, "angle": 0.03125 }, "model": "item/compass/t2/c2" },
        { "predicate": {"custom_model_data":2, "angle": 0.09375 }, "model": "item/compass/t2/c3" },
        { "predicate": {"custom_model_data":2, "angle": 0.15625 }, "model": "item/compass/t2/c4" },
        { "predicate": {"custom_model_data":2, "angle": 0.21875 }, "model": "item/compass/t2/c5" },
        { "predicate": {"custom_model_data":2, "angle": 0.28125 }, "model": "item/compass/t2/c6" },
        { "predicate": {"custom_model_data":2, "angle": 0.35375 }, "model": "item/compass/t2/c7" },
        { "predicate": {"custom_model_data":2, "angle": 0.42625 }, "model": "item/compass/t2/c8" },
        { "predicate": {"custom_model_data":2, "angle": 0.48875 }, "model": "item/compass/t2/c9" },
        { "predicate": {"custom_model_data":2, "angle": 0.54125 }, "model": "item/compass/t2/c10" },
        { "predicate": {"custom_model_data":2, "angle": 0.60375 }, "model": "item/compass/t2/c11" },
        { "predicate": {"custom_model_data":2, "angle": 0.67625 }, "model": "item/compass/t2/c12" },
        { "predicate": {"custom_model_data":2, "angle": 0.73875 }, "model": "item/compass/t2/c13" },
        { "predicate": {"custom_model_data":2, "angle": 0.79125 }, "model": "item/compass/t2/c14" },
        { "predicate": {"custom_model_data":2, "angle": 0.85375 }, "model": "item/compass/t2/c15" },
        { "predicate": {"custom_model_data":2, "angle": 0.92625 }, "model": "item/compass/t2/c16" },
        { "predicate": {"custom_model_data":2, "angle": 0.96875 }, "model": "item/compass/t2/c1" },
		{ "predicate": {"custom_model_data":3, "angle": 0.00000 }, "model": "item/compass/t3/c1" },
        { "predicate": {"custom_model_data":3, "angle": 0.03125 }, "model": "item/compass/t3/c2" },
        { "predicate": {"custom_model_data":3, "angle": 0.09375 }, "model": "item/compass/t3/c3" },
        { "predicate": {"custom_model_data":3, "angle": 0.15625 }, "model": "item/compass/t3/c4" },
        { "predicate": {"custom_model_data":3, "angle": 0.21875 }, "model": "item/compass/t3/c5" },
        { "predicate": {"custom_model_data":3, "angle": 0.28125 }, "model": "item/compass/t3/c6" },
        { "predicate": {"custom_model_data":3, "angle": 0.35375 }, "model": "item/compass/t3/c7" },
        { "predicate": {"custom_model_data":3, "angle": 0.42625 }, "model": "item/compass/t3/c8" },
        { "predicate": {"custom_model_data":3, "angle": 0.48875 }, "model": "item/compass/t3/c9" },
        { "predicate": {"custom_model_data":3, "angle": 0.54125 }, "model": "item/compass/t3/c10" },
        { "predicate": {"custom_model_data":3, "angle": 0.60375 }, "model": "item/compass/t3/c11" },
        { "predicate": {"custom_model_data":3, "angle": 0.67625 }, "model": "item/compass/t3/c12" },
        { "predicate": {"custom_model_data":3, "angle": 0.73875 }, "model": "item/compass/t3/c13" },
        { "predicate": {"custom_model_data":3, "angle": 0.79125 }, "model": "item/compass/t3/c14" },
        { "predicate": {"custom_model_data":3, "angle": 0.85375 }, "model": "item/compass/t3/c15" },
        { "predicate": {"custom_model_data":3, "angle": 0.92625 }, "model": "item/compass/t3/c16" },
        { "predicate": {"custom_model_data":3, "angle": 0.96875 }, "model": "item/compass/t3/c1" },
		{ "predicate": {"custom_model_data":4, "angle": 0.00000 }, "model": "item/compass/t4/c1" },
        { "predicate": {"custom_model_data":4, "angle": 0.03125 }, "model": "item/compass/t4/c2" },
        { "predicate": {"custom_model_data":4, "angle": 0.09375 }, "model": "item/compass/t4/c3" },
        { "predicate": {"custom_model_data":4, "angle": 0.15625 }, "model": "item/compass/t4/c4" },
        { "predicate": {"custom_model_data":4, "angle": 0.21875 }, "model": "item/compass/t4/c5" },
        { "predicate": {"custom_model_data":4, "angle": 0.28125 }, "model": "item/compass/t4/c6" },
        { "predicate": {"custom_model_data":4, "angle": 0.35375 }, "model": "item/compass/t4/c7" },
        { "predicate": {"custom_model_data":4, "angle": 0.42625 }, "model": "item/compass/t4/c8" },
        { "predicate": {"custom_model_data":4, "angle": 0.48875 }, "model": "item/compass/t4/c9" },
        { "predicate": {"custom_model_data":4, "angle": 0.54125 }, "model": "item/compass/t4/c10" },
        { "predicate": {"custom_model_data":4, "angle": 0.60375 }, "model": "item/compass/t4/c11" },
        { "predicate": {"custom_model_data":4, "angle": 0.67625 }, "model": "item/compass/t4/c12" },
        { "predicate": {"custom_model_data":4, "angle": 0.73875 }, "model": "item/compass/t4/c13" },
        { "predicate": {"custom_model_data":4, "angle": 0.79125 }, "model": "item/compass/t4/c14" },
        { "predicate": {"custom_model_data":4, "angle": 0.85375 }, "model": "item/compass/t4/c15" },
        { "predicate": {"custom_model_data":4, "angle": 0.92625 }, "model": "item/compass/t4/c16" },
        { "predicate": {"custom_model_data":4, "angle": 0.96875 }, "model": "item/compass/t4/c1" },
		{ "predicate": {"custom_model_data":5, "angle": 0.00000 }, "model": "item/compass/t5/c1" },
        { "predicate": {"custom_model_data":5, "angle": 0.03125 }, "model": "item/compass/t5/c2" },
        { "predicate": {"custom_model_data":5, "angle": 0.09375 }, "model": "item/compass/t5/c3" },
        { "predicate": {"custom_model_data":5, "angle": 0.15625 }, "model": "item/compass/t5/c4" },
        { "predicate": {"custom_model_data":5, "angle": 0.21875 }, "model": "item/compass/t5/c5" },
        { "predicate": {"custom_model_data":5, "angle": 0.28125 }, "model": "item/compass/t5/c6" },
        { "predicate": {"custom_model_data":5, "angle": 0.35375 }, "model": "item/compass/t5/c7" },
        { "predicate": {"custom_model_data":5, "angle": 0.42625 }, "model": "item/compass/t5/c8" },
        { "predicate": {"custom_model_data":5, "angle": 0.48875 }, "model": "item/compass/t5/c9" },
        { "predicate": {"custom_model_data":5, "angle": 0.54125 }, "model": "item/compass/t5/c10" },
        { "predicate": {"custom_model_data":5, "angle": 0.60375 }, "model": "item/compass/t5/c11" },
        { "predicate": {"custom_model_data":5, "angle": 0.67625 }, "model": "item/compass/t5/c12" },
        { "predicate": {"custom_model_data":5, "angle": 0.73875 }, "model": "item/compass/t5/c13" },
        { "predicate": {"custom_model_data":5, "angle": 0.79125 }, "model": "item/compass/t5/c14" },
        { "predicate": {"custom_model_data":5, "angle": 0.85375 }, "model": "item/compass/t5/c15" },
        { "predicate": {"custom_model_data":5, "angle": 0.92625 }, "model": "item/compass/t5/c16" },
        { "predicate": {"custom_model_data":5, "angle": 0.96875 }, "model": "item/compass/t5/c1" },
		{ "predicate": {"custom_model_data":6, "angle": 0.00000 }, "model": "item/compass/t6/c1" },
        { "predicate": {"custom_model_data":6, "angle": 0.03125 }, "model": "item/compass/t6/c2" },
        { "predicate": {"custom_model_data":6, "angle": 0.09375 }, "model": "item/compass/t6/c3" },
        { "predicate": {"custom_model_data":6, "angle": 0.15625 }, "model": "item/compass/t6/c4" },
        { "predicate": {"custom_model_data":6, "angle": 0.21875 }, "model": "item/compass/t6/c5" },
        { "predicate": {"custom_model_data":6, "angle": 0.28125 }, "model": "item/compass/t6/c6" },
        { "predicate": {"custom_model_data":6, "angle": 0.35375 }, "model": "item/compass/t6/c7" },
        { "predicate": {"custom_model_data":6, "angle": 0.42625 }, "model": "item/compass/t6/c8" },
        { "predicate": {"custom_model_data":6, "angle": 0.48875 }, "model": "item/compass/t6/c9" },
        { "predicate": {"custom_model_data":6, "angle": 0.54125 }, "model": "item/compass/t6/c10" },
        { "predicate": {"custom_model_data":6, "angle": 0.60375 }, "model": "item/compass/t6/c11" },
        { "predicate": {"custom_model_data":6, "angle": 0.67625 }, "model": "item/compass/t6/c12" },
        { "predicate": {"custom_model_data":6, "angle": 0.73875 }, "model": "item/compass/t6/c13" },
        { "predicate": {"custom_model_data":6, "angle": 0.79125 }, "model": "item/compass/t6/c14" },
        { "predicate": {"custom_model_data":6, "angle": 0.85375 }, "model": "item/compass/t6/c15" },
        { "predicate": {"custom_model_data":6, "angle": 0.92625 }, "model": "item/compass/t6/c16" },
        { "predicate": {"custom_model_data":6, "angle": 0.96875 }, "model": "item/compass/t6/c1" },
		{ "predicate": {"custom_model_data":7, "angle": 0.00000 }, "model": "item/compass/t7/c1" },
        { "predicate": {"custom_model_data":7, "angle": 0.03125 }, "model": "item/compass/t7/c2" },
        { "predicate": {"custom_model_data":7, "angle": 0.09375 }, "model": "item/compass/t7/c3" },
        { "predicate": {"custom_model_data":7, "angle": 0.15625 }, "model": "item/compass/t7/c4" },
        { "predicate": {"custom_model_data":7, "angle": 0.21875 }, "model": "item/compass/t7/c5" },
        { "predicate": {"custom_model_data":7, "angle": 0.28125 }, "model": "item/compass/t7/c6" },
        { "predicate": {"custom_model_data":7, "angle": 0.35375 }, "model": "item/compass/t7/c7" },
        { "predicate": {"custom_model_data":7, "angle": 0.42625 }, "model": "item/compass/t7/c8" },
        { "predicate": {"custom_model_data":7, "angle": 0.48875 }, "model": "item/compass/t7/c9" },
        { "predicate": {"custom_model_data":7, "angle": 0.54125 }, "model": "item/compass/t7/c10" },
        { "predicate": {"custom_model_data":7, "angle": 0.60375 }, "model": "item/compass/t7/c11" },
        { "predicate": {"custom_model_data":7, "angle": 0.67625 }, "model": "item/compass/t7/c12" },
        { "predicate": {"custom_model_data":7, "angle": 0.73875 }, "model": "item/compass/t7/c13" },
        { "predicate": {"custom_model_data":7, "angle": 0.79125 }, "model": "item/compass/t7/c14" },
        { "predicate": {"custom_model_data":7, "angle": 0.85375 }, "model": "item/compass/t7/c15" },
        { "predicate": {"custom_model_data":7, "angle": 0.92625 }, "model": "item/compass/t7/c16" },
        { "predicate": {"custom_model_data":7, "angle": 0.96875 }, "model": "item/compass/t7/c1" },
		{ "predicate": {"custom_model_data":8, "angle": 0.00000 }, "model": "item/compass/t8/c1" },
        { "predicate": {"custom_model_data":8, "angle": 0.03125 }, "model": "item/compass/t8/c2" },
        { "predicate": {"custom_model_data":8, "angle": 0.09375 }, "model": "item/compass/t8/c3" },
        { "predicate": {"custom_model_data":8, "angle": 0.15625 }, "model": "item/compass/t8/c4" },
        { "predicate": {"custom_model_data":8, "angle": 0.21875 }, "model": "item/compass/t8/c5" },
        { "predicate": {"custom_model_data":8, "angle": 0.28125 }, "model": "item/compass/t8/c6" },
        { "predicate": {"custom_model_data":8, "angle": 0.35375 }, "model": "item/compass/t8/c7" },
        { "predicate": {"custom_model_data":8, "angle": 0.42625 }, "model": "item/compass/t8/c8" },
        { "predicate": {"custom_model_data":8, "angle": 0.48875 }, "model": "item/compass/t8/c9" },
        { "predicate": {"custom_model_data":8, "angle": 0.54125 }, "model": "item/compass/t8/c10" },
        { "predicate": {"custom_model_data":8, "angle": 0.60375 }, "model": "item/compass/t8/c11" },
        { "predicate": {"custom_model_data":8, "angle": 0.67625 }, "model": "item/compass/t8/c12" },
        { "predicate": {"custom_model_data":8, "angle": 0.73875 }, "model": "item/compass/t8/c13" },
        { "predicate": {"custom_model_data":8, "angle": 0.79125 }, "model": "item/compass/t8/c14" },
        { "predicate": {"custom_model_data":8, "angle": 0.85375 }, "model": "item/compass/t8/c15" },
        { "predicate": {"custom_model_data":8, "angle": 0.92625 }, "model": "item/compass/t8/c16" },
        { "predicate": {"custom_model_data":8, "angle": 0.96875 }, "model": "item/compass/t8/c1" }
	]
}