{
	"credit": "Made with Blockbench",
	"textures": {
		"0": "move/cupcake_1",
		"1": "move/cupcake_2",
		"2": "move/cupcake_3",
		"3": "move/cupcake_4",
		"particle": "move/cupcake_1"
	},
	"elements": [
		{
			"from": [3, 14, 5],
			"to": [13, 18, 15],
			"faces": {
				"north": {"uv": [0, 0, 10, 4], "texture": "#1"},
				"east": {"uv": [0, 0, 10, 4], "texture": "#1"},
				"south": {"uv": [3, 8, 13, 12], "texture": "#2"},
				"west": {"uv": [0, 0, 10, 4], "texture": "#1"},
				"up": {"uv": [0, 0, 10, 10], "texture": "#1"},
				"down": {"uv": [0, 0, 10, 10], "texture": "#1"}
			}
		},
		{
			"from": [1, 10, 3],
			"to": [15, 14, 13],
			"faces": {
				"north": {"uv": [0, 0, 14, 4], "texture": "#1"},
				"east": {"uv": [0, 0, 10, 4], "texture": "#1"},
				"south": {"uv": [0, 0, 14, 4], "texture": "#1"},
				"west": {"uv": [0, 0, 10, 4], "texture": "#1"},
				"up": {"uv": [0, 0, 14, 10], "texture": "#1"},
				"down": {"uv": [0, 0, 14, 10], "texture": "#1"}
			}
		},
		{
			"from": [3, 10, 1],
			"to": [13, 14, 14],
			"faces": {
				"north": {"uv": [0, 0, 10, 4], "texture": "#1"},
				"east": {"uv": [0, 0, 13, 4], "texture": "#1"},
				"south": {"uv": [0, 0, 10, 4], "texture": "#1"},
				"west": {"uv": [0, 0, 13, 4], "texture": "#1"},
				"up": {"uv": [0, 0, 10, 13], "texture": "#1"},
				"down": {"uv": [0, 0, 10, 13], "texture": "#1"}
			}
		},
		{
			"from": [3, 10, 14],
			"to": [13, 14, 17],
			"faces": {
				"north": {"uv": [0, 0, 8, 2], "texture": "#2"},
				"east": {"uv": [13, 12, 16, 16], "texture": "#2"},
				"south": {"uv": [3, 12, 13, 16], "texture": "#2"},
				"west": {"uv": [0, 12, 3, 16], "texture": "#2"},
				"up": {"uv": [0, 0, 8, 2], "texture": "#1"},
				"down": {"uv": [0, 5, 8, 7], "texture": "#2"}
			}
		},
		{
			"from": [3, 10, 3],
			"to": [13, 16, 13],
			"faces": {
				"north": {"uv": [0, 0, 10, 6], "texture": "#1"},
				"east": {"uv": [0, 0, 10, 6], "texture": "#1"},
				"south": {"uv": [0, 0, 10, 6], "texture": "#1"},
				"west": {"uv": [0, 0, 10, 6], "texture": "#1"},
				"up": {"uv": [0, 0, 10, 10], "texture": "#1"},
				"down": {"uv": [0, 0, 10, 10], "texture": "#1"}
			}
		},
		{
			"from": [2, 12, 5],
			"to": [14, 16, 14],
			"faces": {
				"north": {"uv": [0, 0, 12, 4], "texture": "#1"},
				"east": {"uv": [0, 0, 9, 4], "texture": "#1"},
				"south": {"uv": [0, 0, 12, 4], "texture": "#1"},
				"west": {"uv": [0, 0, 9, 4], "texture": "#1"},
				"up": {"uv": [0, 0, 12, 9], "texture": "#1"},
				"down": {"uv": [0, 0, 12, 9], "texture": "#1"}
			}
		},
		{
			"from": [1, 11, -0.65],
			"to": [2, 16, 0.35],
			"rotation": {"angle": 45, "axis": "x", "origin": [1.5, 13.25, -7.25]},
			"faces": {
				"north": {"uv": [0, 0, 2, 5], "rotation": 180, "texture": "#3"},
				"east": {"uv": [0, 0, 5, 2], "rotation": 270, "texture": "#3"},
				"south": {"uv": [0, 0, 2, 5], "texture": "#3"},
				"west": {"uv": [0, 0, 5, 2], "rotation": 90, "texture": "#3"},
				"up": {"uv": [0, 0, 2, 2], "rotation": 180, "texture": "#3"},
				"down": {"uv": [0, 0, 2, 2], "texture": "#3"}
			}
		},
		{
			"from": [0.5, 9.25, -0.75],
			"to": [2.5, 11.25, 4.25],
			"faces": {
				"north": {"uv": [0, 0, 2, 2], "texture": "#3"},
				"east": {"uv": [0, 0, 4, 2], "texture": "#3"},
				"south": {"uv": [0, 0, 2, 2], "texture": "#3"},
				"west": {"uv": [0, 0, 6, 2], "texture": "#3"},
				"up": {"uv": [0, 0, 2, 5], "rotation": 180, "texture": "#3"},
				"down": {"uv": [0, 0, 2, 5], "rotation": 180, "texture": "#3"}
			}
		},
		{
			"from": [-0.5, 8.75418, 11.24267],
			"to": [1.5, 10.75418, 17.24267],
			"rotation": {"angle": 22.5, "axis": "x", "origin": [1, 9.25418, 14.49267]},
			"faces": {
				"north": {"uv": [0, 0, 2, 2], "texture": "#3"},
				"east": {"uv": [0, 0, 6, 2], "texture": "#3"},
				"south": {"uv": [0, 0, 2, 2], "texture": "#3"},
				"west": {"uv": [0, 0, 6, 2], "texture": "#3"},
				"up": {"uv": [0, 0, 2, 5], "texture": "#3"},
				"down": {"uv": [0, 0, 2, 5], "texture": "#3"}
			}
		},
		{
			"from": [0, 0, 17.25],
			"to": [1, 7, 18.25],
			"rotation": {"angle": -22.5, "axis": "x", "origin": [1, 5.75, 12.5]},
			"faces": {
				"north": {"uv": [0, 0, 2, 5], "rotation": 180, "texture": "#3"},
				"east": {"uv": [0, 0, 5, 2], "rotation": 270, "texture": "#3"},
				"south": {"uv": [0, 0, 2, 5], "texture": "#3"},
				"west": {"uv": [0, 0, 5, 2], "rotation": 90, "texture": "#3"},
				"up": {"uv": [0, 0, 2, 2], "rotation": 180, "texture": "#3"},
				"down": {"uv": [0, 0, 2, 2], "texture": "#3"}
			}
		},
		{
			"from": [11, 1.75, 17.5],
			"to": [12, 7.75, 18.5],
			"rotation": {"angle": -22.5, "axis": "x", "origin": [11.5, 9.25, 16.5]},
			"faces": {
				"north": {"uv": [0, 0, 1, 6], "texture": "#3"},
				"east": {"uv": [0, 0, 1, 6], "texture": "#3"},
				"south": {"uv": [0, 0, 1, 6], "texture": "#3"},
				"west": {"uv": [0, 0, 1, 6], "texture": "#3"},
				"up": {"uv": [0, 0, 1, 1], "texture": "#3"},
				"down": {"uv": [0, 0, 1, 1], "texture": "#3"}
			}
		},
		{
			"from": [10.5, 8.25, 15],
			"to": [12.5, 10.25, 19],
			"rotation": {"angle": 22.5, "axis": "x", "origin": [11.5, 9.25, 16.5]},
			"faces": {
				"north": {"uv": [0, 0, 2, 2], "texture": "#3"},
				"east": {"uv": [0, 0, 4, 2], "texture": "#3"},
				"south": {"uv": [0, 0, 2, 2], "texture": "#3"},
				"west": {"uv": [0, 0, 4, 2], "texture": "#3"},
				"up": {"uv": [0, 0, 2, 4], "texture": "#3"},
				"down": {"uv": [0, 0, 2, 4], "texture": "#3"}
			}
		},
		{
			"from": [14, 6.75, -0.9],
			"to": [15, 11.75, 0.1],
			"rotation": {"angle": 22.5, "axis": "x", "origin": [14.5, 9, -7.5]},
			"faces": {
				"north": {"uv": [0, 0, 2, 5], "rotation": 180, "texture": "#3"},
				"east": {"uv": [0, 0, 5, 2], "rotation": 270, "texture": "#3"},
				"south": {"uv": [0, 0, 2, 5], "texture": "#3"},
				"west": {"uv": [0, 0, 5, 2], "rotation": 90, "texture": "#3"},
				"up": {"uv": [0, 0, 2, 2], "rotation": 180, "texture": "#3"},
				"down": {"uv": [0, 0, 2, 2], "texture": "#3"}
			}
		},
		{
			"from": [13.5, 5, -1],
			"to": [15.5, 7, 4],
			"rotation": {"angle": -22.5, "axis": "x", "origin": [14.5, 9, -7.5]},
			"faces": {
				"north": {"uv": [0, 0, 2, 2], "texture": "#3"},
				"east": {"uv": [0, 0, 4, 2], "texture": "#3"},
				"south": {"uv": [0, 0, 2, 2], "texture": "#3"},
				"west": {"uv": [0, 0, 6, 2], "texture": "#3"},
				"up": {"uv": [0, 0, 2, 5], "rotation": 180, "texture": "#3"},
				"down": {"uv": [0, 0, 2, 5], "rotation": 180, "texture": "#3"}
			}
		},
		{
			"from": [4.5, 1.75, -3],
			"to": [5.5, 7.75, -2],
			"faces": {
				"north": {"uv": [0, 0, 1, 6], "rotation": 180, "texture": "#3"},
				"east": {"uv": [0, 0, 1, 6], "texture": "#3"},
				"south": {"uv": [0, 0, 1, 6], "texture": "#3"},
				"west": {"uv": [0, 0, 1, 6], "texture": "#3"},
				"up": {"uv": [0, 0, 2, 2], "rotation": 180, "texture": "#3"},
				"down": {"uv": [0, 0, 2, 2], "texture": "#3"}
			}
		},
		{
			"from": [4, 0.75, -2.75],
			"to": [6, 2.75, 4.25],
			"rotation": {"angle": -45, "axis": "x", "origin": [5, 4.75, -9.25]},
			"faces": {
				"north": {"uv": [0, 0, 2, 2], "texture": "#3"},
				"east": {"uv": [0, 0, 4, 2], "texture": "#3"},
				"south": {"uv": [0, 0, 2, 2], "texture": "#3"},
				"west": {"uv": [0, 0, 6, 2], "texture": "#3"},
				"up": {"uv": [0, 0, 2, 5], "rotation": 180, "texture": "#3"},
				"down": {"uv": [0, 0, 2, 5], "rotation": 180, "texture": "#3"}
			}
		},
		{
			"from": [10.5, 5.75, -5.25],
			"to": [11.5, 11.75, -4.25],
			"rotation": {"angle": 22.5, "axis": "x", "origin": [11, 8.75, -11.5]},
			"faces": {
				"north": {"uv": [0, 0, 1, 6], "rotation": 180, "texture": "#3"},
				"east": {"uv": [0, 0, 1, 6], "texture": "#3"},
				"south": {"uv": [0, 0, 1, 6], "texture": "#3"},
				"west": {"uv": [0, 0, 1, 6], "texture": "#3"},
				"up": {"uv": [0, 0, 2, 2], "rotation": 180, "texture": "#3"},
				"down": {"uv": [0, 0, 2, 2], "texture": "#3"}
			}
		},
		{
			"from": [10, 4.75, -5],
			"to": [12, 6.75, 2],
			"rotation": {"angle": -22.5, "axis": "x", "origin": [11, 8.75, -11.5]},
			"faces": {
				"north": {"uv": [0, 0, 2, 2], "texture": "#3"},
				"east": {"uv": [0, 0, 4, 2], "texture": "#3"},
				"south": {"uv": [0, 0, 2, 2], "texture": "#3"},
				"west": {"uv": [0, 0, 6, 2], "texture": "#3"},
				"up": {"uv": [0, 0, 2, 5], "rotation": 180, "texture": "#3"},
				"down": {"uv": [0, 0, 2, 5], "rotation": 180, "texture": "#3"}
			}
		},
		{
			"from": [4, 1.75, 17.5],
			"to": [5, 7.75, 18.5],
			"rotation": {"angle": -45, "axis": "x", "origin": [4.5, 9.25, 16.5]},
			"faces": {
				"north": {"uv": [0, 0, 1, 6], "texture": "#3"},
				"east": {"uv": [0, 0, 1, 6], "texture": "#3"},
				"south": {"uv": [0, 0, 1, 6], "texture": "#3"},
				"west": {"uv": [0, 0, 1, 6], "texture": "#3"},
				"up": {"uv": [0, 0, 1, 1], "texture": "#3"},
				"down": {"uv": [0, 0, 1, 1], "texture": "#3"}
			}
		},
		{
			"from": [15, -0.5, 17.75],
			"to": [16, 6.5, 18.75],
			"rotation": {"angle": -45, "axis": "x", "origin": [16, 6.25, 12.5]},
			"faces": {
				"north": {"uv": [0, 0, 2, 5], "rotation": 180, "texture": "#3"},
				"east": {"uv": [0, 0, 5, 2], "rotation": 270, "texture": "#3"},
				"south": {"uv": [0, 0, 2, 5], "texture": "#3"},
				"west": {"uv": [0, 0, 5, 2], "rotation": 90, "texture": "#3"},
				"up": {"uv": [0, 0, 2, 2], "rotation": 180, "texture": "#3"},
				"down": {"uv": [0, 0, 2, 2], "texture": "#3"}
			}
		},
		{
			"from": [14.5, 9.25418, 11.24267],
			"to": [16.5, 11.25418, 17.24267],
			"faces": {
				"north": {"uv": [0, 0, 2, 2], "texture": "#3"},
				"east": {"uv": [0, 0, 6, 2], "texture": "#3"},
				"south": {"uv": [0, 0, 2, 2], "texture": "#3"},
				"west": {"uv": [0, 0, 6, 2], "texture": "#3"},
				"up": {"uv": [0, 0, 2, 5], "texture": "#3"},
				"down": {"uv": [0, 0, 2, 5], "texture": "#3"}
			}
		},
		{
			"from": [3.5, 8.25, 15],
			"to": [5.5, 10.25, 19],
			"faces": {
				"north": {"uv": [0, 0, 2, 2], "texture": "#3"},
				"east": {"uv": [0, 0, 4, 2], "texture": "#3"},
				"south": {"uv": [0, 0, 2, 2], "texture": "#3"},
				"west": {"uv": [0, 0, 4, 2], "texture": "#3"},
				"up": {"uv": [0, 0, 2, 4], "texture": "#3"},
				"down": {"uv": [0, 0, 2, 4], "texture": "#3"}
			}
		},
		{
			"from": [1, 1, 3],
			"to": [15, 7, 13],
			"faces": {
				"north": {"uv": [0, 0, 14, 6], "texture": "#0"},
				"east": {"uv": [0, 0, 10, 6], "texture": "#0"},
				"south": {"uv": [0, 0, 14, 6], "texture": "#0"},
				"west": {"uv": [0, 0, 10, 6], "texture": "#0"},
				"up": {"uv": [0, 0, 14, 10], "texture": "#0"},
				"down": {"uv": [0, 0, 14, 10], "texture": "#0"}
			}
		},
		{
			"from": [3, 1, 1],
			"to": [13, 7, 15],
			"faces": {
				"north": {"uv": [0, 0, 10, 6], "texture": "#0"},
				"east": {"uv": [0, 0, 14, 6], "texture": "#0"},
				"south": {"uv": [0, 0, 10, 6], "texture": "#0"},
				"west": {"uv": [0, 0, 14, 6], "texture": "#0"},
				"up": {"uv": [0, 0, 10, 14], "texture": "#0"},
				"down": {"uv": [0, 0, 10, 14], "texture": "#0"}
			}
		},
		{
			"from": [2, 0, 2],
			"to": [14, 7, 14],
			"faces": {
				"north": {"uv": [0, 0, 12, 7], "texture": "#0"},
				"east": {"uv": [0, 0, 12, 7], "texture": "#0"},
				"south": {"uv": [0, 0, 12, 7], "texture": "#0"},
				"west": {"uv": [0, 0, 12, 7], "texture": "#0"},
				"up": {"uv": [0, 0, 12, 12], "texture": "#0"},
				"down": {"uv": [0, 0, 12, 12], "texture": "#0"}
			}
		},
		{
			"from": [1, 5, 2],
			"to": [15, 10, 14],
			"faces": {
				"north": {"uv": [0, 0, 14, 6], "texture": "#0"},
				"east": {"uv": [0, 0, 12, 6], "texture": "#0"},
				"south": {"uv": [0, 0, 14, 6], "texture": "#0"},
				"west": {"uv": [0, 0, 12, 6], "texture": "#0"},
				"up": {"uv": [0, 0, 14, 12], "texture": "#0"},
				"down": {"uv": [0, 0, 14, 12], "texture": "#0"}
			}
		},
		{
			"from": [0, 5, 3],
			"to": [16, 10, 13],
			"faces": {
				"north": {"uv": [0, 0, 16, 6], "texture": "#0"},
				"east": {"uv": [0, 0, 10, 6], "texture": "#0"},
				"south": {"uv": [0, 0, 16, 6], "texture": "#0"},
				"west": {"uv": [0, 0, 10, 6], "texture": "#0"},
				"up": {"uv": [0, 0, 16, 10], "texture": "#0"},
				"down": {"uv": [0, 0, 16, 10], "texture": "#0"}
			}
		},
		{
			"from": [3, 5, 15],
			"to": [13, 10, 16],
			"faces": {
				"north": {"uv": [0, 0, 10, 6], "texture": "#0"},
				"east": {"uv": [0, 0, 1, 6], "texture": "#0"},
				"south": {"uv": [0, 0, 10, 6], "texture": "#0"},
				"west": {"uv": [0, 0, 1, 6], "texture": "#0"},
				"up": {"uv": [0, 0, 10, 1], "texture": "#0"},
				"down": {"uv": [0, 0, 10, 1], "texture": "#0"}
			}
		},
		{
			"from": [2, 5, 14],
			"to": [14, 10, 15],
			"faces": {
				"north": {"uv": [0, 0, 12, 6], "texture": "#0"},
				"east": {"uv": [0, 0, 1, 6], "texture": "#0"},
				"south": {"uv": [0, 0, 12, 6], "texture": "#0"},
				"west": {"uv": [0, 0, 1, 6], "texture": "#0"},
				"up": {"uv": [0, 0, 12, 1], "texture": "#0"},
				"down": {"uv": [0, 0, 12, 1], "texture": "#0"}
			}
		},
		{
			"from": [2, 5, 1],
			"to": [14, 10, 2],
			"faces": {
				"north": {"uv": [0, 0, 12, 6], "texture": "#0"},
				"east": {"uv": [0, 0, 1, 6], "texture": "#0"},
				"south": {"uv": [0, 0, 12, 6], "texture": "#0"},
				"west": {"uv": [0, 0, 1, 6], "texture": "#0"},
				"up": {"uv": [0, 0, 12, 1], "texture": "#0"},
				"down": {"uv": [0, 0, 12, 1], "texture": "#0"}
			}
		},
		{
			"from": [3, 5, 0],
			"to": [13, 10, 1],
			"faces": {
				"north": {"uv": [0, 0, 10, 6], "texture": "#0"},
				"east": {"uv": [0, 0, 1, 6], "texture": "#0"},
				"south": {"uv": [0, 0, 10, 6], "texture": "#0"},
				"west": {"uv": [0, 0, 1, 6], "texture": "#0"},
				"up": {"uv": [0, 0, 10, 1], "texture": "#0"},
				"down": {"uv": [0, 0, 10, 1], "texture": "#0"}
			}
		}
	],
	"display": {
		"thirdperson_righthand": {
			"translation": [0, 2, 3.75],
			"scale": [-0.31, 0.31, -0.31]
		},
		"thirdperson_lefthand": {
			"translation": [0, 2, 3.75],
			"scale": [-0.31, 0.31, -0.31]
		},
		"firstperson_righthand": {
			"rotation": [14, -167, 5],
			"translation": [0, 0, 1.5],
			"scale": [0.5, 0.5, 0.5]
		},
		"firstperson_lefthand": {
			"rotation": [14, -167, 5],
			"translation": [0, 0, 1.5],
			"scale": [0.5, 0.5, 0.5]
		},
		"ground": {
			"translation": [0, 3.25, 0],
			"scale": [0.63, 0.63, 0.63]
		},
		"gui": {
			"rotation": [16, -54, 0],
			"translation": [0.75, -0.25, 0],
			"scale": [0.5, 0.5, 0.5]
		},
		"head": {
			"translation": [0, -18, 0],
			"scale": [-4, 4, -4]
		},
		"fixed": {
			"rotation": [0, 180, 0],
			"scale": [0.8, 0.8, 0.8]
		}
	},
	"groups": [
		{
			"name": "group",
			"children": [0, 1, 2, 3, 4, 5,
				{
					"name": "group2",
					"children": [6, 7, 8, 9, 10, 11, 12, 13, 14, 15, 16, 17, 18, 19, 20, 21]
				}
			]
		},
		{
			"name": "cupcake_2",
			"children": [
				{
					"name": "group",
					"children": [22, 23, 24, 25, 26, 27, 28, 29, 30, 31, 32, 33, 34, 35, 36, 37, 38, 39, 40, 41, 42, 43, 44, 45,
						{
							"name": "group",
							"children": [46, 47, 48, 49, 50, 51, 52, 53, 54, 55, 56, 57, 58, 59, 60, 61]
						}
					]
				}
			]
		}
	]
}