{
	"credit": "Made with Blockbench",
	"textures": {
		"0": "move/tear",
		"particle": "move/tear"
	},
	"elements": [
		{
			"from": [6.5, -1.5, 5.75],
			"to": [9.5, 1.5, 7.75],
			"rotation": {"angle": 0, "axis": "y", "origin": [15.5, 7.5, 11]},
			"faces": {
				"north": {"uv": [0, 0, 3, 2], "texture": "#0"},
				"east": {"uv": [0, 0, 2, 3], "texture": "#0"},
				"south": {"uv": [0, 0, 3, 3], "texture": "#0"},
				"west": {"uv": [0, 0, 2, 3], "texture": "#0"},
				"up": {"uv": [0, 0, 3, 2], "texture": "#0"},
				"down": {"uv": [0, 0, 3, 2], "texture": "#0"}
			}
		},
		{
			"from": [7.5, -0.5, 9],
			"to": [8.5, 0.5, 11],
			"rotation": {"angle": 0, "axis": "y", "origin": [16, 8, 14.75]},
			"faces": {
				"north": {"uv": [0, 0, 1, 1], "texture": "#0"},
				"east": {"uv": [0, 0, 2, 1], "texture": "#0"},
				"south": {"uv": [0, 0, 1, 1], "texture": "#0"},
				"west": {"uv": [0, 0, 2, 1], "texture": "#0"},
				"up": {"uv": [0, 0, 1, 2], "texture": "#0"},
				"down": {"uv": [0, 0, 1, 2], "texture": "#0"}
			}
		},
		{
			"from": [7, -1, 5],
			"to": [9, 1, 9],
			"rotation": {"angle": 0, "axis": "y", "origin": [14.75, 7.75, 4]},
			"faces": {
				"north": {"uv": [0, 0, 2, 1.5], "texture": "#0"},
				"east": {"uv": [0, 0, 4, 2], "texture": "#0"},
				"south": {"uv": [0, 0, 2, 2], "texture": "#0"},
				"west": {"uv": [0, 0, 4, 2], "texture": "#0"},
				"up": {"uv": [0, 0, 2, 4], "texture": "#0"},
				"down": {"uv": [0, 0, 2, 4], "texture": "#0"}
			}
		}
	],
	"display": {
		"thirdperson_righthand": {
			"rotation": [90, 0, 0],
			"translation": [0, 0, 10]
		},
		"thirdperson_lefthand": {
			"rotation": [90, 0, 0],
			"translation": [0, 0, 10]
		},
		"firstperson_righthand": {
			"rotation": [36, 0, 0],
			"translation": [4.5, 2.75, 0]
		},
		"firstperson_lefthand": {
			"rotation": [36, 0, 0],
			"translation": [4.5, 2.75, 0]
		},
		"ground": {
			"translation": [0, 5.75, 0]
		},
		"gui": {
			"rotation": [-110, 30, 0],
			"translation": [0, -3.25, 0],
			"scale": [1.3, 1.3, 1.3]
		},
		"head": {
			"translation": [0, 15, 0],
			"scale": [2.75, 2.75, 2.75]
		},
		"fixed": {
			"rotation": [90, 90, 0],
			"translation": [0, 0, 7.5]
		}
	}
}