{
	"credit": "Made with Blockbench",
	"textures": {
		"0": "move/spookwave",
		"particle": "move/spookwave"
	},
	"elements": [
		{
			"from": [5, 2, 7],
			"to": [11, 4, 9],
			"faces": {
				"north": {"uv": [0, 0, 6, 2], "texture": "#0"},
				"east": {"uv": [0, 0, 2, 2], "texture": "#0"},
				"south": {"uv": [0, 0, 6, 2], "texture": "#0"},
				"west": {"uv": [0, 0, 2, 2], "texture": "#0"},
				"up": {"uv": [0, 0, 6, 2], "texture": "#0"},
				"down": {"uv": [0, 0, 6, 2], "texture": "#0"}
			}
		},
		{
			"from": [11, 3, 7],
			"to": [14, 5, 9],
			"faces": {
				"north": {"uv": [0, 0, 3, 2], "texture": "#0"},
				"east": {"uv": [0, 0, 2, 2], "texture": "#0"},
				"south": {"uv": [0, 0, 3, 2], "texture": "#0"},
				"west": {"uv": [0, 0, 2, 2], "texture": "#0"},
				"up": {"uv": [0, 0, 3, 2], "texture": "#0"},
				"down": {"uv": [0, 0, 3, 2], "texture": "#0"}
			}
		},
		{
			"from": [2, 3, 7],
			"to": [5, 5, 9],
			"faces": {
				"north": {"uv": [0, 0, 3, 2], "texture": "#0"},
				"east": {"uv": [0, 0, 2, 2], "texture": "#0"},
				"south": {"uv": [0, 0, 3, 2], "texture": "#0"},
				"west": {"uv": [0, 0, 2, 2], "texture": "#0"},
				"up": {"uv": [0, 0, 3, 2], "texture": "#0"},
				"down": {"uv": [0, 0, 3, 2], "texture": "#0"}
			}
		},
		{
			"from": [2, 11, 7],
			"to": [5, 13, 9],
			"faces": {
				"north": {"uv": [0, 0, 3, 2], "texture": "#0"},
				"east": {"uv": [0, 0, 2, 2], "texture": "#0"},
				"south": {"uv": [0, 0, 3, 2], "texture": "#0"},
				"west": {"uv": [0, 0, 2, 2], "texture": "#0"},
				"up": {"uv": [0, 0, 3, 2], "texture": "#0"},
				"down": {"uv": [0, 0, 3, 2], "texture": "#0"}
			}
		},
		{
			"from": [11, 11, 7],
			"to": [14, 13, 9],
			"faces": {
				"north": {"uv": [0, 0, 3, 2], "texture": "#0"},
				"east": {"uv": [0, 0, 2, 2], "texture": "#0"},
				"south": {"uv": [0, 0, 3, 2], "texture": "#0"},
				"west": {"uv": [0, 0, 2, 2], "texture": "#0"},
				"up": {"uv": [0, 0, 3, 2], "texture": "#0"},
				"down": {"uv": [0, 0, 3, 2], "texture": "#0"}
			}
		},
		{
			"from": [13, 5, 7],
			"to": [15, 11, 9],
			"faces": {
				"north": {"uv": [0, 0, 2, 6], "texture": "#0"},
				"east": {"uv": [0, 0, 2, 6], "texture": "#0"},
				"south": {"uv": [0, 0, 2, 6], "texture": "#0"},
				"west": {"uv": [0, 0, 2, 6], "texture": "#0"},
				"up": {"uv": [0, 0, 2, 2], "texture": "#0"},
				"down": {"uv": [0, 0, 2, 2], "texture": "#0"}
			}
		},
		{
			"from": [1, 5, 7],
			"to": [3, 11, 9],
			"faces": {
				"north": {"uv": [0, 0, 2, 6], "texture": "#0"},
				"east": {"uv": [0, 0, 2, 6], "texture": "#0"},
				"south": {"uv": [0, 0, 2, 6], "texture": "#0"},
				"west": {"uv": [0, 0, 2, 6], "texture": "#0"},
				"up": {"uv": [0, 0, 2, 2], "texture": "#0"},
				"down": {"uv": [0, 0, 2, 2], "texture": "#0"}
			}
		},
		{
			"from": [5, 12, 7],
			"to": [11, 14, 9],
			"faces": {
				"north": {"uv": [0, 0, 6, 2], "texture": "#0"},
				"east": {"uv": [0, 0, 2, 2], "texture": "#0"},
				"south": {"uv": [0, 0, 6, 2], "texture": "#0"},
				"west": {"uv": [0, 0, 2, 2], "texture": "#0"},
				"up": {"uv": [0, 0, 6, 2], "texture": "#0"},
				"down": {"uv": [0, 0, 6, 2], "texture": "#0"}
			}
		}
	],
	"display": {
		"thirdperson_righthand": {
			"rotation": [0, -180, 0],
			"translation": [0, 3, 0.75],
			"scale": [0.53, 0.53, 0.53]
		},
		"thirdperson_lefthand": {
			"rotation": [0, -180, 0],
			"translation": [0, 3, 0.75],
			"scale": [0.53, 0.53, 0.53]
		},
		"firstperson_righthand": {
			"rotation": [-10, 156, -13],
			"translation": [-1.75, 4.25, 2.75],
			"scale": [0.39, 0.39, 0.39]
		},
		"firstperson_lefthand": {
			"rotation": [-10, 156, -13],
			"translation": [-1.75, 4.25, 2.75],
			"scale": [0.39, 0.39, 0.39]
		},
		"ground": {
			"rotation": [90, 0, 0],
			"translation": [0, 1.75, 2]
		},
		"gui": {
			"rotation": [30, -35, -5],
			"scale": [0.91, 0.91, 0.91]
		},
		"head": {
			"translation": [0, -5.25, 0],
			"scale": [2.6, 2.6, 2.6]
		},
		"fixed": {
			"translation": [0, 0, -0.25]
		}
	}
}