{
	"credit": "Made with Blockbench",
	"textures": {
		"0": "move/ghost",
		"1": "move/ghost2",
		"particle": "move/ghost"
	},
	"elements": [
		{
			"from": [4.5, 0, 3.5],
			"to": [11.5, 16, 11.5],
			"faces": {
				"north": {"uv": [0, 0, 7, 16], "texture": "#0"},
				"east": {"uv": [8, 0, 0, 16], "texture": "#1"},
				"south": {"uv": [0, 0, 7, 16], "texture": "#0"},
				"west": {"uv": [0, 0, 8, 16], "texture": "#1"},
				"up": {"uv": [0, 0, 7, 8], "texture": "#1"}
			}
		},
		{
			"from": [3.5, 0, 4.5],
			"to": [12.5, 16, 10.5],
			"faces": {
				"north": {"uv": [7, 0, 16, 16], "texture": "#0"},
				"east": {"uv": [6, 0, 0, 16], "texture": "#0"},
				"south": {"uv": [7, 0, 16, 16], "texture": "#0"},
				"west": {"uv": [6, 0, 0, 16], "texture": "#0"},
				"up": {"uv": [0, 0, 9, 6], "texture": "#0"}
			}
		},
		{
			"from": [4.5, 16, 3.5],
			"to": [11.5, 23, 11.5],
			"faces": {
				"north": {"uv": [8, 0, 15, 7], "texture": "#1"},
				"east": {"uv": [0, 0, 8, 7], "texture": "#1"},
				"south": {"uv": [0, 0, 7, 7], "texture": "#1"},
				"west": {"uv": [0, 0, 8, 7], "texture": "#1"},
				"up": {"uv": [0, 0, 7, 8], "texture": "#1"},
				"down": {"uv": [0, 0, 7, 8], "texture": "#1"}
			}
		},
		{
			"from": [3.5, 16, 4.5],
			"to": [12.5, 23, 10.5],
			"faces": {
				"north": {"uv": [0, 0, 9, 7], "texture": "#0"},
				"east": {"uv": [0, 0, 6, 7], "texture": "#0"},
				"south": {"uv": [7, 0, 16, 7], "texture": "#0"},
				"west": {"uv": [0, 0, 6, 7], "texture": "#0"},
				"up": {"uv": [0, 0, 9, 6], "texture": "#0"},
				"down": {"uv": [0, 0, 9, 6], "texture": "#0"}
			}
		},
		{
			"from": [4.5, 23, 4.5],
			"to": [11.5, 24, 10.5],
			"faces": {
				"north": {"uv": [9, 7, 16, 8], "texture": "#0"},
				"east": {"uv": [0, 0, 6, 1], "texture": "#0"},
				"south": {"uv": [0, 0, 7, 1], "texture": "#0"},
				"west": {"uv": [0, 0, 6, 1], "texture": "#0"},
				"up": {"uv": [0, 0, 7, 6], "texture": "#0"},
				"down": {"uv": [0, 0, 7, 6], "texture": "#0"}
			}
		}
	],
	"display": {
		"thirdperson_righthand": {
			"rotation": [0, -180, 0],
			"translation": [0, -2, 2.25],
			"scale": [0, 0, 0]
		},
		"thirdperson_lefthand": {
			"rotation": [0, -180, 0],
			"translation": [0, -2, 2.25],
			"scale": [0, 0, 0]
		},
		"firstperson_righthand": {
			"rotation": [13, 125, -9],
			"translation": [-1, 2.75, 2.75],
			"scale": [0.39, 0.39, 0.39]
		},
		"firstperson_lefthand": {
			"rotation": [13, 125, -9],
			"translation": [-1, 2.75, 2.75],
			"scale": [0.39, 0.39, 0.39]
		},
		"ground": {
			"translation": [0, 5.75, 0]
		},
		"gui": {
			"rotation": [-10, 135, 52],
			"translation": [-1.25, -2, 0],
			"scale": [0.64, 0.64, 0.64]
		},
		"head": {
			"translation": [0, -25, 0],
			"scale": [2.1, 2.1, 2.1]
		},
		"fixed": {
			"rotation": [-90, 90, 0],
			"translation": [0, 0, 2.5]
		}
	}
}