{
	"credit": "Made with Blockbench",
	"texture_size": [32, 32],
	"textures": {
		"0": "move/soulless_heart2"
	},
	"elements": [
		{
			"from": [7.5, 2.5, 7],
			"to": [8.5, 9.5, 9],
			"faces": {
				"north": {"uv": [5, 10, 5.5, 13.5], "texture": "#0"},
				"east": {"uv": [0, 6, 1, 9.5], "texture": "#0"},
				"south": {"uv": [5.5, 10, 6, 13.5], "texture": "#0"},
				"west": {"uv": [6, 0, 7, 3.5], "texture": "#0"},
				"up": {"uv": [8.5, 6, 8, 5], "texture": "#0"},
				"down": {"uv": [10, 6, 9.5, 7], "texture": "#0"}
			}
		},
		{
			"from": [8.5, 3.5, 7],
			"to": [9.5, 10.5, 9],
			"faces": {
				"north": {"uv": [6, 10, 6.5, 13.5], "texture": "#0"},
				"east": {"uv": [1, 6, 2, 9.5], "texture": "#0"},
				"south": {"uv": [10, 6, 10.5, 9.5], "texture": "#0"},
				"west": {"uv": [2, 6, 3, 9.5], "texture": "#0"},
				"up": {"uv": [0.5, 12.5, 0, 11.5], "texture": "#0"},
				"down": {"uv": [1, 11.5, 0.5, 12.5], "texture": "#0"}
			}
		},
		{
			"from": [9.5, 4.5, 7],
			"to": [10.5, 10.5, 9],
			"faces": {
				"north": {"uv": [7.5, 10, 8, 13], "texture": "#0"},
				"east": {"uv": [7, 1, 8, 4], "texture": "#0"},
				"south": {"uv": [10, 9.5, 10.5, 12.5], "texture": "#0"},
				"west": {"uv": [5, 7, 6, 10], "texture": "#0"},
				"up": {"uv": [12, 2, 11.5, 1], "texture": "#0"},
				"down": {"uv": [3.5, 11.5, 3, 12.5], "texture": "#0"}
			}
		},
		{
			"from": [10.5, 5.5, 7],
			"to": [11.5, 9.5, 9],
			"faces": {
				"north": {"uv": [2, 10.5, 2.5, 12.5], "texture": "#0"},
				"east": {"uv": [8, 7, 9, 9], "texture": "#0"},
				"south": {"uv": [10.5, 2, 11, 4], "texture": "#0"},
				"west": {"uv": [8.5, 5, 9.5, 7], "texture": "#0"},
				"up": {"uv": [4, 12.5, 3.5, 11.5], "texture": "#0"},
				"down": {"uv": [4.5, 11.5, 4, 12.5], "texture": "#0"}
			}
		},
		{
			"from": [6.5, 3.5, 7],
			"to": [7.5, 10.5, 9],
			"faces": {
				"north": {"uv": [6.5, 10, 7, 13.5], "texture": "#0"},
				"east": {"uv": [3, 6, 4, 9.5], "texture": "#0"},
				"south": {"uv": [7, 10, 7.5, 13.5], "texture": "#0"},
				"west": {"uv": [4, 6, 5, 9.5], "texture": "#0"},
				"up": {"uv": [5, 12.5, 4.5, 11.5], "texture": "#0"},
				"down": {"uv": [12, 8, 11.5, 9], "texture": "#0"}
			}
		},
		{
			"from": [5.5, 4.5, 7],
			"to": [6.5, 10.5, 9],
			"faces": {
				"north": {"uv": [1, 10.5, 1.5, 13.5], "texture": "#0"},
				"east": {"uv": [6, 7, 7, 10], "texture": "#0"},
				"south": {"uv": [1.5, 10.5, 2, 13.5], "texture": "#0"},
				"west": {"uv": [7, 7, 8, 10], "texture": "#0"},
				"up": {"uv": [9, 12.5, 8.5, 11.5], "texture": "#0"},
				"down": {"uv": [9.5, 11.5, 9, 12.5], "texture": "#0"}
			}
		},
		{
			"from": [4.5, 5.5, 7],
			"to": [5.5, 9.5, 9],
			"faces": {
				"north": {"uv": [2.5, 10.5, 3, 12.5], "texture": "#0"},
				"east": {"uv": [9, 7, 10, 9], "texture": "#0"},
				"south": {"uv": [10.5, 4, 11, 6], "texture": "#0"},
				"west": {"uv": [8, 9, 9, 11], "texture": "#0"},
				"up": {"uv": [12, 10, 11.5, 9], "texture": "#0"},
				"down": {"uv": [10, 11.5, 9.5, 12.5], "texture": "#0"}
			}
		},
		{
			"from": [4.5, 5.5, 7],
			"to": [5.5, 9.5, 9],
			"faces": {
				"north": {"uv": [10.5, 6, 11, 8], "texture": "#0"},
				"east": {"uv": [9, 9, 10, 11], "texture": "#0"},
				"south": {"uv": [10.5, 8, 11, 10], "texture": "#0"},
				"west": {"uv": [0, 9.5, 1, 11.5], "texture": "#0"},
				"up": {"uv": [12, 11, 11.5, 10], "texture": "#0"},
				"down": {"uv": [11, 11.5, 10.5, 12.5], "texture": "#0"}
			}
		},
		{
			"from": [4, 6.5, 7],
			"to": [12, 8.5, 9],
			"faces": {
				"north": {"uv": [0, 4, 4, 5], "texture": "#0"},
				"east": {"uv": [10.5, 10, 11.5, 11], "texture": "#0"},
				"south": {"uv": [4, 4, 8, 5], "texture": "#0"},
				"west": {"uv": [11, 2, 12, 3], "texture": "#0"},
				"up": {"uv": [4, 6, 0, 5], "texture": "#0"},
				"down": {"uv": [8, 5, 4, 6], "texture": "#0"}
			}
		},
		{
			"from": [4.5, 6.5, 6],
			"to": [11.5, 8.5, 10],
			"faces": {
				"north": {"uv": [5, 6, 8.5, 7], "texture": "#0"},
				"east": {"uv": [1, 9.5, 3, 10.5], "texture": "#0"},
				"south": {"uv": [7, 0, 10.5, 1], "texture": "#0"},
				"west": {"uv": [9.5, 1, 11.5, 2], "texture": "#0"},
				"up": {"uv": [3.5, 2, 0, 0], "texture": "#0"},
				"down": {"uv": [3.5, 2, 0, 4], "texture": "#0"}
			}
		},
		{
			"from": [5.5, 8.5, 6],
			"to": [7.5, 9.5, 10],
			"faces": {
				"north": {"uv": [6, 3.5, 7, 4], "texture": "#0"},
				"east": {"uv": [11, 3, 13, 3.5], "texture": "#0"},
				"south": {"uv": [11, 11.5, 12, 12], "texture": "#0"},
				"west": {"uv": [11, 3.5, 13, 4], "texture": "#0"},
				"up": {"uv": [10.5, 4, 9.5, 2], "texture": "#0"},
				"down": {"uv": [4, 9.5, 3, 11.5], "texture": "#0"}
			}
		},
		{
			"from": [8.5, 8.5, 6],
			"to": [10.5, 9.5, 10],
			"faces": {
				"north": {"uv": [12, 1, 13, 1.5], "texture": "#0"},
				"east": {"uv": [11, 4, 13, 4.5], "texture": "#0"},
				"south": {"uv": [12, 1.5, 13, 2], "texture": "#0"},
				"west": {"uv": [11, 4.5, 13, 5], "texture": "#0"},
				"up": {"uv": [5, 11.5, 4, 9.5], "texture": "#0"},
				"down": {"uv": [10.5, 4, 9.5, 6], "texture": "#0"}
			}
		},
		{
			"from": [5.5, 5.5, 6],
			"to": [10.5, 6.5, 10],
			"faces": {
				"north": {"uv": [10.5, 0, 13, 0.5], "texture": "#0"},
				"east": {"uv": [11, 5, 13, 5.5], "texture": "#0"},
				"south": {"uv": [10.5, 0.5, 13, 1], "texture": "#0"},
				"west": {"uv": [11, 5.5, 13, 6], "texture": "#0"},
				"up": {"uv": [6, 2, 3.5, 0], "texture": "#0"},
				"down": {"uv": [6, 2, 3.5, 4], "texture": "#0"}
			}
		},
		{
			"from": [6.5, 4.5, 6],
			"to": [9.5, 5.5, 10],
			"faces": {
				"north": {"uv": [8.5, 11, 10, 11.5], "texture": "#0"},
				"east": {"uv": [11, 6, 13, 6.5], "texture": "#0"},
				"south": {"uv": [10.5, 11, 12, 11.5], "texture": "#0"},
				"west": {"uv": [11, 6.5, 13, 7], "texture": "#0"},
				"up": {"uv": [9.5, 3, 8, 1], "texture": "#0"},
				"down": {"uv": [9.5, 3, 8, 5], "texture": "#0"}
			}
		},
		{
			"from": [7.5, 3.5, 6],
			"to": [8.5, 4.5, 10],
			"faces": {
				"north": {"uv": [12, 2, 12.5, 2.5], "texture": "#0"},
				"east": {"uv": [11, 7, 13, 7.5], "texture": "#0"},
				"south": {"uv": [12, 2.5, 12.5, 3], "texture": "#0"},
				"west": {"uv": [11, 7.5, 13, 8], "texture": "#0"},
				"up": {"uv": [8.5, 13, 8, 11], "texture": "#0"},
				"down": {"uv": [11.5, 8, 11, 10], "texture": "#0"}
			}
		}
	],
	"display": {
		"thirdperson_righthand": {
			"translation": [0, -1.25, -0.25],
			"scale": [0.49, 0.49, 0.49]
		},
		"thirdperson_lefthand": {
			"translation": [0, -1.25, -0.25],
			"scale": [0.49, 0.49, 0.49]
		},
		"firstperson_righthand": {
			"rotation": [2, -45, 0],
			"translation": [0, 4.2, 1.13],
			"scale": [0.5, 0.5, 0.5]
		},
		"firstperson_lefthand": {
			"rotation": [2, -45, 0],
			"translation": [0, 4.2, 1.13],
			"scale": [0.5, 0.5, 0.5]
		},
		"ground": {
			"translation": [0, 5, 0],
			"scale": [0.9, 0.9, 0.9]
		},
		"gui": {
			"rotation": [15, -36, 0],
			"translation": [0, 1.25, 0],
			"scale": [0.85, 0.85, 0.85]
		},
		"head": {
			"translation": [0, -10.5, 0],
			"scale": [4, 4, 4]
		},
		"fixed": {
			"translation": [0, 2, 0]
		}
	},
	"groups": [
		{
			"name": "group",
			"origin": [0, 0, 0],
			"color": 0,
			"children": [0, 1, 2, 3, 4, 5, 6, 7, 8, 9, 10, 11, 12, 13, 14]
		}
	]
}