{
	"credit": "Made with Blockbench",
	"texture_size": [64, 64],
	"textures": {
		"0": "item/object/cannonr6",
		"particle": "item/object/cannonr6"
	},
	"elements": [
		{
			"from": [2, 1, -6],
			"to": [9, 8, 10],
			"rotation": {"angle": 0, "axis": "y", "origin": [5, 2, 8]},
			"faces": {
				"north": {"uv": [1.75, 4.5, 3.5, 6.25], "texture": "#0"},
				"east": {"uv": [4.25, 0, 8.25, 1.75], "texture": "#0"},
				"south": {"uv": [6, 6, 7.75, 7.75], "texture": "#0"},
				"west": {"uv": [4.25, 1.75, 8.25, 3.5], "texture": "#0"},
				"up": {"uv": [6, 7.5, 4.25, 3.5], "texture": "#0"},
				"down": {"uv": [1.75, 4.5, 0, 8.5], "texture": "#0"}
			}
		},
		{
			"from": [3, 8, 7],
			"to": [8, 12, 15],
			"rotation": {"angle": 0, "axis": "y", "origin": [-1, 10, 8]},
			"faces": {
				"north": {"uv": [8.25, 2, 9.5, 3], "texture": "#0"},
				"east": {"uv": [8.25, 0, 10.25, 1], "texture": "#0"},
				"south": {"uv": [1.5, 8.5, 2.75, 9.5], "texture": "#0"},
				"west": {"uv": [8.25, 1, 10.25, 2], "texture": "#0"},
				"up": {"uv": [5.5, 9.5, 4.25, 7.5], "texture": "#0"},
				"down": {"uv": [6.75, 7.75, 5.5, 9.75], "texture": "#0"}
			}
		},
		{
			"from": [12, 0, 5],
			"to": [16, 10, 8],
			"rotation": {"angle": 0, "axis": "y", "origin": [13, 0, 8]},
			"faces": {
				"north": {"uv": [7.75, 6, 8.75, 8.5], "texture": "#0"},
				"east": {"uv": [0, 8.5, 0.75, 11], "texture": "#0"},
				"south": {"uv": [6.75, 7.75, 7.75, 10.25], "texture": "#0"},
				"west": {"uv": [0.75, 8.5, 1.5, 11], "texture": "#0"},
				"up": {"uv": [3.75, 9.25, 2.75, 8.5], "texture": "#0"},
				"down": {"uv": [8.75, 8.5, 7.75, 9.25], "texture": "#0"}
			}
		},
		{
			"from": [-1, 0, 8],
			"to": [16, 9, 13],
			"rotation": {"angle": 0, "axis": "y", "origin": [0, 0, 8]},
			"faces": {
				"north": {"uv": [0, 0, 4.25, 2.25], "texture": "#0"},
				"east": {"uv": [1.75, 6.25, 3, 8.5], "texture": "#0"},
				"south": {"uv": [0, 2.25, 4.25, 4.5], "texture": "#0"},
				"west": {"uv": [3, 6.25, 4.25, 8.5], "texture": "#0"},
				"up": {"uv": [10.25, 4.75, 6, 3.5], "texture": "#0"},
				"down": {"uv": [10.25, 4.75, 6, 6], "texture": "#0"}
			}
		},
		{
			"from": [2, 1, -6],
			"to": [9, 8, 10],
			"rotation": {"angle": 0, "axis": "y", "origin": [5, 2, 8]},
			"faces": {
				"north": {"uv": [1.75, 4.5, 3.5, 6.25], "texture": "#0"},
				"east": {"uv": [4.25, 0, 8.25, 1.75], "texture": "#0"},
				"south": {"uv": [6, 6, 7.75, 7.75], "texture": "#0"},
				"west": {"uv": [4.25, 1.75, 8.25, 3.5], "texture": "#0"},
				"up": {"uv": [6, 7.5, 4.25, 3.5], "texture": "#0"},
				"down": {"uv": [1.75, 4.5, 0, 8.5], "texture": "#0"}
			}
		},
		{
			"from": [3, 8, 7],
			"to": [8, 12, 15],
			"rotation": {"angle": 0, "axis": "y", "origin": [-1, 10, 8]},
			"faces": {
				"north": {"uv": [8.25, 2, 9.5, 3], "texture": "#0"},
				"east": {"uv": [8.25, 0, 10.25, 1], "texture": "#0"},
				"south": {"uv": [1.5, 8.5, 2.75, 9.5], "texture": "#0"},
				"west": {"uv": [8.25, 1, 10.25, 2], "texture": "#0"},
				"up": {"uv": [5.5, 9.5, 4.25, 7.5], "texture": "#0"},
				"down": {"uv": [6.75, 7.75, 5.5, 9.75], "texture": "#0"}
			}
		},
		{
			"from": [12, 0, 5],
			"to": [16, 10, 8],
			"rotation": {"angle": 0, "axis": "y", "origin": [13, 0, 8]},
			"faces": {
				"north": {"uv": [7.75, 6, 8.75, 8.5], "texture": "#0"},
				"east": {"uv": [0, 8.5, 0.75, 11], "texture": "#0"},
				"south": {"uv": [6.75, 7.75, 7.75, 10.25], "texture": "#0"},
				"west": {"uv": [0.75, 8.5, 1.5, 11], "texture": "#0"},
				"up": {"uv": [3.75, 9.25, 2.75, 8.5], "texture": "#0"},
				"down": {"uv": [8.75, 8.5, 7.75, 9.25], "texture": "#0"}
			}
		},
		{
			"from": [-1, 0, 8],
			"to": [16, 9, 13],
			"rotation": {"angle": 0, "axis": "y", "origin": [0, 0, 8]},
			"faces": {
				"north": {"uv": [0, 0, 4.25, 2.25], "texture": "#0"},
				"east": {"uv": [1.75, 6.25, 3, 8.5], "texture": "#0"},
				"south": {"uv": [0, 2.25, 4.25, 4.5], "texture": "#0"},
				"west": {"uv": [3, 6.25, 4.25, 8.5], "texture": "#0"},
				"up": {"uv": [10.25, 4.75, 6, 3.5], "texture": "#0"},
				"down": {"uv": [10.25, 4.75, 6, 6], "texture": "#0"}
			}
		}
	],
	"display": {
		"thirdperson_righthand": {
			"rotation": [79, -13, 0],
			"translation": [-3.75, -1.25, 3.25],
			"scale": [0.5, 0.5, 0.5]
		},
		"thirdperson_lefthand": {
			"scale": [0, 0, 0]
		},
		"firstperson_righthand": {
			"translation": [-8.25, 2.75, -3.25],
			"scale": [1.16, 1, 1]
		},
		"firstperson_lefthand": {
			"scale": [0, 0, 0]
		},
		"ground": {
			"translation": [0, 5.75, 0],
			"scale": [0.5, 0.5, 0.5]
		},
		"gui": {
			"rotation": [0, -180, 0],
			"translation": [-0.25, 1.5, 0],
			"scale": [0.8, 0.8, 0.8]
		},
		"head": {
			"scale": [0, 0, 0]
		},
		"fixed": {
			"translation": [0, 2.25, 0]
		}
	},
	"groups": [
		{
			"name": "group",
			"origin": [0, 0, 0],
			"color": 0,
			"children": [0, 1, 2, 3]
		},
		{
			"name": "nikond850",
			"origin": [8, 8, 8],
			"color": 0,
			"children": [
				{
					"name": "group",
					"origin": [0, 0, 0],
					"color": 0,
					"children": [4, 5, 6, 7]
				}
			]
		}
	]
}