{
	"credit": "Made with Blockbench",
	"texture_size": [64, 64],
	"textures": {
		"1": "item/object/nikond850"
	},
	"elements": [
		{
			"from": [2, 1, -12],
			"to": [9, 8, 10],
			"rotation": {"angle": 0, "axis": "y", "origin": [4, 2, 8]},
			"faces": {
				"north": {"uv": [4.75, 7.25, 6.5, 9], "texture": "#1"},
				"east": {"uv": [0, 0, 5.5, 1.75], "texture": "#1"},
				"south": {"uv": [7.25, 6.25, 9, 8], "texture": "#1"},
				"west": {"uv": [0, 1.75, 5.5, 3.5], "texture": "#1"},
				"up": {"uv": [1.75, 9, 0, 3.5], "texture": "#1"},
				"down": {"uv": [3.5, 3.5, 1.75, 9], "texture": "#1"}
			}
		},
		{
			"from": [3, 8, 7],
			"to": [8, 13, 15],
			"rotation": {"angle": 0, "axis": "y", "origin": [-1, 11, 8]},
			"faces": {
				"north": {"uv": [9.25, 0, 10.5, 1.25], "texture": "#1"},
				"east": {"uv": [6.5, 8, 8.5, 9.25], "texture": "#1"},
				"south": {"uv": [9.25, 1.25, 10.5, 2.5], "texture": "#1"},
				"west": {"uv": [8.5, 3.75, 10.5, 5], "texture": "#1"},
				"up": {"uv": [9.75, 10, 8.5, 8], "texture": "#1"},
				"down": {"uv": [1.25, 9, 0, 11], "texture": "#1"}
			}
		},
		{
			"from": [11, 0, 5],
			"to": [15, 9, 8],
			"rotation": {"angle": 0, "axis": "y", "origin": [12, 0, 8]},
			"faces": {
				"north": {"uv": [1.25, 9, 2.25, 11.25], "texture": "#1"},
				"east": {"uv": [4.75, 9, 5.5, 11.25], "texture": "#1"},
				"south": {"uv": [2.25, 9, 3.25, 11.25], "texture": "#1"},
				"west": {"uv": [9, 5, 9.75, 7.25], "texture": "#1"},
				"up": {"uv": [6.5, 3.25, 5.5, 2.5], "texture": "#1"},
				"down": {"uv": [6.5, 9, 5.5, 9.75], "texture": "#1"}
			}
		},
		{
			"from": [0, 0, 8],
			"to": [15, 10, 13],
			"rotation": {"angle": 0, "axis": "y", "origin": [-1, 0, 8]},
			"faces": {
				"north": {"uv": [3.5, 3.5, 7.25, 6], "texture": "#1"},
				"east": {"uv": [3.5, 7.25, 4.75, 9.75], "texture": "#1"},
				"south": {"uv": [5.5, 0, 9.25, 2.5], "texture": "#1"},
				"west": {"uv": [7.25, 3.75, 8.5, 6.25], "texture": "#1"},
				"up": {"uv": [7.25, 7.25, 3.5, 6], "texture": "#1"},
				"down": {"uv": [11, 2.5, 7.25, 3.75], "texture": "#1"}
			}
		}
	],
	"display": {
		"thirdperson_righthand": {
			"rotation": [79, -13, 0],
			"translation": [-4, -1, 3.25],
			"scale": [0.5, 0.5, 0.5]
		},
		"thirdperson_lefthand": {
			"scale": [0, 0, 0]
		},
		"firstperson_righthand": {
			"rotation": [1, 0, 0],
			"translation": [-9.25, 3.25, -3.25],
			"scale": [1.16, 1, 1]
		},
		"firstperson_lefthand": {
			"scale": [0, 0, 0]
		},
		"ground": {
			"translation": [0, 5.75, 0],
			"scale": [0.5, 0.5, 0.5]
		},
		"gui": {
			"rotation": [0, -180, 0],
			"translation": [-0.5, 1, 0],
			"scale": [0.8, 0.8, 0.8]
		},
		"head": {
			"scale": [0, 0, 0]
		},
		"fixed": {
			"translation": [0, 2.25, 0]
		}
	},
	"groups": [
		{
			"name": "group",
			"origin": [0, 0, 0],
			"color": 0,
			"children": [0, 1, 2, 3]
		}
	]
}