{"stats":{"minecraft:killed_by":{"minecraft:witch":1},"minecraft:dropped":{"minecraft:writable_book":2},"minecraft:custom":{"minecraft:jump":209,"minecraft:open_chest":2,"minecraft:time_since_rest":356,"minecraft:deaths":1,"minecraft:damage_taken":240,"minecraft:crouch_one_cm":309,"minecraft:play_one_minute":19602,"minecraft:sprint_one_cm":31837,"minecraft:walk_on_water_one_cm":916,"minecraft:time_since_death":266,"minecraft:walk_one_cm":17051,"minecraft:sneak_time":657,"minecraft:walk_under_water_one_cm":631,"minecraft:drop":2,"minecraft:fly_one_cm":336259,"minecraft:leave_game":1},"minecraft:picked_up":{"minecraft:birch_door":1,"minecraft:writable_book":3},"minecraft:used":{"minecraft:white_wool":1,"minecraft:black_wool":2,"minecraft:writable_book":5,"minecraft:obsidian":4}},"DataVersion":2586}