{"stats":{"minecraft:mined":{"minecraft:grass_block":1},"minecraft:killed":{"minecraft:pufferfish":95},"minecraft:killed_by":{"minecraft:player":1},"minecraft:custom":{"minecraft:mob_kills":95,"minecraft:interact_with_anvil":9,"minecraft:open_barrel":7,"minecraft:play_one_minute":389608,"minecraft:leave_game":11,"minecraft:time_since_death":2400,"minecraft:damage_resisted":120,"minecraft:time_since_rest":2570,"minecraft:walk_one_cm":132410,"minecraft:sprint_one_cm":189934,"minecraft:damage_taken":904,"minecraft:damage_absorbed":160,"minecraft:damage_blocked_by_shield":305,"minecraft:drop":104,"minecraft:minecart_one_cm":330,"minecraft:damage_dealt":246,"minecraft:swim_one_cm":34042,"minecraft:talked_to_villager":12,"minecraft:fly_one_cm":1871703,"minecraft:player_kills":3,"minecraft:crouch_one_cm":12504,"minecraft:open_chest":55,"minecraft:deaths":9,"minecraft:sneak_time":10768,"minecraft:walk_under_water_one_cm":33053,"minecraft:jump":1320,"minecraft:walk_on_water_one_cm":86264,"minecraft:fall_one_cm":7496},"minecraft:picked_up":{"minecraft:wooden_axe":1,"minecraft:firework_star":1,"minecraft:splash_potion":1,"minecraft:anvil":1,"minecraft:golden_carrot":65,"minecraft:dirt":1,"minecraft:stripped_birch_log":1,"minecraft:pufferfish":58,"minecraft:oak_sign":1,"minecraft:bow":1,"minecraft:diamond_leggings":1,"minecraft:written_book":1,"minecraft:stripped_crimson_stem":1,"minecraft:stone_button":1,"minecraft:stripped_jungle_log":1,"minecraft:arrow":64,"minecraft:rotten_flesh":73,"minecraft:writable_book":3,"minecraft:diamond_axe":1,"minecraft:painting":2,"minecraft:bone_meal":7},"minecraft:used":{"minecraft:turtle_spawn_egg":9,"minecraft:dark_oak_stairs":11,"minecraft:nether_brick_wall":4,"minecraft:writable_book":19,"minecraft:redstone":6,"minecraft:oak_planks":2,"minecraft:oak_sign":3,"minecraft:shield":3,"minecraft:beacon":2,"minecraft:wooden_shovel":3,"minecraft:stripped_crimson_stem":14,"minecraft:diamond_block":46,"minecraft:dirt":2,"minecraft:sand":77,"minecraft:anvil":4,"minecraft:yellow_terracotta":113,"minecraft:white_carpet":2,"minecraft:birch_fence":26,"minecraft:oak_log":45,"minecraft:villager_spawn_egg":8,"minecraft:command_block":2,"minecraft:quartz_slab":4,"minecraft:grass_block":54,"minecraft:barrier":20,"minecraft:quartz_block":83,"minecraft:barrel":1,"minecraft:stone_bricks":228,"minecraft:item_frame":15,"minecraft:rabbit_stew":1,"minecraft:diamond_sword":5,"minecraft:cobblestone":2,"minecraft:golden_carrot":3,"minecraft:bow":6,"minecraft:pufferfish_bucket":20,"minecraft:written_book":4,"minecraft:glass_pane":4,"minecraft:turtle_egg":7,"minecraft:enchanted_golden_apple":1,"minecraft:splash_potion":81,"minecraft:beetroot_soup":1},"minecraft:dropped":{"minecraft:anvil":1,"minecraft:oak_log":2,"minecraft:crossbow":1,"minecraft:rotten_flesh":41,"minecraft:jungle_planks":1,"minecraft:bedrock":1,"minecraft:stripped_jungle_log":1,"minecraft:oak_sign":1,"minecraft:pufferfish":23,"minecraft:firework_star":14,"minecraft:stripped_crimson_stem":1,"minecraft:dark_oak_log":1,"minecraft:jungle_log":6,"minecraft:stripped_birch_log":1,"minecraft:pufferfish_bucket":4,"minecraft:writable_book":2,"minecraft:written_book":1,"minecraft:splash_potion":1,"minecraft:crimson_planks":1}},"DataVersion":2586}