{"stats":{"minecraft:used":{"minecraft:dirt":7},"minecraft:picked_up":{"minecraft:dirt":7},"minecraft:mined":{"minecraft:grass_block":1,"minecraft:dirt":6},"minecraft:custom":{"minecraft:jump":12,"minecraft:time_since_rest":23413,"minecraft:crouch_one_cm":275,"minecraft:sprint_one_cm":1801,"minecraft:play_one_minute":24988,"minecraft:leave_game":3,"minecraft:walk_one_cm":1095,"minecraft:damage_taken":250,"minecraft:time_since_death":23380,"minecraft:deaths":1,"minecraft:sneak_time":90,"minecraft:fall_one_cm":869,"minecraft:fly_one_cm":40630}},"DataVersion":2586}