{"stats":{"minecraft:killed":{"minecraft:tropical_fish":13,"minecraft:pig":2,"minecraft:villager":2},"minecraft:custom":{"minecraft:inspect_dropper":3,"minecraft:interact_with_anvil":59,"minecraft:mob_kills":18,"minecraft:interact_with_crafting_table":9,"minecraft:open_barrel":6,"minecraft:eat_cake_slice":42,"minecraft:leave_game":25,"minecraft:time_since_death":3160,"minecraft:climb_one_cm":16357,"minecraft:sprint_one_cm":1026123,"minecraft:walk_one_cm":1332086,"minecraft:drop":41,"minecraft:deaths":28,"minecraft:sneak_time":35688,"minecraft:walk_under_water_one_cm":283818,"minecraft:jump":7828,"minecraft:walk_on_water_one_cm":102360,"minecraft:play_one_minute":1661618,"minecraft:pot_flower":1,"minecraft:time_since_rest":3209,"minecraft:damage_taken":1288,"minecraft:minecart_one_cm":1148,"minecraft:damage_dealt":1050,"minecraft:swim_one_cm":145178,"minecraft:fly_one_cm":6738821,"minecraft:open_chest":209,"minecraft:crouch_one_cm":17737,"minecraft:fall_one_cm":12428,"minecraft:inspect_dispenser":2},"minecraft:picked_up":{"minecraft:wooden_axe":1,"minecraft:seagrass":1,"minecraft:birch_door":1,"minecraft:firework_star":5,"minecraft:white_carpet":26,"minecraft:item_frame":3,"minecraft:oak_sign":5,"minecraft:poppy":635,"minecraft:torch":1,"minecraft:porkchop":4,"minecraft:stone_button":4,"minecraft:redstone":18,"minecraft:stone_pressure_plate":1,"minecraft:rotten_flesh":97,"minecraft:arrow":8,"minecraft:tropical_fish":22,"minecraft:end_rod":3,"minecraft:dark_oak_button":5,"minecraft:repeater":1,"minecraft:dirt":1,"minecraft:lantern":17,"minecraft:red_carpet":232,"minecraft:cooked_porkchop":1,"minecraft:oak_pressure_plate":1,"minecraft:writable_book":5,"minecraft:bone_meal":1,"minecraft:painting":4},"minecraft:used":{"minecraft:oak_fence":215,"minecraft:peony":1,"minecraft:oak_trapdoor":54,"minecraft:petrified_oak_slab":2,"minecraft:trident":13,"minecraft:netherite_sword":19,"minecraft:jack_o_lantern":85,"minecraft:rose_bush":1,"minecraft:writable_book":14,"minecraft:iron_bars":67,"minecraft:brain_coral_fan":6,"minecraft:armor_stand":6,"minecraft:spruce_slab":97,"minecraft:dispenser":2,"minecraft:redstone":190,"minecraft:poppy":1,"minecraft:ladder":20,"minecraft:oak_sign":160,"minecraft:black_carpet":26,"minecraft:spruce_planks":76,"minecraft:chest":30,"minecraft:quartz_stairs":57,"minecraft:smooth_sandstone_stairs":4,"minecraft:orange_bed":2,"minecraft:spruce_leaves":4,"minecraft:torch":39,"minecraft:soul_sand":8,"minecraft:dirt":130,"minecraft:anvil":27,"minecraft:white_carpet":89,"minecraft:spruce_stairs":47,"minecraft:carrot":1,"minecraft:orange_wool":153,"minecraft:salmon_bucket":1,"minecraft:spruce_fence":51,"minecraft:cyan_wool":131,"minecraft:oak_fence_gate":18,"minecraft:stripped_spruce_log":34,"minecraft:milk_bucket":2,"minecraft:obsidian":35,"minecraft:birch_door":9,"minecraft:glass":181,"minecraft:dark_oak_planks":2,"minecraft:sea_lantern":39,"minecraft:netherite_shovel":20,"minecraft:bookshelf":17,"minecraft:villager_spawn_egg":3,"minecraft:red_wool":116,"minecraft:quartz_slab":3,"minecraft:lantern":17,"minecraft:grass_block":346,"minecraft:oak_stairs":52,"minecraft:quartz_block":648,"minecraft:smooth_quartz":82,"minecraft:dark_oak_button":18,"minecraft:pink_wool":188,"minecraft:barrel":9,"minecraft:stone_bricks":64,"minecraft:item_frame":61,"minecraft:bedrock":1,"minecraft:repeater":24,"minecraft:brown_carpet":3,"minecraft:birch_trapdoor":14,"minecraft:glowstone":548,"minecraft:red_carpet":4,"minecraft:redstone_lamp":16,"minecraft:bow":47,"minecraft:snow":1,"minecraft:horn_coral":1,"minecraft:iron_trapdoor":2,"minecraft:written_book":4,"minecraft:scaffolding":3,"minecraft:wolf_spawn_egg":14,"minecraft:dark_oak_pressure_plate":3,"minecraft:oak_sapling":2,"minecraft:podzol":4,"minecraft:skeleton_skull":1,"minecraft:horn_coral_block":3,"minecraft:stone_pressure_plate":58,"minecraft:turtle_egg":11,"minecraft:seagrass":10,"minecraft:horn_coral_fan":3,"minecraft:brain_coral_block":2,"minecraft:dark_oak_stairs":8,"minecraft:water_bucket":214,"minecraft:mossy_stone_bricks":12,"minecraft:diorite":3,"minecraft:end_rod":40,"minecraft:nether_brick_wall":35,"minecraft:dropper":3,"minecraft:witch_spawn_egg":55,"minecraft:lime_wool":126,"minecraft:oak_planks":1219,"minecraft:blue_wool":172,"minecraft:sandstone":156,"minecraft:redstone_block":36,"minecraft:sheep_spawn_egg":7,"minecraft:oak_leaves":173,"minecraft:white_wool":1418,"minecraft:yellow_terracotta":6,"minecraft:sand":90,"minecraft:orange_carpet":6,"minecraft:lime_terracotta":4,"minecraft:comparator":4,"minecraft:vine":21,"minecraft:oak_slab":174,"minecraft:crafting_table":6,"minecraft:light_blue_wool":194,"minecraft:campfire":2,"minecraft:white_bed":3,"minecraft:chiseled_quartz_block":10,"minecraft:stone_brick_wall":6,"minecraft:painting":158,"minecraft:cake":8,"minecraft:redstone_torch":7,"minecraft:oak_log":303,"minecraft:piston":7,"minecraft:lever":7,"minecraft:flower_pot":2,"minecraft:cornflower":1,"minecraft:black_wool":320,"minecraft:oxeye_daisy":1,"minecraft:sunflower":2,"minecraft:command_block":100,"minecraft:lime_carpet":12,"minecraft:barrier":299,"minecraft:oak_button":5,"minecraft:pig_spawn_egg":10,"minecraft:stone_button":35,"minecraft:spruce_trapdoor":79,"minecraft:oak_pressure_plate":6,"minecraft:iron_door":6,"minecraft:gravel":91,"minecraft:lilac":2,"minecraft:yellow_wool":209,"minecraft:cobblestone":3,"minecraft:potion":6,"minecraft:dead_horn_coral_fan":8,"minecraft:cooked_porkchop":2,"minecraft:dark_oak_fence":25,"minecraft:lapis_block":63,"minecraft:sandstone_slab":163,"minecraft:bucket":11,"minecraft:chain":8,"minecraft:glass_pane":16,"minecraft:sea_pickle":2,"minecraft:tropical_fish_bucket":40,"minecraft:kelp":10,"minecraft:dandelion":1,"minecraft:splash_potion":2,"minecraft:bone_meal":3,"minecraft:purple_wool":173},"minecraft:crafted":{"minecraft:leather_leggings":2,"minecraft:leather_boots":2,"minecraft:leather_helmet":1,"minecraft:leather_chestplate":2},"minecraft:dropped":{"minecraft:bread":192,"minecraft:dirt":1,"minecraft:wooden_axe":1,"minecraft:writable_book":6,"minecraft:firework_star":5,"minecraft:arrow":5,"minecraft:written_book":1}},"DataVersion":2586}