{"stats":{"minecraft:dropped":{"minecraft:writable_book":2},"minecraft:custom":{"minecraft:open_barrel":8,"minecraft:time_since_rest":16861,"minecraft:open_chest":54,"minecraft:crouch_one_cm":30022,"minecraft:play_one_minute":160483,"minecraft:deaths":32,"minecraft:sprint_one_cm":213666,"minecraft:damage_taken":13430,"minecraft:walk_one_cm":111685,"minecraft:sneak_time":9262,"minecraft:walk_under_water_one_cm":33962,"minecraft:interact_with_anvil":3,"minecraft:drop":2,"minecraft:jump":1433,"minecraft:damage_dealt":20,"minecraft:leave_game":4,"minecraft:walk_on_water_one_cm":3252,"minecraft:time_since_death":16817,"minecraft:climb_one_cm":7414,"minecraft:swim_one_cm":15635,"minecraft:fall_one_cm":162329,"minecraft:fly_one_cm":568682},"minecraft:picked_up":{"minecraft:birch_door":2,"minecraft:white_carpet":6,"minecraft:writable_book":2,"minecraft:painting":1},"minecraft:used":{"minecraft:bedrock":2,"minecraft:white_wool":60,"minecraft:snow":13,"minecraft:writable_book":18,"minecraft:bow":2,"minecraft:dirt":7,"minecraft:anvil":1,"minecraft:white_carpet":42,"minecraft:written_book":7,"minecraft:oak_slab":7,"minecraft:grass_block":2,"minecraft:light_blue_wool":81,"minecraft:barrier":71,"minecraft:oak_planks":54,"minecraft:quartz_block":134,"minecraft:blue_ice":87,"minecraft:chest":3,"minecraft:painting":27,"minecraft:obsidian":145,"minecraft:birch_door":4,"minecraft:black_wool":4}},"DataVersion":2586}