{"stats":{"minecraft:mined":{"minecraft:sea_lantern":5,"minecraft:redstone_wire":1,"minecraft:wall_torch":4},"minecraft:killed":{"minecraft:witch":3,"minecraft:pufferfish":1},"minecraft:killed_by":{"minecraft:player":5,"minecraft:witch":1,"minecraft:pufferfish":1},"minecraft:custom":{"minecraft:interact_with_anvil":5,"minecraft:mob_kills":5,"minecraft:interact_with_crafting_table":5,"minecraft:open_barrel":7,"minecraft:play_one_minute":109188,"minecraft:leave_game":5,"minecraft:time_since_death":0,"minecraft:climb_one_cm":7083,"minecraft:damage_resisted":840,"minecraft:time_since_rest":21,"minecraft:walk_one_cm":239390,"minecraft:sprint_one_cm":291210,"minecraft:damage_taken":8685,"minecraft:damage_absorbed":764,"minecraft:damage_blocked_by_shield":704,"minecraft:drop":22,"minecraft:damage_dealt":5865,"minecraft:swim_one_cm":34780,"minecraft:fly_one_cm":513292,"minecraft:player_kills":8,"minecraft:open_chest":61,"minecraft:crouch_one_cm":10639,"minecraft:deaths":40,"minecraft:sneak_time":4023,"minecraft:walk_under_water_one_cm":36612,"minecraft:jump":2088,"minecraft:walk_on_water_one_cm":15312,"minecraft:fall_one_cm":84526,"minecraft:inspect_dispenser":2},"minecraft:picked_up":{"minecraft:wooden_axe":1,"minecraft:firework_star":9,"minecraft:leather_chestplate":1,"minecraft:jungle_log":6,"minecraft:rabbit_stew":1,"minecraft:turtle_helmet":1,"minecraft:diamond_sword":2,"minecraft:potion":1,"minecraft:bedrock":1,"minecraft:oak_log":2,"minecraft:crimson_planks":1,"minecraft:beetroot_soup":1,"minecraft:leather_boots":1,"minecraft:item_frame":4,"minecraft:pufferfish":80,"minecraft:bone":1,"minecraft:apple":1,"minecraft:bow":2,"minecraft:bucket":1,"minecraft:pufferfish_bucket":1,"minecraft:written_book":1,"minecraft:enchanted_golden_apple":1281,"minecraft:glass_bottle":9,"minecraft:book":1,"minecraft:cooked_porkchop":1,"minecraft:jungle_planks":1,"minecraft:cake":1,"minecraft:dark_oak_log":1,"minecraft:prismarine_crystals":8,"minecraft:rotten_flesh":105,"minecraft:lever":3,"minecraft:painting":8,"minecraft:bone_meal":2,"minecraft:bread":1,"minecraft:cod":1},"minecraft:used":{"minecraft:water_bucket":4,"minecraft:netherite_sword":58,"minecraft:writable_book":2,"minecraft:glass_bottle":9,"minecraft:pufferfish_spawn_egg":116,"minecraft:oak_planks":2,"minecraft:chest":3,"minecraft:shield":17,"minecraft:stone":3,"minecraft:redstone_block":1,"minecraft:quartz_stairs":9,"minecraft:rotten_flesh":1,"minecraft:stripped_crimson_stem":6,"minecraft:rail":1,"minecraft:crafting_table":2,"minecraft:crossbow":10,"minecraft:wooden_axe":10,"minecraft:piston":1,"minecraft:dark_oak_planks":2,"minecraft:lever":5,"minecraft:diamond_pickaxe":5,"minecraft:sea_lantern":10,"minecraft:firework_rocket":15,"minecraft:command_block":3,"minecraft:dark_oak_slab":1,"minecraft:diamond_sword":40,"minecraft:golden_carrot":24,"minecraft:bow":142,"minecraft:pufferfish_bucket":2,"minecraft:written_book":20,"minecraft:bucket":6,"minecraft:minecart":1,"minecraft:enchanted_golden_apple":11,"minecraft:smooth_stone":7},"minecraft:crafted":{"minecraft:firework_star":1,"minecraft:firework_rocket":3},"minecraft:dropped":{"minecraft:prismarine_crystals":8,"minecraft:leather_helmet":1,"minecraft:item_frame":4,"minecraft:pufferfish":1,"minecraft:leather_chestplate":2,"minecraft:leather_boots":2,"minecraft:potion":2,"minecraft:leather_leggings":1,"minecraft:painting":2,"minecraft:bow":2,"minecraft:written_book":1,"minecraft:bucket":1}},"DataVersion":2586}