{"stats":{"minecraft:mined":{"minecraft:oak_planks":4,"minecraft:oak_log":3},"minecraft:killed":{"minecraft:pufferfish":1,"minecraft:turtle":1},"minecraft:killed_by":{"minecraft:player":8},"minecraft:custom":{"minecraft:mob_kills":2,"minecraft:interact_with_crafting_table":1,"minecraft:open_barrel":1,"minecraft:play_one_minute":312372,"minecraft:leave_game":9,"minecraft:time_since_death":2280,"minecraft:climb_one_cm":164,"minecraft:time_since_rest":2323,"minecraft:sprint_one_cm":214267,"minecraft:damage_taken":4159,"minecraft:walk_one_cm":390715,"minecraft:damage_blocked_by_shield":1585,"minecraft:drop":124,"minecraft:minecart_one_cm":1779,"minecraft:damage_dealt":1871,"minecraft:swim_one_cm":6919,"minecraft:talked_to_villager":4,"minecraft:player_kills":3,"minecraft:fly_one_cm":1854504,"minecraft:open_chest":44,"minecraft:crouch_one_cm":32500,"minecraft:deaths":10,"minecraft:sneak_time":17022,"minecraft:walk_under_water_one_cm":13702,"minecraft:jump":1309,"minecraft:walk_on_water_one_cm":64001,"minecraft:fall_one_cm":8629},"minecraft:picked_up":{"minecraft:seagrass":2,"minecraft:diamond_sword":1,"minecraft:potion":1,"minecraft:oak_log":3,"minecraft:shield":1,"minecraft:pufferfish":1,"minecraft:bow":1,"minecraft:smooth_stone":1,"minecraft:pufferfish_bucket":3,"minecraft:diamond_helmet":1,"minecraft:enchanted_golden_apple":64,"minecraft:oak_planks":4,"minecraft:redstone":1,"minecraft:rotten_flesh":12,"minecraft:arrow":1,"minecraft:diamond_chestplate":1,"minecraft:lever":2,"minecraft:diamond_boots":1,"minecraft:crossbow":1},"minecraft:used":{"minecraft:turtle_spawn_egg":1,"minecraft:oak_fence":183,"minecraft:oak_trapdoor":40,"minecraft:dark_oak_stairs":73,"minecraft:water_bucket":246,"minecraft:netherite_sword":5,"minecraft:diorite":7,"minecraft:rose_bush":32,"minecraft:dispenser":9,"minecraft:redstone":19,"minecraft:oak_planks":383,"minecraft:light_gray_carpet":54,"minecraft:shield":21,"minecraft:sandstone":818,"minecraft:stone":48,"minecraft:redstone_block":11,"minecraft:quartz_stairs":5,"minecraft:mossy_stone_brick_slab":3,"minecraft:rotten_flesh":13,"minecraft:green_terracotta":143,"minecraft:oak_leaves":499,"minecraft:white_wool":27,"minecraft:lime_terracotta":32,"minecraft:anvil":1,"minecraft:rail":5,"minecraft:crafting_table":1,"minecraft:cobblestone_wall":27,"minecraft:light_gray_terracotta":35,"minecraft:crossbow":33,"minecraft:campfire":4,"minecraft:redstone_torch":10,"minecraft:oak_log":193,"minecraft:piston":13,"minecraft:glass":31,"minecraft:dark_oak_planks":188,"minecraft:stone_brick_slab":118,"minecraft:wooden_axe":6,"minecraft:lever":8,"minecraft:black_wool":1,"minecraft:black_concrete":2,"minecraft:command_block":2,"minecraft:grass_block":59,"minecraft:barrier":4,"minecraft:quartz_block":2,"minecraft:dark_oak_slab":300,"minecraft:stone_brick_stairs":90,"minecraft:stone_bricks":1703,"minecraft:repeater":3,"minecraft:glowstone":67,"minecraft:diamond_sword":48,"minecraft:golden_carrot":18,"minecraft:redstone_lamp":11,"minecraft:lime_concrete":167,"minecraft:bow":57,"minecraft:written_book":3,"minecraft:white_stained_glass":56,"minecraft:red_banner":10,"minecraft:minecart":6,"minecraft:grass_path":1286,"minecraft:smooth_stone_slab":47,"minecraft:white_concrete":2,"minecraft:enchanted_golden_apple":2,"minecraft:smooth_stone":132,"minecraft:splash_potion":9},"minecraft:crafted":{"minecraft:oak_planks":12,"minecraft:crafting_table":1,"minecraft:stick":4,"minecraft:wooden_axe":1},"minecraft:dropped":{"minecraft:anvil":1,"minecraft:oak_trapdoor":1,"minecraft:diamond_axe":1,"minecraft:cobblestone_wall":1,"minecraft:diamond_leggings":1,"minecraft:dark_oak_slab":2,"minecraft:rotten_flesh":246,"minecraft:oak_planks":1,"minecraft:enchanted_golden_apple":1344,"minecraft:diamond_sword":2,"minecraft:shield":2,"minecraft:golden_carrot":65,"minecraft:diamond_chestplate":1,"minecraft:wooden_axe":2,"minecraft:diamond_helmet":1,"minecraft:pufferfish_bucket":3,"minecraft:diamond_boots":1,"minecraft:arrow":72,"minecraft:bow":3,"minecraft:smooth_stone":2,"minecraft:black_wool":1,"minecraft:redstone_block":1}},"DataVersion":2586}