{"stats":{"minecraft:killed_by":{"minecraft:player":3,"minecraft:skeleton":13,"minecraft:guardian":1,"minecraft:vex":2},"minecraft:killed":{"minecraft:vex":6,"minecraft:phantom":1,"minecraft:skeleton":3,"minecraft:guardian":6,"minecraft:snow_golem":1,"minecraft:sheep":1,"minecraft:zombie":18,"minecraft:player":2,"minecraft:villager":6},"minecraft:crafted":{"minecraft:jukebox":1,"minecraft:diamond":1,"minecraft:iron_boots":1,"minecraft:bow":1,"minecraft:tipped_arrow":4,"minecraft:wooden_shovel":7,"minecraft:crafting_table":4,"minecraft:spruce_planks":88,"minecraft:iron_helmet":1,"minecraft:spectral_arrow":9,"minecraft:enchanted_book":7,"minecraft:bread":1,"minecraft:air":0,"minecraft:iron_chestplate":1,"minecraft:stick":20,"minecraft:iron_ingot":27,"minecraft:snow_block":277,"minecraft:iron_leggings":6,"minecraft:shears":1},"minecraft:dropped":{"minecraft:crimson_nylium":1,"minecraft:iron_ingot":66,"minecraft:crafting_table":1,"minecraft:dripstone_block":2,"minecraft:creeper_spawn_egg":4,"minecraft:netherite_axe":1,"minecraft:golden_axe":2,"minecraft:command_block":6,"minecraft:stick":2,"minecraft:dirt":112,"minecraft:red_bed":2,"minecraft:snowball":34,"minecraft:blue_bed":1,"minecraft:snow_block":5,"minecraft:ender_eye":1,"minecraft:white_bed":1,"minecraft:tipped_arrow":1,"minecraft:spruce_planks":13,"minecraft:wooden_shovel":1,"minecraft:bow":1,"minecraft:cyan_bed":1,"minecraft:light_blue_bed":2},"minecraft:broken":{"minecraft:wooden_shovel":5,"minecraft:iron_boots":1,"minecraft:iron_chestplate":1,"minecraft:iron_leggings":1,"minecraft:golden_axe":27,"minecraft:iron_helmet":1,"minecraft:stone_shovel":3},"minecraft:picked_up":{"minecraft:iron_chestplate":1,"minecraft:crafting_table":5,"minecraft:wheat":3,"minecraft:nether_wart":171,"minecraft:wither_rose":2,"minecraft:red_bed":2,"minecraft:iron_leggings":1,"minecraft:spruce_planks":16,"minecraft:ender_eye":1,"minecraft:spruce_slab":2,"minecraft:iron_boots":1,"minecraft:tipped_arrow":1,"minecraft:stick":1,"minecraft:torch":2,"minecraft:golden_axe":5,"minecraft:trident":1,"minecraft:light_blue_bed":2,"minecraft:prismarine_crystals":1,"minecraft:stone_shovel":4,"minecraft:rotten_flesh":14,"minecraft:command_block":6,"minecraft:snowball":1154,"minecraft:cobblestone":1,"minecraft:potato":28,"minecraft:gunpowder":5,"minecraft:dirt":132,"minecraft:blue_bed":5,"minecraft:lantern":1,"minecraft:twisting_vines":8,"minecraft:leather_boots":2,"minecraft:stone_bricks":11,"minecraft:gray_carpet":105,"minecraft:creeper_spawn_egg":3,"minecraft:wheat_seeds":17,"minecraft:bell":3,"minecraft:iron_ingot":77,"minecraft:netherite_axe":1,"minecraft:iron_sword":3,"minecraft:pumpkin":1,"minecraft:dripstone_block":2,"minecraft:sand":4,"minecraft:stripped_spruce_log":1,"minecraft:spruce_sapling":3,"minecraft:white_bed":1,"minecraft:spruce_log":23,"minecraft:cyan_bed":1,"minecraft:spruce_door":2,"minecraft:leather_helmet":2,"minecraft:pumpkin_seeds":4,"minecraft:diamond":1,"minecraft:lever":1,"minecraft:writable_book":1,"minecraft:iron_helmet":1,"minecraft:oak_button":1,"minecraft:bread":21,"minecraft:crimson_nylium":1},"minecraft:mined":{"minecraft:spruce_planks":9,"minecraft:white_bed":1,"minecraft:grass_block":29,"minecraft:spruce_leaves":5,"minecraft:spawner":86,"minecraft:snow":577,"minecraft:stripped_spruce_log":1,"minecraft:pumpkin":1,"minecraft:potatoes":8,"minecraft:dirt_path":47,"minecraft:spruce_slab":2,"minecraft:red_bed":1,"minecraft:snow_block":138,"minecraft:crafting_table":5,"minecraft:blue_bed":3,"minecraft:stripped_spruce_wood":1,"minecraft:wheat":3,"minecraft:spruce_log":23,"minecraft:dirt":2},"minecraft:custom":{"minecraft:mob_kills":42,"minecraft:interact_with_anvil":2,"minecraft:interact_with_crafting_table":11,"minecraft:open_barrel":3,"minecraft:bell_ring":184,"minecraft:leave_game":16,"minecraft:time_since_death":34268,"minecraft:climb_one_cm":4352,"minecraft:sprint_one_cm":665680,"minecraft:walk_one_cm":911939,"minecraft:drop":40,"minecraft:talked_to_villager":91,"minecraft:play_time":1645413,"minecraft:deaths":58,"minecraft:sneak_time":3908,"minecraft:walk_under_water_one_cm":17430,"minecraft:jump":3792,"minecraft:walk_on_water_one_cm":18174,"minecraft:total_world_time":1651289,"minecraft:interact_with_furnace":18,"minecraft:traded_with_villager":27,"minecraft:interact_with_grindstone":2,"minecraft:time_since_rest":34297,"minecraft:damage_taken":14793,"minecraft:damage_dealt":8737,"minecraft:player_kills":2,"minecraft:swim_one_cm":2647,"minecraft:fly_one_cm":8759649,"minecraft:open_chest":27,"minecraft:crouch_one_cm":7862,"minecraft:fall_one_cm":34311},"minecraft:used":{"minecraft:netherite_sword":8,"minecraft:writable_book":2,"minecraft:carved_pumpkin":1,"minecraft:stone_shovel":430,"minecraft:ladder":13,"minecraft:polished_basalt":1,"minecraft:iron_sword":105,"minecraft:wooden_shovel":361,"minecraft:bell":7,"minecraft:structure_block":3,"minecraft:farmland":1,"minecraft:dirt":134,"minecraft:twisting_vines":1,"minecraft:glass":1,"minecraft:packed_ice":5,"minecraft:grass_block":6,"minecraft:oak_stairs":2,"minecraft:quartz_block":1,"minecraft:spawner":28,"minecraft:stone_bricks":97,"minecraft:basalt":4,"minecraft:bow":37,"minecraft:snow":4,"minecraft:written_book":1,"minecraft:observer":1,"minecraft:pumpkin":1,"minecraft:golden_axe":106,"minecraft:iron_leggings":1,"minecraft:stripped_spruce_wood":12,"minecraft:leather_leggings":1,"minecraft:damaged_anvil":1,"minecraft:dirt_path":2,"minecraft:snow_block":43,"minecraft:oak_planks":1,"minecraft:redstone_block":4,"minecraft:blue_bed":2,"minecraft:sand":139,"minecraft:crafting_table":7,"minecraft:shears":1,"minecraft:spruce_log":1,"minecraft:pumpkin_seeds":24,"minecraft:creeper_spawn_egg":203,"minecraft:lever":1,"minecraft:black_concrete":10,"minecraft:command_block":31,"minecraft:bread":5,"minecraft:barrier":182,"minecraft:oak_button":1,"minecraft:netherite_axe":35,"minecraft:stone_button":3,"minecraft:crimson_nylium":4,"minecraft:crimson_fungus":5,"minecraft:white_stained_glass":65,"minecraft:chain_command_block":61,"minecraft:white_concrete":25,"minecraft:gray_wool":41,"minecraft:bone_meal":6,"minecraft:gray_stained_glass":40}},"DataVersion":3465}