{"stats":{"minecraft:killed_by":{"minecraft:player":39,"minecraft:skeleton":15,"minecraft:guardian":1,"minecraft:vex":1},"minecraft:killed":{"minecraft:evoker":3,"minecraft:vex":10,"minecraft:skeleton":15,"minecraft:guardian":9,"minecraft:zombie":22,"minecraft:player":45,"minecraft:villager":18},"minecraft:crafted":{"minecraft:stone_shovel":2,"minecraft:furnace":1,"minecraft:stone":27,"minecraft:spruce_stairs":8,"minecraft:iron_axe":1,"minecraft:stone_pickaxe":1,"minecraft:wooden_shovel":1,"minecraft:crafting_table":4,"minecraft:spruce_planks":82,"minecraft:baked_potato":23,"minecraft:wooden_pickaxe":3,"minecraft:bucket":1,"minecraft:campfire":1,"minecraft:stone_axe":1,"minecraft:air":0,"minecraft:charcoal":1,"minecraft:stick":32,"minecraft:iron_ingot":6,"minecraft:wooden_axe":1,"minecraft:iron_shovel":1},"minecraft:dropped":{"minecraft:bread":128,"minecraft:iron_sword":1,"minecraft:repeating_command_block":1,"minecraft:golden_helmet":1,"minecraft:baked_potato":17,"minecraft:golden_axe":1,"minecraft:iron_helmet":2,"minecraft:cobblestone":64,"minecraft:elytra":1,"minecraft:stick":4,"minecraft:iron_leggings":3,"minecraft:writable_book":1,"minecraft:phantom_membrane":21,"minecraft:iron_axe":2,"minecraft:iron_boots":3,"minecraft:ender_eye":5,"minecraft:white_bed":3,"minecraft:netherite_leggings":3,"minecraft:stone":27,"minecraft:shield":4,"minecraft:trident":3,"minecraft:iron_chestplate":4,"minecraft:leather_boots":1,"minecraft:arrow":192,"minecraft:bow":1,"minecraft:wooden_pickaxe":2},"minecraft:broken":{"minecraft:stone_pickaxe":1,"minecraft:golden_axe":12,"minecraft:iron_helmet":1},"minecraft:picked_up":{"minecraft:crafting_table":5,"minecraft:wheat":3,"minecraft:wooden_pickaxe":1,"minecraft:shield":1,"minecraft:red_bed":2,"minecraft:elytra":1,"minecraft:bucket":1,"minecraft:spruce_planks":1,"minecraft:ender_eye":4,"minecraft:wooden_shovel":1,"minecraft:phantom_membrane":21,"minecraft:golden_helmet":1,"minecraft:spruce_stairs":3,"minecraft:golden_axe":1,"minecraft:diorite":2,"minecraft:trident":3,"minecraft:carrot":7,"minecraft:prismarine_crystals":1,"minecraft:arrow":6,"minecraft:repeating_command_block":1,"minecraft:cactus":22,"minecraft:cod":1,"minecraft:snowball":40,"minecraft:iron_bars":5,"minecraft:cobblestone":172,"minecraft:leather_chestplate":1,"minecraft:salmon":1,"minecraft:potato":78,"minecraft:stripped_spruce_wood":9,"minecraft:netherite_leggings":4,"minecraft:dirt":227,"minecraft:blue_bed":4,"minecraft:paper":3,"minecraft:leather_boots":1,"minecraft:bone":6,"minecraft:gray_carpet":1,"minecraft:wheat_seeds":10,"minecraft:creeper_spawn_egg":1,"minecraft:iron_sword":1,"minecraft:poisonous_potato":1,"minecraft:stripped_spruce_log":4,"minecraft:crimson_door":1,"minecraft:white_bed":6,"minecraft:spruce_log":16,"minecraft:leather_helmet":1,"minecraft:pumpkin_seeds":1,"minecraft:baked_potato":4},"minecraft:mined":{"minecraft:spruce_planks":1,"minecraft:white_bed":3,"minecraft:grass_block":145,"minecraft:spruce_leaves":5,"minecraft:spawner":51,"minecraft:carrots":2,"minecraft:snow":3,"minecraft:stripped_spruce_log":4,"minecraft:potatoes":22,"minecraft:iron_bars":4,"minecraft:dirt_path":19,"minecraft:stone":13,"minecraft:red_bed":1,"minecraft:crafting_table":4,"minecraft:cobblestone":136,"minecraft:diorite":4,"minecraft:blue_bed":3,"minecraft:spruce_stairs":1,"minecraft:stripped_spruce_wood":9,"minecraft:wheat":3,"minecraft:ice":6,"minecraft:spruce_log":16,"minecraft:grass":1,"minecraft:dirt":32},"minecraft:custom":{"minecraft:mob_kills":77,"minecraft:interact_with_anvil":2,"minecraft:interact_with_crafting_table":35,"minecraft:open_barrel":3,"minecraft:interact_with_campfire":8,"minecraft:bell_ring":8,"minecraft:leave_game":12,"minecraft:time_since_death":310,"minecraft:climb_one_cm":3063,"minecraft:damage_resisted":42,"minecraft:sprint_one_cm":714869,"minecraft:walk_one_cm":395447,"minecraft:damage_blocked_by_shield":4930,"minecraft:drop":53,"minecraft:talked_to_villager":43,"minecraft:play_time":540938,"minecraft:deaths":70,"minecraft:walk_under_water_one_cm":5473,"minecraft:sneak_time":2073,"minecraft:boat_one_cm":1061,"minecraft:jump":8278,"minecraft:interact_with_blast_furnace":1,"minecraft:walk_on_water_one_cm":1817,"minecraft:total_world_time":540938,"minecraft:interact_with_furnace":40,"minecraft:traded_with_villager":3,"minecraft:sleep_in_bed":3,"minecraft:time_since_rest":333,"minecraft:damage_taken":47761,"minecraft:damage_dealt":21912,"minecraft:swim_one_cm":2113,"minecraft:fly_one_cm":3034178,"minecraft:player_kills":45,"minecraft:open_chest":126,"minecraft:crouch_one_cm":3616,"minecraft:fall_one_cm":410668},"minecraft:used":{"minecraft:oak_fence":1,"minecraft:trident":23,"minecraft:netherite_sword":24,"minecraft:writable_book":4,"minecraft:iron_shovel":119,"minecraft:stone_shovel":45,"minecraft:spruce_planks":1,"minecraft:chest":1,"minecraft:shield":43,"minecraft:stone":38,"minecraft:iron_sword":85,"minecraft:wooden_shovel":31,"minecraft:iron_chestplate":6,"minecraft:spruce_leaves":1,"minecraft:torch":1,"minecraft:dirt":39,"minecraft:spyglass":146,"minecraft:anvil":2,"minecraft:spruce_stairs":7,"minecraft:cobblestone_wall":2,"minecraft:snowball":4,"minecraft:villager_spawn_egg":17,"minecraft:iron_axe":76,"minecraft:oak_stairs":4,"minecraft:spawner":29,"minecraft:iron_helmet":32,"minecraft:iron_boots":6,"minecraft:stone_bricks":22,"minecraft:basalt":7,"minecraft:bow":599,"minecraft:snow":42,"minecraft:written_book":2,"minecraft:furnace":1,"minecraft:golden_axe":68,"minecraft:polished_blackstone_stairs":6,"minecraft:iron_leggings":5,"minecraft:stripped_spruce_wood":1,"minecraft:water_bucket":20,"minecraft:diorite":1,"minecraft:dirt_path":2,"minecraft:snow_block":2,"minecraft:gray_carpet":5,"minecraft:stone_pickaxe":147,"minecraft:baked_potato":8,"minecraft:oak_planks":3,"minecraft:blackstone":2,"minecraft:leather_chestplate":1,"minecraft:wooden_pickaxe":15,"minecraft:redstone_block":5,"minecraft:comparator":1,"minecraft:crafting_table":7,"minecraft:oak_slab":1,"minecraft:campfire":1,"minecraft:gray_concrete":2,"minecraft:pumpkin_seeds":1,"minecraft:creeper_spawn_egg":22,"minecraft:piston":5,"minecraft:black_concrete":6,"minecraft:command_block":3,"minecraft:light_gray_concrete":1,"minecraft:bread":24,"minecraft:barrier":3,"minecraft:stone_button":1,"minecraft:leather_helmet":28,"minecraft:stone_axe":103,"minecraft:diamond_sword":52,"minecraft:cobblestone":3,"minecraft:crimson_door":8,"minecraft:bucket":22,"minecraft:ice":1,"minecraft:gray_wool":1}},"DataVersion":3465}