{"stats":{"minecraft:killed_by":{"minecraft:player":43,"minecraft:skeleton":1,"minecraft:vex":2},"minecraft:killed":{"minecraft:evoker":3,"minecraft:vex":33,"minecraft:skeleton":13,"minecraft:guardian":19,"minecraft:zombie":29,"minecraft:player":38},"minecraft:crafted":{"minecraft:stone_shovel":8,"minecraft:stone":97,"minecraft:diamond":2,"minecraft:spruce_stairs":12,"minecraft:iron_axe":1,"minecraft:stone_pickaxe":6,"minecraft:stone_hoe":4,"minecraft:wooden_shovel":5,"minecraft:crafting_table":6,"minecraft:spruce_planks":308,"minecraft:wooden_pickaxe":4,"minecraft:bucket":3,"minecraft:stone_axe":4,"minecraft:air":0,"minecraft:stick":80,"minecraft:iron_ingot":28,"minecraft:stone_sword":4,"minecraft:snow_block":6,"minecraft:iron_leggings":1},"minecraft:dropped":{"minecraft:enchanted_book":3,"minecraft:iron_ingot":12,"minecraft:bread":120,"minecraft:iron_sword":4,"minecraft:wheat_seeds":1,"minecraft:golden_helmet":1,"minecraft:diamond":1,"minecraft:golden_axe":4,"minecraft:cobblestone":64,"minecraft:elytra":1,"minecraft:pufferfish":2,"minecraft:dirt":32,"minecraft:bucket":1,"minecraft:netherite_hoe":6,"minecraft:stone_shovel":4,"minecraft:rotten_flesh":38,"minecraft:pumpkin_seeds":1,"minecraft:netherite_leggings":1,"minecraft:shield":3,"minecraft:trident":7,"minecraft:spruce_planks":7,"minecraft:leather_boots":1,"minecraft:wooden_pickaxe":1},"minecraft:broken":{"minecraft:golden_helmet":1,"minecraft:wooden_shovel":3,"minecraft:stone_pickaxe":2,"minecraft:shield":2,"minecraft:leather_boots":1,"minecraft:iron_helmet":1,"minecraft:stone_shovel":1},"minecraft:picked_up":{"minecraft:iron_chestplate":4,"minecraft:wooden_pickaxe":2,"minecraft:enchanted_book":3,"minecraft:shield":6,"minecraft:iron_axe":2,"minecraft:iron_leggings":3,"minecraft:pufferfish":2,"minecraft:spruce_planks":16,"minecraft:chest":2,"minecraft:furnace":7,"minecraft:iron_boots":3,"minecraft:stick":2,"minecraft:stone":27,"minecraft:torch":1,"minecraft:spruce_stairs":1,"minecraft:snow_block":5,"minecraft:golden_axe":1,"minecraft:diorite":5,"minecraft:prismarine_crystals":1,"minecraft:arrow":195,"minecraft:rotten_flesh":20,"minecraft:iron_bars":9,"minecraft:snowball":36,"minecraft:cobblestone":430,"minecraft:stripped_spruce_wood":27,"minecraft:dirt":529,"minecraft:blue_bed":3,"minecraft:bone":5,"minecraft:bow":2,"minecraft:wheat_seeds":1,"minecraft:iron_ingot":2,"minecraft:iron_sword":2,"minecraft:diorite_wall":1,"minecraft:sand":4,"minecraft:stripped_spruce_log":50,"minecraft:blast_furnace":1,"minecraft:white_bed":1,"minecraft:spruce_door":1,"minecraft:iron_helmet":2,"minecraft:bread":128,"minecraft:baked_potato":17,"minecraft:netherite_hoe":6},"minecraft:mined":{"minecraft:spruce_planks":3,"minecraft:grass_block":400,"minecraft:spruce_leaves":8,"minecraft:furnace":7,"minecraft:snow":35,"minecraft:stripped_spruce_log":50,"minecraft:dirt_path":7,"minecraft:iron_bars":16,"minecraft:packed_ice":2,"minecraft:torch":1,"minecraft:blast_furnace":1,"minecraft:chest":2,"minecraft:cobblestone":482,"minecraft:diorite":13,"minecraft:blue_bed":2,"minecraft:spruce_stairs":4,"minecraft:stripped_spruce_wood":27,"minecraft:ice":3,"minecraft:diorite_wall":1,"minecraft:dirt":72,"minecraft:sand":8},"minecraft:custom":{"minecraft:mob_kills":98,"minecraft:interact_with_anvil":19,"minecraft:interact_with_crafting_table":41,"minecraft:bell_ring":7,"minecraft:leave_game":8,"minecraft:time_since_death":9190,"minecraft:damage_resisted":4248,"minecraft:sprint_one_cm":764340,"minecraft:walk_one_cm":510782,"minecraft:damage_blocked_by_shield":68849,"minecraft:drop":216,"minecraft:talked_to_villager":59,"minecraft:play_time":513672,"minecraft:deaths":50,"minecraft:sneak_time":15043,"minecraft:walk_under_water_one_cm":32577,"minecraft:boat_one_cm":65519,"minecraft:jump":4333,"minecraft:interact_with_blast_furnace":1,"minecraft:walk_on_water_one_cm":12139,"minecraft:total_world_time":513672,"minecraft:interact_with_furnace":90,"minecraft:traded_with_villager":9,"minecraft:interact_with_grindstone":1,"minecraft:time_since_rest":9216,"minecraft:damage_taken":18295,"minecraft:damage_absorbed":258,"minecraft:damage_dealt":19719,"minecraft:interact_with_beacon":3,"minecraft:swim_one_cm":25992,"minecraft:fly_one_cm":2541006,"minecraft:player_kills":38,"minecraft:open_chest":53,"minecraft:crouch_one_cm":18775,"minecraft:aviate_one_cm":270421,"minecraft:fall_one_cm":42944},"minecraft:used":{"minecraft:trident":330,"minecraft:iron_bars":18,"minecraft:stone_sword":118,"minecraft:stone_shovel":252,"minecraft:spruce_planks":57,"minecraft:chest":2,"minecraft:shield":53,"minecraft:iron_sword":15,"minecraft:quartz_stairs":66,"minecraft:wooden_shovel":236,"minecraft:bell":1,"minecraft:player_head":3,"minecraft:rotten_flesh":2,"minecraft:torch":1,"minecraft:dragon_egg":1,"minecraft:dirt":57,"minecraft:spyglass":76,"minecraft:anvil":8,"minecraft:spruce_stairs":8,"minecraft:milk_bucket":2,"minecraft:bamboo_raft":3,"minecraft:sea_lantern":8,"minecraft:lava_bucket":3,"minecraft:light_gray_stained_glass":4,"minecraft:quartz_slab":7,"minecraft:iron_block":41,"minecraft:iron_axe":89,"minecraft:quartz_block":5,"minecraft:iron_helmet":1,"minecraft:item_frame":4,"minecraft:bow":553,"minecraft:snow":21,"minecraft:emerald_block":3,"minecraft:written_book":2,"minecraft:iron_trapdoor":50,"minecraft:furnace":7,"minecraft:goat_horn":13,"minecraft:white_stained_glass_pane":5,"minecraft:gold_block":40,"minecraft:skeleton_skull":1,"minecraft:enchanted_golden_apple":8,"minecraft:golden_axe":4,"minecraft:water_bucket":3,"minecraft:diorite":1,"minecraft:end_rod":31,"minecraft:wither_skeleton_skull":1,"minecraft:gray_carpet":1,"minecraft:stone_pickaxe":475,"minecraft:baked_potato":2,"minecraft:wooden_pickaxe":47,"minecraft:blue_bed":2,"minecraft:beacon":7,"minecraft:diamond_block":1,"minecraft:sand":4,"minecraft:crafting_table":5,"minecraft:blast_furnace":1,"minecraft:lightning_rod":60,"minecraft:mud":7,"minecraft:firework_rocket":26,"minecraft:bread":34,"minecraft:cherry_chest_boat":3,"minecraft:stone_axe":69,"minecraft:white_banner":17,"minecraft:cooked_porkchop":6,"minecraft:white_stained_glass":6,"minecraft:bucket":8,"minecraft:ice":1,"minecraft:experience_bottle":250,"minecraft:gray_stained_glass":1}},"DataVersion":3465}