{"stats":{"minecraft:picked_up":{"minecraft:jack_o_lantern":1},"minecraft:custom":{"minecraft:time_since_rest":61996,"minecraft:crouch_one_cm":205,"minecraft:play_time":61996,"minecraft:sprint_one_cm":2009,"minecraft:sneak_time":1106,"minecraft:walk_one_cm":15123,"minecraft:drop":1,"minecraft:jump":33,"minecraft:leave_game":3,"minecraft:time_since_death":61996,"minecraft:total_world_time":61996,"minecraft:fly_one_cm":92668},"minecraft:dropped":{"minecraft:jack_o_lantern":1},"minecraft:used":{"minecraft:jack_o_lantern":24,"minecraft:sea_lantern":22,"minecraft:diamond_block":19,"minecraft:sand":145,"minecraft:dirt_path":33,"minecraft:iron_trapdoor":1,"minecraft:quartz_slab":11,"minecraft:grass_block":47,"minecraft:quartz_block":35,"minecraft:stone":249,"minecraft:quartz_stairs":148,"minecraft:gravel":1}},"DataVersion":3465}