{"stats":{"minecraft:used":{"minecraft:stone_bricks":53,"minecraft:barrier":1,"minecraft:quartz_block":3,"minecraft:iron_leggings":1},"minecraft:custom":{"minecraft:jump":30,"minecraft:time_since_rest":9884,"minecraft:interact_with_blast_furnace":1,"minecraft:crouch_one_cm":3330,"minecraft:leave_game":1,"minecraft:sprint_one_cm":3972,"minecraft:play_time":9884,"minecraft:walk_on_water_one_cm":111,"minecraft:time_since_death":9884,"minecraft:walk_one_cm":5992,"minecraft:sneak_time":680,"minecraft:total_world_time":9884,"minecraft:walk_under_water_one_cm":819,"minecraft:fly_one_cm":175364}},"DataVersion":3465}