{"stats":{"minecraft:crafted":{"minecraft:iron_ingot":20,"minecraft:air":0},"minecraft:used":{"minecraft:music_disc_relic":1,"minecraft:netherite_sword":3,"minecraft:packed_ice":6,"minecraft:dirt_path":1,"minecraft:snow_block":2,"minecraft:command_block":2,"minecraft:light_gray_concrete":7,"minecraft:grass_block":4,"minecraft:spruce_slab":16,"minecraft:gray_carpet":1,"minecraft:barrier":20,"minecraft:ladder":6,"minecraft:spawner":1,"minecraft:stone":17,"minecraft:gray_concrete_powder":3,"minecraft:crimson_roots":5,"minecraft:quartz_stairs":1,"minecraft:farmland":1,"minecraft:structure_block":1,"minecraft:stone_bricks":5,"minecraft:warped_roots":6,"minecraft:spruce_leaves":2,"minecraft:basalt":2,"minecraft:dragon_egg":1,"minecraft:diamond_block":1,"minecraft:dirt":4,"minecraft:sand":13,"minecraft:snow":8,"minecraft:pitcher_pod":5,"minecraft:twisting_vines":5,"minecraft:phantom_spawn_egg":1,"minecraft:crimson_door":19,"minecraft:gold_block":1,"minecraft:wither_rose":6,"minecraft:sea_pickle":8,"minecraft:brush":6,"minecraft:spruce_fence":16,"minecraft:jukebox":92,"minecraft:polished_blackstone_stairs":28,"minecraft:stripped_spruce_wood":3},"minecraft:dropped":{"minecraft:command_block":1},"minecraft:killed":{"minecraft:phantom":1},"minecraft:custom":{"minecraft:time_since_rest":86984,"minecraft:sprint_one_cm":231559,"minecraft:walk_one_cm":101001,"minecraft:mob_kills":1,"minecraft:drop":1,"minecraft:damage_dealt":225,"minecraft:play_record":1,"minecraft:traded_with_villager":4,"minecraft:talked_to_villager":6,"minecraft:fly_one_cm":2937661,"minecraft:open_chest":4,"minecraft:crouch_one_cm":1062,"minecraft:play_time":430690,"minecraft:deaths":1,"minecraft:sneak_time":1548,"minecraft:jump":2607,"minecraft:leave_game":10,"minecraft:time_since_death":86983,"minecraft:walk_on_water_one_cm":132,"minecraft:total_world_time":431796,"minecraft:climb_one_cm":1053,"minecraft:fall_one_cm":967},"minecraft:picked_up":{"minecraft:nether_wart":80,"minecraft:potato":2,"minecraft:crimson_door":6,"minecraft:command_block":1,"minecraft:gray_carpet":17}},"DataVersion":3465}